id,name,label
legend_장산범,장산범,Legend
origin_한국,한국,Origin
location_도로터널,도로/터널,Location
location_산숲,산/숲,Location
countermeasure_소음소리,소음/소리,Countermeasure
source_나무위키,나무위키,Source
legend_빨간마스크,빨간 마스크,Legend
origin_기타,기타,Origin
location_학교,학교,Location
location_아파트,아파트,Location
legend_자유로귀신,자유로 귀신,Legend
legend_학교괴담,학교괴담,Legend
legend_도시전설,도시전설,Legend
location_화장실,화장실,Location
legend_분신사바,분신사바,Legend
countermeasure_부적,부적,Countermeasure
legend_나홀로숨바꼭질,나홀로 숨바꼭질,Legend
location_주거지,주거지,Location
countermeasure_소금,소금,Countermeasure
legend_구미호,구미호,Yokai
legend_도깨비,도깨비,Yokai
legend_저승사자,저승사자,Legend
legend_처녀귀신,처녀귀신,Legend
legend_손각시,손각시,Legend
legend_몽달귀신,몽달귀신,Legend
legend_삼신할머니,삼신할머니,Legend
countermeasure_붉은팥,붉은 팥,Countermeasure
legend_지박령,지박령,Legend
legend_달걀귀신,달걀귀신,Legend
legend_이무기,이무기,Yokai
legend_불가사리,불가사리,Yokai
legend_해태,해태,Yokai
legend_삼족오,삼족오,Yokai
legend_물귀신,물귀신,Legend
legend_도깨비불,도깨비불,Legend
legend_귀곡성,귀곡성,Legend
legend_구치사케온나,구치사케온나,Legend
origin_일본,일본,Origin
legend_테케테케,테케테케,Legend
legend_히토바시라,히토바시라,Legend
legend_유키온나,유키온나,Legend
legend_오니,오니,Yokai
legend_카파,카파,Yokai
legend_텐구,텐구,Yokai
legend_로쿠로쿠비,로쿠로쿠비,Legend
legend_우미보즈,우미보즈,Legend
legend_백귀야행,백귀야행,Legend
legend_유레이,유레이,Legend
legend_가샤도쿠로,가샤도쿠로,Legend
legend_후타쿠치온나,후타쿠치온나,Legend
legend_이누가미,이누가미,Legend
legend_바케네코,바케네코,Legend
legend_네코마타,네코마타,Legend
location_병원,병원,Location
legend_와뉴도,와뉴도,Legend
legend_아마비에,아마비에,Legend
legend_우시오니,우시오니,Legend
legend_자시키와라시,자시키와라시,Legend
legend_누에,누에,Legend
legend_아카나메,아카나메,Legend
legend_조로구모,조로구모,Legend
legend_이소나데,이소나데,Legend
legend_누리카베,누리카베,Legend
legend_도로타보,도로타보,Legend
legend_타누키,타누키,Legend
legend_쓰쿠모가미,쓰쿠모가미,Legend
legend_모노노케,모노노케,Legend
legend_쿠단,쿠단,Legend
legend_오바리욘,오바리욘,Legend
legend_쿠네쿠네,쿠네쿠네,Legend
legend_인면견,인면견,Legend
legend_강시,강시,Legend
origin_중국,중국,Origin
legend_종규,종규,Yokai
legend_맹파,맹파,Legend
legend_요재지이,요재지이,Legend
legend_산해경,산해경,Legend
legend_아귀,아귀,Legend
legend_염라대왕,염라대왕,Yokai
legend_천구,천구,Yokai
legend_폰티아낙,폰티아낙,Legend
legend_토욜,토욜,Legend
legend_아스왕,아스왕,Legend
origin_필리핀,필리핀,Origin
legend_왁왁,왁왁,Legend
legend_두엔데,두엔데,Legend
legend_매낙,매낙,Legend
origin_태국,태국,Origin
legend_베탈,베탈,Yokai
origin_인도,인도,Origin
legend_피샤차,피샤차,Yokai
legend_라크샤사,라크샤사,Yokai
legend_야크샤,야크샤,Yokai
legend_귀신,귀신,Legend
legend_유령,유령,Legend
legend_혼령,혼령,Legend
legend_나가,나가,Yokai
legend_가루다,가루다,Yokai
legend_예티,예티,Legend
origin_티베트네팔,티베트/네팔,Origin
legend_햐쿠모노가타리,햐쿠모노가타리,Legend
origin_한국글로벌,한국/글로벌,Origin
source_위키백과,위키백과,Source
legend_위에서와같이아래에서도,위에서와 같이 아래에서도,Legend
legend_전등신화,전등신화,Legend
legend_시베리아지옥,시베리아 지옥,Legend
legend_유령일본,유령 (일본),Legend
legend_빙의,빙의,Legend
legend_죽은인터넷이론,죽은 인터넷 이론,Legend
legend_아오키마리코현상,아오키 마리코 현상,Legend
legend_태자귀,태자귀,Legend
legend_나치의황금열차,나치의 황금열차,Legend
legend_버뮤다삼각지대,버뮤다 삼각지대,Legend
legend_존티토,존 티토,Legend
legend_스컹크유인원,스컹크 유인원,Legend
legend_루브르피라미드,루브르 피라미드,Legend
legend_구단요괴,구단 (요괴),Legend
legend_마녀,마녀,Legend
legend_존앨런쿠차제그루스,존 앨런 쿠차 제그루스,Legend
legend_작은아저씨,작은 아저씨,Legend
legend_친구의친구,친구의 친구,Legend
legend_호프다이아몬드,호프 다이아몬드,Legend
legend_코코넛에의한사망,코코넛에 의한 사망,Legend
legend_카우티핑,카우 티핑,Legend
legend_미확인동물,미확인동물,Legend
legend_백마스킹,백마스킹,Legend
legend_니드스탕,니드스탕,Legend
legend_사라진히치하이커,사라진 히치하이커,Legend
legend_폴리비우스도시전설,폴리비우스 (도시전설),Legend
legend_중국오지의달마,중국 오지의 달마,Legend
legend_터보할매,터보 할매,Legend
legend_화장실의하나코상,화장실의 하나코상,Legend
legend_미확인생물목록,미확인생물 목록,Legend
legend_모모챌린지,모모 챌린지,Legend
legend_골렘,골렘,Legend
legend_우주펜,우주펜,Legend
legend_교고쿠나쓰히코,교고쿠 나쓰히코,Legend
legend_민간어원,민간어원,Legend
legend_대왕고래소셜게임,대왕고래 (소셜 게임),Legend
legend_스너프필름,스너프 필름,Legend
legend_이코마터널,이코마 터널,Legend
legend_함의저주,함의 저주,Legend
legend_팔척님,팔척님,Legend
story_귀신이야기,귀신 이야기,Story
source_잠들수없는밤의기묘한이야기,잠들 수 없는 밤의 기묘한 이야기,Source
legend_야광귀,야광귀,Legend
legend_징크스,징크스,Legend
legend_에드워드모데이크,에드워드 모데이크,Legend
legend_크툴루,크툴루,Legend
legend_2012년종말론,2012년 종말론,Legend
legend_아인슈타인의예언,아인슈타인의 예언,Legend
legend_소니타이머,소니 타이머,Legend
legend_바나나다인,바나나다인,Legend
legend_셔크,셔크,Legend
legend_커널샌더스의저주,커널 샌더스의 저주,Legend
legend_딩고넥,딩고넥,Legend
legend_방황하는네덜란드인,방황하는 네덜란드인,Legend
legend_제보당의괴수,제보당의 괴수,Legend
legend_사메지마사건,사메지마 사건,Legend
legend_뒷좌석의살인마,뒷좌석의 살인마,Legend
legend_프로파간다두에,프로파간다 두에,Legend
legend_아이테르원소설,아이테르 (원소설),Legend
legend_추파카브라,추파카브라,Legend
legend_9번의저주,9번의 저주,Legend
legend_좀비,좀비,Legend
legend_배저배저배저,배저 배저 배저,Legend
legend_야마시타보물,야마시타 보물,Legend
legend_scp재단,SCP 재단,Legend
legend_맥도날드괴담,맥도날드 괴담,Legend
legend_디스맨,디스맨,Legend
legend_메리씨의전화,메리씨의 전화,Legend
legend_바보는감기에걸리지않는다,바보는 감기에 걸리지 않는다,Legend
legend_츠치노코,츠치노코,Legend
legend_천둥새,천둥새,Legend
legend_드로이스유인원,드 로이스 유인원,Legend
legend_일곱째아들의일곱째아들,일곱째 아들의 일곱째 아들,Legend
legend_손이그를저항한다,손이 그를 저항한다,Legend
legend_스기사와촌전설,스기사와촌 전설,Legend
legend_발람,발람,Legend
legend_폴매카트니사망설,폴 매카트니 사망설,Legend
legend_지식의저주,지식의 저주,Legend
legend_주온,주온,Legend
legend_39의저주,39의 저주,Legend
legend_카사네의늪,카사네의 늪,Legend
legend_외계인,외계인,Legend
legend_웬디고,웬디고,Legend
legend_그리스마법파피루스,그리스 마법 파피루스,Legend
legend_캔들코브,캔들 코브,Legend
legend_파라오의저주,파라오의 저주,Legend
legend_벨마녀,벨 마녀,Legend
legend_프랑켄슈타인,프랑켄슈타인,Legend
legend_드라큘라,드라큘라,Legend
legend_러시아수면실험,러시아 수면 실험,Legend
legend_엑소시스트영화,엑소시스트 (영화),Legend
legend_헤이주거우,헤이주거우,Legend
legend_오스카의저주,오스카의 저주,Legend
legend_로어도시전설,로어 (도시전설),Legend
legend_베헤모스,베헤모스,Legend
legend_올고이코르코이,올고이코르코이,Legend
legend_숨이막힌도베르만,숨이 막힌 도베르만,Legend
legend_선풍기사망설,선풍기 사망설,Legend
legend_몽스의천사,몽스의 천사,Legend
story_당신에게도일어난무서운이야기제572화고속도로,당신에게도 일어난 무서운 이야기 제572화 - 고속도로,Story
story_당신에게도일어난무서운이야기제571화훈련소초소근무,당신에게도 일어난 무서운 이야기 제571화 - 훈련소 초소근무,Story
story_당신에게도일어난무서운이야기제570화라면한그릇,당신에게도 일어난 무서운 이야기 제570화 - 라면 한 그릇,Story
story_당신에게도일어난무서운이야기제569화지하실창문,당신에게도 일어난 무서운 이야기 제569화 - 지하실 창문,Story
story_당신에게도일어난무서운이야기제568화예지몽,당신에게도 일어난 무서운 이야기 제568화 - 예지몽,Story
story_당신에게도일어난무서운이야기제567화쓸쓸한순찰,당신에게도 일어난 무서운 이야기 제567화 -  쓸쓸한 순찰,Story
story_당신에게도일어난무서운이야기제566화수상한아르바이트,당신에게도 일어난 무서운 이야기 제566화 - 수상한 아르바이트,Story
story_당신에게도일어난무서운이야기제565화숙소괴담,당신에게도 일어난 무서운 이야기 제565화 - 숙소괴담,Story
story_당신에게도일어난무서운이야기제564화도와주세요,당신에게도 일어난 무서운 이야기 제564화 - 도와주세요,Story
story_당신에게도일어난무서운이야기제563화수상한방문자,당신에게도 일어난 무서운 이야기 제563화 - 수상한 방문자,Story
story_당신에게도일어난무서운이야기제562화경남해동물귀신,당신에게도 일어난 무서운 이야기 제562화 - 경남 해동 물귀신,Story
story_당신에게도일어난무서운이야기제561화dmz괴담,당신에게도 일어난 무서운 이야기 제561화 - DMZ 괴담,Story
story_당신에게도일어난무서운이야기제560화틈새,당신에게도 일어난 무서운 이야기 제560화 - 틈새,Story
story_당신에게도일어난무서운이야기제559화귀신을부르는방법,당신에게도 일어난 무서운 이야기 제559화 - 귀신을 부르는 방법,Story
story_당신에게도일어난무서운이야기제558화빨간벽,당신에게도 일어난 무서운 이야기 제558화 - 빨간 벽,Story
story_당신에게도일어난무서운이야기제557화고모,당신에게도 일어난 무서운 이야기 제557화 - 고모,Story
story_종이학,종이학,Story
story_당신에게도일어난무서운이야기제556화홍수,당신에게도 일어난 무서운 이야기 제556화 - 홍수,Story
story_당신에게도일어난무서운이야기제555화어머니의꿈,당신에게도 일어난 무서운 이야기 제555화 - 어머니의 꿈,Story
story_당신에게도일어난무서운이야기제554화의과대학괴담,당신에게도 일어난 무서운 이야기 제554화 - 의과대학 괴담,Story
story_당신에게도일어난무서운이야기제553화노루,당신에게도 일어난 무서운 이야기 제553화 - 노루,Story
story_당신에게도일어난무서운이야기제552화독서실의주인,당신에게도 일어난 무서운 이야기 제552화 - 독서실의 주인,Story
story_당신에게도일어난무서운이야기제551화제방이생겼어요,당신에게도 일어난 무서운 이야기 제551화 - 제 방이 생겼어요,Story
story_당신에게도일어난무서운이야기제550화신내림의과정,당신에게도 일어난 무서운 이야기 제550화 - 신내림의 과정,Story
story_당신에게도일어난무서운이야기제548화방문너머소리,당신에게도 일어난 무서운 이야기 제548화 - 방문 너머 소리,Story
story_당신에게도일어난무서운이야기제549화새벽의방문자,당신에게도 일어난 무서운 이야기 제549화 - 새벽의 방문자,Story
story_당신에게도일어난무서운이야기제547화아우성,당신에게도 일어난 무서운 이야기 제547화 - 아우성,Story
story_당신에게도일어난무서운이야기제546화발자국소리,당신에게도 일어난 무서운 이야기 제546화 - 발자국 소리,Story
story_당신에게도일어난무서운이야기제545화현관문,당신에게도 일어난 무서운 이야기 제545화 - 현관문,Story
story_당신에게도일어난무서운이야기제544화가곡동용두교괴담,당신에게도 일어난 무서운 이야기 제544화 - 가곡동 용두교 괴담,Story
story_당신에게도일어난무서운이야기제543화4인기숙사,당신에게도 일어난 무서운 이야기 제543화 - 4인 기숙사,Story
story_당신에게도일어난무서운이야기제542화혼자노는아이,당신에게도 일어난 무서운 이야기 제542화 - 혼자 노는 아이,Story
story_당신에게도일어난무서운이야기제541화경주콘도에서,당신에게도 일어난 무서운 이야기 제541화 - 경주 콘도에서,Story
story_당신에게도일어난무서운이야기제540화허공에서,당신에게도 일어난 무서운 이야기 제540화 - 허공에서,Story
story_테두리없는거울계단의하나코,<테두리 없는 거울> 계단의 하나코 - 完,Story
story_테두리없는거울계단의하나코5,<테두리 없는 거울> 계단의 하나코 - 5,Story
story_테두리없는거울계단의하나코4,<테두리 없는 거울> 계단의 하나코 - 4,Story
story_테두리없는거울계단의하나코3,<테두리 없는 거울> 계단의 하나코 - 3,Story
story_테두리없는거울계단의하나코2,<테두리 없는 거울> 계단의 하나코 - 2,Story
story_테두리없는거울계단의하나코1,<테두리 없는 거울> 계단의 하나코 - 1,Story
story_테두리없는거울계단의하나코프롤로그,<테두리 없는 거울> 계단의 하나코 - 프롤로그,Story
story_당신에게도일어난무서운이야기제539화위병근무의환영,당신에게도 일어난 무서운 이야기 제539화 - 위병근무의 환영,Story
story_당신에게도일어난무서운이야기제538화행복한아주머니,당신에게도 일어난 무서운 이야기 제538화 - 행복한 아주머니,Story
story_당신에게도일어난무서운이야기제537화해군소해정괴담,당신에게도 일어난 무서운 이야기 제537화 - 해군 소해정 괴담,Story
story_당신에게도일어난무서운이야기제536화자정의방문자,당신에게도 일어난 무서운 이야기 제536화 - 자정의 방문자,Story
legend_호문클루스,호문클루스,Legend
origin_전세계전설신화,전 세계 전설/신화,Origin
location_지하심연,지하 심연,Location
location_고대제단,고대 제단,Location
location_어둠이짙은골짜기,어둠이 짙은 골짜기,Location
countermeasure_신성한성물,신성한 성물,Countermeasure
countermeasure_퇴마주술exorcism,퇴마 주술(Exorcism),Countermeasure
countermeasure_소금과성수결계,소금과 성수 결계,Countermeasure
source_wikipedia,Wikipedia,Source
legend_요괴,요괴,Legend
origin_일본민담요괴,일본 민담/요괴,Origin
location_가옥건물내부,가옥/건물 내부,Location
location_폐가,폐가,Location
location_어두운숲,어두운 숲,Location
location_묘지,묘지,Location
countermeasure_소금뿌리기,소금 뿌리기,Countermeasure
countermeasure_성수,성수,Countermeasure
countermeasure_영적정화의식,영적 정화 의식,Countermeasure
countermeasure_햇빛노출,햇빛 노출,Countermeasure
legend_저지데블,저지 데블,Legend
origin_미확인생명체크립티드,미확인 생명체 (크립티드),Origin
legend_막대광학현상,막대(광학 현상),Legend
location_고대유적지,고대 유적지,Location
location_역사의뒤안길,역사의 뒤안길,Location
location_미지의영역,미지의 영역,Location
countermeasure_고대의연금술적무기,고대의 연금술적 무기,Countermeasure
countermeasure_은silver제도구,은(Silver) 제 도구,Countermeasure
countermeasure_정직하고흔들림없는마음,정직하고 흔들림 없는 마음,Countermeasure
legend_몽골리안데스웜,몽골리안 데스웜,Legend
location_야생삼림,야생 삼림,Location
location_늪지대,늪지대,Location
location_미개척동굴,미개척 동굴,Location
location_외딴호수,외딴 호수,Location
countermeasure_강한플래시라이트눈부심,강한 플래시라이트(눈부심),Countermeasure
countermeasure_날카로운소음,날카로운 소음,Countermeasure
countermeasure_현대식중화기타격,현대식 중화기 타격,Countermeasure
legend_델리의원숭이맨,델리의 원숭이맨,Legend
legend_아마노자쿠,아마노자쿠,Legend
legend_아부라스마시,아부라스마시,Legend
location_산악길목,산악 길목,Location
location_오래된강가,오래된 강가,Location
location_시골길가,시골 길가,Location
location_버려진사찰,버려진 사찰,Location
countermeasure_전통적인액막이부적,전통적인 액막이 부적,Countermeasure
countermeasure_예의바른태도와인사,예의 바른 태도와 인사,Countermeasure
countermeasure_특정제물오이나팥떡등,특정 제물(오이나 팥떡 등),Countermeasure
legend_포포바와,포포바와,Legend
legend_일본의전설적인생물목록,일본의 전설적인 생물 목록,Legend
legend_아미키리,아미키리,Legend
legend_아카시타,아카시타,Legend
legend_아오안돈,아오안돈,Legend
legend_아즈키아라이,아즈키아라이,Legend
legend_아부라아카고,아부라아카고,Legend
origin_영적사후세계,영적/사후세계,Origin
legend_아메후리코조,아메후리코조,Legend
legend_아마자케바바아,아마자케바바아,Legend
legend_알료셴카,알료셴카,Legend
legend_아카테코민속,아카테코(민속),Legend
legend_갓파민속,갓파(민속),Legend
legend_키츠네,키츠네,Legend
legend_캣걸,캣걸,Legend
legend_히토츠메코조,히토츠메 코조,Legend
legend_지키닌키,지키닌키,Legend
legend_아이소나드,아이소나드,Legend
legend_가마이타치,가마이타치,Legend
legend_하리오나고,하리오나고,Legend
origin_일본신화,일본 신화,Origin
legend_케우케겐,케우케겐,Legend
legend_진멘주,진멘주,Legend
legend_백기야교,백기 야교,Legend
legend_가즈백기쓰레즈레부쿠로,가즈 백기 쓰레즈레 부쿠로,Legend
origin_오컬트악마학,오컬트/악마학,Origin
legend_가즈백기야교,가즈 백기 야교,Legend
legend_에혼햐쿠모노가타리,에혼햐쿠모노가타리,Legend
legend_허네온나,허네온나,Legend
legend_바산전설의새,바산(전설의 새),Legend
legend_마조쿠,마조쿠,Legend
legend_놋페라보,놋페라보,Legend
legend_오바케,오바케,Legend
legend_무지나,무지나,Legend
legend_키츠네츠키,키츠네츠키,Legend
legend_나마하게,나마하게,Legend
legend_코다마정신,코다마(정신),Legend
legend_오쿠비,오쿠비,Legend
legend_모쿠모쿠렌,모쿠모쿠렌,Legend
legend_곤약가즈조쿠햐키,곤약 가즈조쿠햐키,Legend
legend_닌교,닌교,Legend
legend_곤약백기수이,곤약백기수이,Legend
legend_악마,악마,Legend
legend_족제비,족제비,Legend
legend_누레온나,누레온나,Legend
legend_오토로시,오토로시,Legend
legend_야마우바,야마우바,Legend
origin_전설속생명체,전설 속 생명체,Origin
legend_소조보,소조보,Legend
legend_라이쥬,라이쥬,Legend
legend_쓰치구모,쓰치구모,Legend
legend_쓰치노코,쓰치노코,Legend
legend_펑허우,펑허우,Legend
origin_중국신화,중국 신화,Origin
legend_요세이,요세이,Legend
legend_우부메,우부메,Legend
legend_쓰루베오토시,쓰루베오토시,Legend
legend_완유도,완유도,Legend
legend_우완,우완,Legend
legend_사자에오니,사자에오니,Legend
legend_언데드,언데드,Legend
legend_신학적인악마의목록,신학적인 악마의 목록,Legend
legend_수르트,수르트,Legend
origin_북유럽신화,북유럽 신화,Origin
legend_울루포카,울루포카,Legend
legend_여우원숭이,여우원숭이,Legend
legend_악마의분류,악마의 분류,Legend
legend_그림자사람,그림자 사람,Legend
legend_라로그,라로그,Legend
origin_슬라브신화,슬라브 신화,Origin
legend_꼬마도깨비,꼬마 도깨비,Legend
legend_데비존스의사물함,데비 존스의 사물함,Legend
legend_사악한악마,사악한 악마,Legend
legend_랑다,랑다,Legend
legend_초론존,초론존,Legend
legend_카코데몬,카코데몬,Legend
origin_그리스신화,그리스 신화,Origin
legend_제즈베스,제즈베스,Legend
legend_대악마,대악마,Legend
legend_헬하운드,헬하운드,Legend
legend_누켈라비,누켈라비,Legend
origin_켈트신화,켈트 신화,Origin
legend_크로니,크로니,Legend
legend_드로거,드로거,Legend
legend_에인헤랴르,에인헤랴르,Legend
legend_유령의집,유령의 집,Legend
legend_이프리트,이프리트,Legend
legend_산타콤파냐,산타 콤파냐,Legend
legend_디북,디북,Legend
origin_유대교전설,유대교 전설,Origin
legend_유령축제,유령 축제,Legend
legend_에디무,에디무,Legend
legend_전자음성현상,전자 음성 현상,Legend
legend_스프라이트민속,스프라이트(민속),Legend
legend_오보보,오보보,Legend
legend_모나타오타오,모나 타오타오,Legend
legend_프레타,프레타,Legend
legend_21그램실험,21그램 실험,Legend
legend_더피,더피,Legend
legend_정신사진,정신 사진,Legend
legend_유령이나오는것으로알려진그림목록,유령이 나오는 것으로 알려진 그림 목록,Legend
legend_용,용,Legend
origin_메소포타미아신화,메소포타미아 신화,Origin
location_깊은바다,깊은 바다,Location
location_화산지대,화산 지대,Location
location_거대한동굴,거대한 동굴,Location
location_산맥정상,산맥 정상,Location
countermeasure_역린심장부근의약점타격,역린(심장 부근의 약점) 타격,Countermeasure
countermeasure_전설속영웅의무기,전설 속 영웅의 무기,Countermeasure
countermeasure_벼락과강한전류,벼락과 강한 전류,Countermeasure
legend_오랑민약,오랑민약,Legend
legend_유령사냥,유령 사냥,Legend
legend_천사,천사,Legend
legend_우로보로스,우로보로스,Legend
legend_바다뱀,바다뱀,Legend
legend_마가렛더버진,마가렛 더 버진,Legend
legend_오우거,오우거,Legend
legend_부네,부네,Legend
legend_드래곤황도대,드래곤(황도대),Legend
legend_용자리별자리,용자리(별자리),Legend
legend_라합신화,라합(신화),Legend
legend_나마즈,나마즈,Legend
legend_사라지는히치하이커,사라지는 히치하이커,Legend
legend_벨과드래곤,벨과 드래곤,Legend
legend_온료,온료,Legend
legend_완틀리의용,완틀리의 용,Legend
legend_웨스트클랜던,웨스트 클랜던,Legend
legend_괴로움,괴로움,Legend
legend_랍부,랍부,Legend
legend_여기용이있으라,여기 용이 있으라,Legend
legend_심비,심비,Legend
legend_스칼로맨스,스칼로맨스,Legend
legend_전설적인생물목록,전설적인 생물 목록,Legend
legend_슬러아,슬러아,Legend
origin_스코틀랜드민담,스코틀랜드 민담,Origin
legend_유형별전설적인생물목록,유형별 전설적인 생물 목록,Legend
legend_신화와민속에등장하는거인목록,신화와 민속에 등장하는 거인 목록,Legend
legend_사분형,사분형,Legend
legend_그리스신화에나오는생물목록,그리스 신화에 나오는 생물 목록,Legend
legend_야오과이,야오과이,Legend
legend_아르헨티나북서부지역의전설적인생물,아르헨티나 북서부 지역의 전설적인 생물,Legend
legend_늪몬스터목록,늪 몬스터 목록,Legend
legend_요위,요위,Legend
legend_피칼페리,피칼 페리,Legend
legend_소설속의서큐버스목록,소설 속의 서큐버스 목록,Legend
legend_크리스마스와겨울선물을가져오는사람목록,크리스마스와 겨울 선물을 가져오는 사람 목록,Legend
legend_변신술사목록,변신술사 목록,Legend
legend_요정으로불리는존재들의목록,요정으로 불리는 존재들의 목록,Legend
origin_잉글랜드민담,잉글랜드 민담,Origin
legend_투필라크,투필라크,Legend
legend_호수몬스터목록,호수 몬스터 목록,Legend
legend_카리브디스,카리브디스,Legend
legend_아켈로이스,아켈로이스,Legend
legend_캠프,캠프,Legend
legend_비로그,비로그,Legend
origin_아일랜드민담,아일랜드 민담,Origin
legend_아스카프로아,아스카프로아,Legend
legend_압사라,압사라,Legend
legend_아우둠블라,아우둠블라,Legend
legend_바바야가,바바 야가,Legend
legend_아자타르,아자타르,Legend
legend_베파나,베파나,Legend
legend_알코노스트,알코노스트,Legend
legend_알바스티,알 바스티,Legend
legend_알민속,알(민속),Legend
legend_콩근처,콩 근처,Legend
legend_바나나흐,바나나흐,Legend
legend_바오브쉬트,바오브쉬트,Legend
legend_반초사라야시키,반초 사라야시키,Legend
legend_아우코,아우 코,Legend
legend_알로자신화,알로자(신화),Legend
legend_아모로나구,아모로나구,Legend
legend_에키드나신화,에키드나 (신화),Legend
legend_클리오드나,클리오드나,Legend
legend_피오누알라,피오누알라,Legend
legend_호우리,호우리,Legend
legend_치와테테오,치와테테오,Legend
origin_아즈텍신화,아즈텍 신화,Origin
legend_쪼그랑할멈,쪼그랑 할멈,Legend
legend_훌더,훌더,Legend
legend_다키니,다키니,Legend
legend_젠구,젠구,Legend
legend_그윌리온,그윌리온,Legend
legend_프라우홀레,프라우 홀레,Legend
legend_하베트로트,하베트로트,Legend
legend_머리없는노새,머리 없는 노새,Legend
legend_사슴여자,사슴 여자,Legend
legend_일레,일레,Legend
legend_에이셰스,에이셰스,Legend
legend_글레이스티그,글레이스티그,Legend
legend_제니그린티스,제니 그린티스,Legend
legend_크로미온암퇘지,크로미온 암퇘지,Legend
legend_체스마이에시,체스마 이에시,Legend
legend_모르모,모르모,Legend
legend_호수의여인,호수의 여인,Legend
legend_디오메데스의암말,디오메데스의 암말,Legend
legend_라마슈투,라마슈투,Legend
legend_키키모라,키키모라,Legend
legend_파니아,파니아,Legend
legend_녹니차,녹니차,Legend
legend_메이드마리안,메이드 마리안,Legend
legend_코리간,코리간,Legend
legend_사모디바민속,사모디바(민속),Legend
legend_레라방디에르,레 라방디에르,Legend
legend_나리폰,나리폰,Legend
legend_키요히메,키요히메,Legend
legend_라우마,라우마,Legend
legend_페르히타,페르히타,Legend
legend_핀코야,핀코야,Legend
legend_leanansdhe,Leanan sídhe,Legend
legend_페그파울러,페그 파울러,Legend
legend_스킬라,스킬라,Legend
legend_흰뱀의전설,흰 뱀의 전설,Legend
legend_시무르,시무르,Legend
legend_루살카,루살카,Legend
legend_스핑크스,스핑크스,Legend
origin_이집트신화,이집트 신화,Origin
legend_셀키,셀키,Legend
legend_스트르지가,스트르지가,Legend
legend_실프,실프,Legend
legend_쉴라의공연,쉴라의 공연,Legend
legend_테닌,테닌,Legend
legend_자나,자나,Legend
legend_산지아너,산지아너,Legend
legend_스페이아내,스페이 아내,Legend
legend_시와나바,시와나바,Legend
legend_약시니,약시니,Legend
legend_물의요정,물의 요정,Legend
legend_시린,시린,Legend
legend_위트위벤,위트 위벤,Legend
legend_엑스타베이,엑스타베이,Legend
legend_마미와타,마미 와타,Legend
legend_그래애,그래애,Legend
legend_백조의처녀,백조의 처녀,Legend
legend_ystterskajsa,Ysätters-Kajsa,Legend
legend_엘로힘,엘로힘,Legend
legend_보가트,보가트,Legend
legend_사시민속,사시(민속),Legend
legend_보기맨,보기맨,Legend
legend_크리스티클리크,크리스티 클리크,Legend
legend_아지자신화,아지자(신화),Legend
legend_코코민속,코코(민속),Legend
legend_아리마스피,아리마스피,Legend
legend_보다흐,보다흐,Legend
legend_블랙아니스,블랙 아니스,Legend
legend_하나님의아들들,하나님의 아들들,Legend
legend_파찬,파찬,Legend
legend_유샤,유샤,Legend
legend_모노포드생물,모노포드(생물),Legend
legend_부굴노즈,부굴 노즈,Legend
legend_신학의천사목록,신학의 천사 목록,Legend
legend_킹쿨dc코믹스,킹 쿨(DC 코믹스),Legend
legend_거대한,거대한,Legend
legend_제누,제누,Legend
legend_천사의계층구조,천사의 계층 구조,Legend
legend_카쿠스,카쿠스,Legend
origin_로마신화,로마 신화,Origin
legend_푸카,푸카,Legend
legend_카카신화,카카(신화),Legend
legend_회색외계인,회색 외계인,Legend
legend_타라스크,타라스크,Legend
legend_고대우주비행사,고대 우주비행사,Legend
legend_여자괴물,여자 괴물,Legend
legend_도버데몬,도버 데몬,Legend
legend_노모,노모,Legend
legend_바다수도사,바다 수도사,Legend
legend_야쿠브이슬람국가,야쿠브(이슬람 국가),Legend
legend_작은녹색남자,작은 녹색 남자,Legend
legend_플랫우즈괴물,플랫우즈 괴물,Legend
legend_잔디깎는악마,잔디 깎는 악마,Legend
legend_쉘리코트,쉘리코트,Legend
legend_주교물고기,주교 물고기,Legend
legend_북유럽외계인,북유럽 외계인,Legend
legend_정령,정령,Legend
legend_악귀,악귀,Legend
legend_마에로,마에로,Legend
legend_다이트야,다이트야,Legend
legend_세인트크리스토퍼,세인트 크리스토퍼,Legend
legend_훔바바,훔바바,Legend
legend_마크로필리아,마크로필리아,Legend
legend_부라크,부라크,Legend
legend_카프레,카프레,Legend
origin_필리핀신화,필리핀 신화,Origin
legend_젤프,젤프,Legend
legend_스타카드,스타카드,Legend
legend_파타곤,파타곤,Legend
legend_퀴트미르개,퀴트미르(개),Legend
legend_파솔트,파솔트,Legend
legend_우펠루리,우펠루리,Legend
legend_솔로몬의샤미르,솔로몬의 샤미르,Legend
legend_사해유인원,사해 유인원,Legend
legend_대지의짐승,대지의 짐승,Legend
legend_펜리르,펜리르,Legend
legend_하이줌,하이줌,Legend
legend_쯔술칼루,쯔술 칼루,Legend
legend_서큐버스,서큐버스,Legend
legend_흡혈귀,흡혈귀,Legend
legend_괴물,괴물,Legend
legend_장시,장시,Legend
legend_지즈,지즈,Legend
legend_톰엄지손가락,톰 엄지손가락,Legend
legend_쉐딤,쉐딤,Legend
legend_보디아노이,보디아노이,Legend
legend_탄닌신화,탄닌(신화),Legend
legend_마치킨,마치킨,Legend
legend_브록사,브록사,Legend
legend_쿠시타카,쿠시타카,Legend
legend_아후이조틀신화,아후이조틀(신화),Legend
legend_바롱신화,바롱(신화),Legend
legend_샤라바,샤라바,Legend
legend_응구루빌루,응구루빌루,Legend
legend_헤카테,헤카테,Legend
legend_늑대인간,늑대인간,Legend
legend_바운드몬스터,바운드 몬스터,Legend
legend_탐린,탐 린,Legend
legend_게리온,게리온,Legend
legend_아이라바타,아이라바타,Legend
legend_야누스,야누스,Legend
legend_바엘악마,바엘(악마),Legend
legend_아클루트,아클루트,Legend
legend_네자,네자,Legend
legend_캅카운,캅카운,Legend
legend_뵈드바르비야르키,뵈드바르 비야르키,Legend
legend_부가네,부가네,Legend
legend_지라이야,지라이야,Legend
legend_아르고스파놉테스,아르고스 파놉테스,Legend
legend_즈메우,즈메우,Legend
legend_지트라쉬,지트라쉬,Legend
legend_바나파간,바나파간,Legend
legend_슈트리가,슈트리가,Legend
legend_버닙,버닙,Legend
legend_슬레이프니르,슬레이프니르,Legend
legend_바비바비,바비바비,Legend
legend_늪지,늪지,Legend
legend_윌오더위습,윌오더위습,Legend
legend_라바나,라바나,Legend
legend_아팔랄라,아팔랄라,Legend
legend_딥카탈로니아신화,딥(카탈로니아 신화),Legend
legend_아이트바라스,아이트바라스,Legend
legend_맨씽,맨씽,Legend
legend_세발까마귀,세발까마귀,Legend
legend_원형극장,원형극장,Legend
legend_아슈비에니아이,아슈비에니아이,Legend
legend_솔로몬그런디캐릭터,솔로몬 그런디(캐릭터),Legend
legend_뿔뱀,뿔뱀,Legend
legend_버로킷,버로킷,Legend
legend_코블린,코블린,Legend
legend_야수,야수,Legend
legend_야타가라스,야타가라스,Legend
legend_알타마하하,알타마하하,Legend
legend_구알리추,구알리추,Legend
legend_ichneumon중세동물학,Ichneumon (중세 동물학),Legend
legend_산마르틴치키,산 마르틴 치키,Legend
legend_뮤지몬,뮤지몬,Legend
legend_하드라니엘,하드라니엘,Legend
legend_마이루,마이루,Legend
legend_dideag,Dòideag,Legend
legend_llamhigynydr,Llamhigyn y Dŵr,Legend
legend_마에라사냥개,마에라(사냥개),Legend
legend_호비디던스,호비디던스,Legend
legend_마타고트,마타고트,Legend
origin_프랑스민담,프랑스 민담,Origin
legend_오세보,오세보,Legend
legend_페산타,페산타,Legend
legend_로,로,Legend
legend_기겔로룸,기겔로룸,Legend
legend_가가나,가가나,Legend
legend_민카버드,민카버드,Legend
legend_가센디에타,가센디에타,Legend
legend_오노켄타우로스,오노켄타우로스,Legend
legend_라미드레주,라미드레주,Legend
legend_모켈레음벰베,모켈레-음벰베,Legend
legend_모스맨의예언,모스맨의 예언,Legend
legend_카드보로사우루스,카드보로사우루스,Legend
legend_존킬,존 킬,Legend
legend_털을품은송어,털을 품은 송어,Legend
legend_호수괴물,호수 괴물,Legend
legend_버스코의짐승,버스코의 짐승,Legend
legend_즈부라토르,즈부라토르,Legend
legend_트라우코,트라우코,Legend
legend_이포릴,이포릴,Legend
legend_베어레이크몬스터,베어 레이크 몬스터,Legend
legend_체시바다괴물,체시(바다 괴물),Legend
legend_브로스노드래곤,브로스노 드래곤,Legend
legend_글로스터,글로스터,Legend
legend_챔프민속,챔프(민속),Legend
legend_베시호수괴물,베시 (호수 괴물),Legend
legend_바르베르크요새,바르베르크 요새,Legend
legend_인칸얌바,인칸얌바,Legend
legend_아마테라스,아마테라스,Legend
legend_셀마호수괴물,셀마 (호수 괴물),Legend
legend_벤자이텐,벤자이텐,Legend
legend_천지호괴물,천지호 괴물,Legend
legend_오고포고,오고포고,Legend
legend_폼포코,폼포코,Legend
legend_분부쿠차가마,분부쿠 차가마,Legend
legend_풍경광석늪의도마뱀남자,풍경 광석 늪의 도마뱀 남자,Legend
legend_닌자전대카쿠레인저,닌자전대 카쿠레인저,Legend
legend_후프뱀,후프 뱀,Legend
legend_동방프로젝트,동방 프로젝트,Legend
legend_카치카치야마,카치카치 야마,Legend
legend_스날리개스터,스날리개스터,Legend
legend_요괴대전쟁,요괴대전쟁,Legend
legend_일본용,일본 용,Legend
legend_에르마웹툰,에르마(웹툰),Legend
legend_키바키치,키바키치,Legend
legend_요괴몬스터,요괴 몬스터,Legend
legend_요괴도추키,요괴 도추키,Legend
legend_라리오사우로,라리오사우로,Legend
legend_야마타노오로치,야마타노오로치,Legend
legend_쿠시,쿠시,Legend
legend_아베노세이메이,아베노 세이메이,Legend
legend_배고픈유령,배고픈 유령,Legend
legend_이자나미,이자나미,Legend
legend_여우정신,여우 정신,Legend
legend_시키가미,시키가미,Legend
legend_사신,사신,Legend
legend_다이라노마사카도,다이라노 마사카도,Legend
legend_키츠네노요메이리,키츠네노 요메이리,Legend
legend_스가와라노미치자네,스가와라노 미치자네,Legend
legend_이키료,이키료,Legend
legend_쿠다기츠네,쿠다기츠네,Legend
legend_류진,류진,Legend
legend_도요타마히메,도요타마히메,Legend
legend_쿠즈류,쿠즈류,Legend
legend_미타마,미타마,Legend
legend_보탄도로,보탄도로,Legend
legend_히토다마,히토다마,Legend
legend_고르곤,고르곤,Legend
legend_워해머40000,"워해머 40,000",Legend
legend_후나유레이,후나유레이,Legend
legend_고료,고료,Legend
legend_엠푸사,엠푸사,Legend
legend_리프트롤플레잉게임,리프트(롤플레잉 게임),Legend
legend_워해머판타지설정,워해머 판타지(설정),Legend
legend_버피버스,버피버스,Legend
legend_다이마진,다이마진,Legend
legend_검은사기꾼,검은 사기꾼,Legend
legend_추렐,추렐,Legend
legend_가사오바케,가사오바케,Legend
legend_어깨천사,어깨 천사,Legend
legend_예술과대중문화속의악마,예술과 대중문화 속의 악마,Legend
legend_초친오바케,초친오바케,Legend
legend_잇탄모멘,잇탄모멘,Legend
legend_바케조리,바케조리,Legend
legend_소설속락샤사,소설 속 락샤사,Legend
legend_알라악마,알라(악마),Legend
legend_엘나다하,엘 나다하,Legend
legend_스폰캐릭터목록,스폰 캐릭터 목록,Legend
legend_아부미구치,아부미구치,Legend
legend_멀린,멀린,Legend
legend_영혼의소유,영혼의 소유,Legend
origin_아메리카원주민전설,아메리카 원주민 전설,Origin
legend_메피스토펠레스,메피스토펠레스,Legend
origin_독일민담,독일 민담,Origin
legend_요술,요술,Legend
legend_악마에대해말해보세요,악마에 대해 말해보세요,Legend
legend_아리만,아리만,Legend
legend_트로우민속,트로우(민속),Legend
legend_뱀파이어호박과수박,뱀파이어 호박과 수박,Legend
legend_사악,사악,Legend
legend_솔로몬의언약,솔로몬의 언약,Legend
legend_스멀잊혀지지않는,스멀 잊혀지지 않는,Legend
legend_솔로몬의인장,솔로몬의 인장,Legend
legend_브리콜라카스,브리콜라카스,Legend
legend_악몽,악몽,Legend
legend_캠비온,캠비온,Legend
legend_리데르크,리데르크,Legend
legend_알프민속,알프 (민속),Legend
legend_뮌헨악마마법매뉴얼,뮌헨 악마 마법 매뉴얼,Legend
legend_가룟유다,가룟 유다,Legend
legend_반시,반시,Legend
legend_죽음이그녀가되다,죽음이 그녀가 되다,Legend
legend_나이트마처,나이트마처,Legend
legend_드레카박,드레카박,Legend
legend_매니아신,매니아(신),Legend
legend_마스칼리스모스,마스칼리스모스,Legend
legend_바이콕,바이콕,Legend
legend_벨위치,벨 위치,Legend
legend_모로이,모로이,Legend
legend_루비에소유물,루비에 소유물,Legend
legend_피셔의유령,피셔의 유령,Legend
legend_사요나,사요나,Legend
legend_루던소유물,루던 소유물,Legend
legend_아그라트바트마흐랏,아그라트 바트 마흐랏,Legend
legend_올레베르크기사단,올레베르크 기사단,Legend
legend_링컨의유령,링컨의 유령,Legend
legend_오래된책,오래된 책,Legend
legend_브래들리우즈의블랙레이디,브래들리 우즈의 블랙 레이디,Legend
legend_포콩,포콩,Legend
legend_공번개,공 번개,Legend
legend_헤스달렌조명,헤스달렌 조명,Legend
legend_머시브라운뱀파이어사건,머시 브라운 뱀파이어 사건,Legend
legend_브라운마운틴라이트,브라운 마운틴 라이트,Legend
legend_baiedeschaleurs의발사선,Baie des Chaleurs의 발사선,Legend
legend_인내심의가치,인내심의 가치,Legend
legend_라이트오브사라토가,라이트 오브 사라토가,Legend
legend_부활의마리아,부활의 마리아,Legend
legend_케이티킹영혼,케이티 킹(영혼),Legend
legend_지진등,지진등,Legend
legend_케이트모건,케이트 모건,Legend
legend_몰다이어,몰 다이어,Legend
legend_그린브리어고스트,그린브리어 고스트,Legend
legend_애니팔머로즈홀의하얀마녀,애니 팔머(로즈 홀의 하얀 마녀),Legend
legend_미니키,미니 키,Legend
legend_엘리자베스폴리,엘리자베스 폴리,Legend
legend_거든라이트,거든 라이트,Legend
legend_머리없는수녀,머리 없는 수녀,Legend
legend_슬래그더미애니,슬래그 더미 애니,Legend
legend_마일링,마일링,Legend
legend_생명나무비전,생명나무 비전,Legend
legend_대중문화속의용목록,대중문화 속의 용 목록,Legend
legend_드래곤목록,드래곤 목록,Legend
legend_헌티드맨션,헌티드 맨션,Legend
legend_최소최소조명,최소 최소 조명,Legend
legend_마르파조명,마르파 조명,Legend
legend_나가불덩어리,나가 불 덩어리,Legend
legend_세인트엘모의불,세인트 엘모의 불,Legend
legend_트와일라잇존타워오브테러,트와일라잇 존 타워 오브 테러,Legend
legend_해리포터,해리포터,Legend
legend_아테노도루스가나나이트,아테노도루스 가나나이트,Legend
legend_팬텀매너,팬텀 매너,Legend
legend_다키아드라코,다키아 드라코,Legend
legend_세인트루이스라이트,세인트루이스 라이트,Legend
legend_으스스한빛,으스스한 빛,Legend
legend_울보다리,울보다리,Legend
legend_아폴로,아폴로,Legend
legend_와쿨라화산,와쿨라 화산,Legend
legend_그리스신화에나오는용,그리스 신화에 나오는 용,Legend
legend_마코라이트,마코라이트,Legend
legend_스사노오노미코토,스사노오노미코토,Legend
legend_헤라클레스,헤라클레스,Legend
legend_폴딩라이트,폴딩 라이트,Legend
legend_카드무스,카드무스,Legend
legend_인드라,인드라,Legend
legend_페르세우스,페르세우스,Legend
legend_랜슬롯,랜슬롯,Legend
legend_드래곤킹,드래곤 킹,Legend
legend_벨레스신,벨레스(신),Legend
legend_신롱,신롱,Legend
legend_천룡,천룡,Legend
legend_부탄의국기,부탄의 국기,Legend
legend_토르,토르,Legend
legend_잉룽,잉룽,Legend
legend_웨일스의국기,웨일스의 국기,Legend
legend_베오울프영웅,베오울프(영웅),Legend
legend_콘스탄티누스의투구,콘스탄티누스의 투구,Legend
legend_trilogy잉베이맘스틴의앨범,Trilogy (잉베이 맘스틴의 앨범),Legend
legend_포켓드래곤,포켓 드래곤,Legend
legend_고래신화,고래(신화),Legend
legend_도브리냐니키티치,도브리냐 니키티치,Legend
legend_요르문간드,요르문간드,Legend
legend_티아마트,티아마트,Legend
legend_부브리,부브리,Legend
legend_드래곤던전앤드래곤,드래곤(던전 앤 드래곤),Legend
legend_도바르츄,도바르츄,Legend
legend_아팡,아팡,Legend
legend_환상적입니다,환상적입니다!,Legend
legend_너커,너커,Legend
legend_드래곤데이,드래곤 데이,Legend
legend_야쿠마마,야쿠마마,Legend
legend_드래곤죽이기,드래곤 죽이기,Legend
legend_유화주의자,유화주의자,Legend
legend_암점성술,암 (점성술),Legend
legend_즈이요마루시체,즈이요마루 시체,Legend
legend_에린왕의열세번째아들,에린 왕의 열세 번째 아들,Legend
legend_스트론세이야수,스트론세이 야수,Legend
legend_드래곤시류,드래곤 시류,Legend
legend_부카박,부카박,Legend
legend_미노타우로스,미노타우로스,Legend
legend_악코로카무이,악코로카무이,Legend
legend_아브락사스,아브락사스,Legend
legend_그렌델,그렌델,Legend
legend_네스호괴물,네스호 괴물,Legend
legend_화이티리,화이티리,Legend
legend_레르네안히드라,레르네안 히드라,Legend
legend_락샤사,락샤사,Legend
legend_포나투리,포나투리,Legend
legend_켈피,켈피,Legend
legend_바다괴물,바다 괴물,Legend
legend_다이몬,다이몬,Legend
legend_스트리고이,스트리고이,Legend
legend_약샤,약샤,Legend
legend_물제왕크,물제왕크,Legend
legend_인류파지,인류파지,Legend
legend_루스카,루스카,Legend
legend_무마파두리,무마 파두리,Legend
legend_시그빈,시그빈,Legend
legend_바쿠신화,바쿠(신화),Legend
legend_케르베로스,케르베로스,Legend
legend_히포그리프,히포그리프,Legend
legend_뿔달린신,뿔 달린 신,Legend
legend_키론,키론,Legend
legend_포다지,포다지,Legend
legend_오키페테,오키페테,Legend
legend_키메라신화,키메라(신화),Legend
legend_암미트,암미트,Legend
legend_뿔달린뱀,뿔 달린 뱀,Legend
legend_재카로프,재카로프,Legend
legend_시팍틀리,시팍틀리,Legend
legend_해마신화,해마(신화),Legend
legend_독사,독사,Legend
legend_캐빗,캐빗,Legend
legend_머라이언,머라이언,Legend
legend_픽시우,픽시우,Legend
legend_피아사,피아사,Legend
legend_무슈슈슈,무슈슈슈,Legend
legend_아오아오,아오아오,Legend
legend_트롤,트롤,Legend
legend_켄타우루스,켄타우루스,Legend
legend_니드호그,니드호그,Legend
legend_목신,목신,Legend
legend_아바리몬,아바리몬,Legend
legend_파프니르,파프니르,Legend
legend_와이번,와이번,Legend
legend_타이폰,타이폰,Legend
legend_스크베이더,스크베이더,Legend
legend_울퍼팅거,울퍼팅거,Legend
legend_린드웜,린드웜,Legend
legend_천재유전자좌,천재 유전자좌,Legend
legend_하프엘프,하프 엘프,Legend
legend_닉시민속,닉시(민속),Legend
legend_시가,시가,Legend
legend_필그야,필그야,Legend
legend_틱발랑,틱발랑,Legend
legend_하밍자,하밍자,Legend
legend_날개달린유니콘,날개 달린 유니콘,Legend
legend_크로코타,크로코타,Legend
legend_퍽민속,퍽(민속),Legend
legend_요정,요정,Legend
legend_원소같은,원소 같은,Legend
legend_케일리치,케일리치,Legend
legend_이누야샤,이누야샤,Legend
legend_쿠베라,쿠베라,Legend
legend_하리티,하리티,Legend
legend_멜루진,멜루진,Legend
legend_체인질링,체인질링,Legend
legend_카토블레파스,카토블레파스,Legend
legend_인어,인어,Legend
legend_마리차,마리차,Legend
legend_바지라파니,바지라파니,Legend
legend_아이가묵사,아이가묵사,Legend
legend_이누야샤캐릭터,이누야샤(캐릭터),Legend
legend_리코,리코,Legend
legend_바이스라바나,바이스라바나,Legend
legend_간카나,간카나,Legend
legend_모리간,모리간,Legend
legend_기시민속,기시(민속),Legend
legend_판치카,판치카,Legend
legend_하피,하피,Legend
legend_아엘로,아엘로,Legend
legend_셀라에노,셀라에노,Legend
legend_모이라이,모이라이,Legend
legend_베르툼누스,베르툼누스,Legend
legend_삼중여신신이교주의,삼중 여신(신이교주의),Legend
legend_아타르가티스,아타르가티스,Legend
legend_몰티노스,몰티노스,Legend
legend_피지인어,피지 인어,Legend
legend_서쪽의사악한마녀,서쪽의 사악한 마녀,Legend
legend_동쪽의사악한마녀,동쪽의 사악한 마녀,Legend
legend_시레노멜리아,시레노멜리아,Legend
legend_몸비,몸비,Legend
legend_제니해니버,제니 해니버,Legend
legend_에우리노메오세아니아,에우리노메(오세아니아),Legend
legend_페넬로페2006년영화,페넬로페 (2006년 영화),Legend
legend_그릴라,그릴라,Legend
legend_다후트,다후트,Legend
legend_루퍼칼리아,루퍼칼리아,Legend
legend_파우스툴루스,파우스툴루스,Legend
legend_루퍼칼,루퍼칼,Legend
legend_로물루스와레무스,로물루스와 레무스,Legend
legend_팔라티노언덕,팔라티노 언덕,Legend
legend_아라파시스,아라 파시스,Legend
legend_기자의대스핑크스,기자의 대스핑크스,Legend
legend_맨티코어,맨티코어,Legend
legend_티가나,티가나,Legend
legend_라마수,라마수,Legend
legend_루살카오페라,루살카(오페라),Legend
legend_루살카소설,루살카(소설),Legend
legend_체르네보그,체르네보그,Legend
legend_메이나이트,메이 나이트,Legend
legend_이브게니,이브게니,Legend
legend_프랭크스관,프랭크스 관,Legend
legend_896스핑크스,896 스핑크스,Legend
legend_루살카dargomyzhsky,루살카(Dargomyzhsky),Legend
legend_카피톨리누스늑대,카피톨리누스 늑대,Legend
legend_사이클롭스,사이클롭스,Legend
legend_아르게스사이클롭스,아르게스(사이클롭스),Legend
legend_아카마스,아카마스,Legend
legend_크롬크루아치,크롬 크루아치,Legend
legend_웨일랜드더스미스,웨일랜드 더 스미스,Legend
legend_유니코,유니코,Legend
legend_레실피데스,레 실피데스,Legend
legend_자물쇠의강간,자물쇠의 강간,Legend
legend_라실피드,라 실피드,Legend
legend_엑스칼리버,엑스칼리버,Legend
legend_볼룬다르크비다,볼룬다르크비다,Legend
legend_거대벽돌,거대 벽돌,Legend
legend_백조의기사,백조의 기사,Legend
legend_아일랜드국왕의아들,아일랜드 국왕의 아들,Legend
legend_아리아만화,아리아(만화),Legend
legend_크럴영화,크럴(영화),Legend
legend_볼룬드의형제에길,볼룬드의 형제 에길,Legend
legend_아홉마리의공작과황금사과,아홉 마리의 공작과 황금사과,Legend
legend_세개의심장과세개의사자,세 개의 심장과 세 개의 사자,Legend
legend_코자타왕,코자타왕,Legend
legend_지옥,지옥,Legend
legend_로마의창립,로마의 창립,Legend
legend_대천사,대천사,Legend
legend_케루빔,케루빔,Legend
legend_폴리페모스,폴리페모스,Legend
legend_도미니언천사,도미니언(천사),Legend
legend_기독교의천사,기독교의 천사,Legend
legend_왕좌천사,왕좌 (천사),Legend
legend_수호천사,수호천사,Legend
legend_네피림,네피림,Legend
legend_해시말,해시말,Legend
legend_압디엘,압디엘,Legend
legend_듀라한,듀라한,Legend
legend_생물성경,생물(성경),Legend
legend_아메샤스펜타,아메샤 스펜타,Legend
legend_감시자천사,감시자(천사),Legend
legend_오파님,오파님,Legend
legend_천상의주인,천상의 주인,Legend
legend_아나니엘,아나니엘,Legend
legend_타르탈로,타르탈로,Legend
legend_아기엘,아기엘,Legend
legend_이블리스,이블리스,Legend
legend_가브리엘,가브리엘,Legend
legend_메타트론,메타트론,Legend
legend_사마엘,사마엘,Legend
legend_마스테마,마스테마,Legend
legend_라파엘대천사,라파엘(대천사),Legend
legend_엔젤모로니,엔젤 모로니,Legend
legend_미카엘대천사,미카엘(대천사),Legend
legend_아즈라엘,아즈라엘,Legend
legend_사치엘,사치엘,Legend
legend_키드르,키드르,Legend
legend_여라므엘천사장,여라므엘(천사장),Legend
legend_이스라필,이스라필,Legend
legend_두마천사,두마(천사),Legend
legend_파할리아,파할리아,Legend
legend_넬첼,넬첼,Legend
legend_쿠시엘,쿠시엘,Legend
legend_조피엘,조피엘,Legend
legend_라지엘,라지엘,Legend
legend_첫번째비전,첫 번째 비전,Legend
legend_밀비안다리전투,밀비안 다리 전투,Legend
legend_이투리엘,이투리엘,Legend
legend_천사들신세기에반게리온,천사들(신세기 에반게리온),Legend
legend_바드르전투,바드르 전투,Legend
legend_이스라엘과미라지,이스라엘과 미라지,Legend
legend_몬스의천사들,몬스의 천사들,Legend
legend_삼야자,삼야자,Legend
legend_산달폰,산달폰,Legend
legend_세라피엘,세라피엘,Legend
legend_타우시멜렉,타우시 멜렉,Legend
legend_자드키엘,자드키엘,Legend
legend_노크신사,노크신사,Legend
legend_가라반달발현,가라반달 발현,Legend
legend_제폰천사,제폰(천사),Legend
legend_야호엘,야호엘,Legend
legend_조셉스미스의초기생애,조셉 스미스의 초기 생애,Legend
legend_크루예공성전1450년,크루예 공성전(1450년),Legend
legend_셀라피엘,셀라피엘,Legend
legend_쑥성경,쑥 (성경),Legend
legend_크루예공성전14661467,크루예 공성전(1466~1467),Legend
legend_마리아의탄생,마리아의 탄생,Legend
legend_천국과지옥스웨덴보르책,천국과 지옥 (스웨덴보르 책),Legend
legend_예술속의천사들,예술 속의 천사들,Legend
legend_엔젤마돈나노래,엔젤(마돈나 노래),Legend
legend_목자들의경배엘그레코마드리드,"목자들의 경배(엘 그레코, 마드리드)",Legend
legend_신의섭리와바르베리니의힘에대한우화,신의 섭리와 바르베리니의 힘에 대한 우화,Legend
legend_핀머리위에서몇명의천사가춤을출수있나요,핀 머리 위에서 몇 명의 천사가 춤을 출 수 있나요?,Legend
legend_무함마드의타이프방문,무함마드의 타이프 방문,Legend
legend_정원에서의고뇌벨리니,정원에서의 고뇌(벨리니),Legend
legend_동방박사의경배만테냐,동방박사의 경배(만테냐),Legend
legend_안젤루스노부스,안젤루스 노부스,Legend
legend_무함마드의첫번째계시,무함마드의 첫 번째 계시,Legend
legend_레이크랜드리바이벌,레이크랜드 리바이벌,Legend
legend_호메로스의신격화앵그르,호메로스의 신격화(앵그르),Legend
legend_그리스도의재림과승리,그리스도의 재림과 승리,Legend
legend_좋은정부와나쁜정부의비유,좋은 정부와 나쁜 정부의 비유,Legend
legend_미늘창의제단화,미늘창의 제단화,Legend
legend_알바니토를로니아폴립티크,알바니 토를로니아 폴립티크,Legend
legend_두아마르습격,두 아마르 습격,Legend
legend_정원에서의고뇌페루지노,정원에서의 고뇌 (페루지노),Legend
legend_czstochowa의검은마돈나,Częstochowa의 검은 마돈나,Legend
legend_badgirl마돈나의노래,Bad Girl (마돈나의 노래),Legend
legend_아칸소의인장,아칸소의 인장,Legend
legend_성모승천루벤스앤트워프,"성모승천(루벤스, 앤트워프)",Legend
legend_성모승천안니발레카라치마드리드,"성모승천(안니발레 카라치, 마드리드)",Legend
legend_바론치제단화,바론치 제단화,Legend
legend_축복받은자의승천,축복받은 자의 승천,Legend
legend_동정녀승천코레조,동정녀 승천(코레조),Legend
legend_성모승천엘그레코,성모 승천(엘 그레코),Legend
legend_오르가스백작의매장,오르가스 백작의 매장,Legend
legend_그리스도의세례피에로델라프란체스카,그리스도의 세례(피에로 델라 프란체스카),Legend
legend_동정녀승천티치아노,동정녀 승천(티치아노),Legend
legend_축복받은다모젤,축복받은 다모젤,Legend
legend_본제단화,본 제단화,Legend
legend_카메라델리스포시,카메라 델리 스포시,Legend
legend_성모승천보티치니,성모승천(보티치니),Legend
legend_그리스도의세례로마페루지노,그리스도의 세례(로마 페루지노),Legend
legend_네천사사이의그리스도,네 천사 사이의 그리스도,Legend
legend_성미니아스와성줄리안사이의성모승천,성 미니아스와 성 줄리안 사이의 성모 승천,Legend
legend_추기경과신학적미덕라파엘로,추기경과 신학적 미덕(라파엘로),Legend
legend_에덴동산에서추방,에덴동산에서 추방,Legend
legend_성찬에대한논쟁,성찬에 대한 논쟁,Legend
legend_세상의창조라파엘,세상의 창조(라파엘),Legend
legend_그리스도의증언프라안젤리코,그리스도의 증언(프라 안젤리코),Legend
legend_유기자의죽음,유기자의 죽음,Legend
legend_죽음과구두쇠,죽음과 구두쇠,Legend
legend_죽은그리스도팔메자노,죽은 그리스도(팔메자노),Legend
legend_십자가형벨리니,십자가형(벨리니),Legend
legend_에스겔의환상라파엘,에스겔의 환상(라파엘),Legend
legend_신성한보좌앞에면류관을던지는이십사장로,신성한 보좌 앞에 면류관을 던지는 이십사 장로,Legend
legend_이집트로의피신푸생,이집트로의 피신(푸생),Legend
legend_교육치텐든기념창구,교육(치텐든 기념 창구),Legend
legend_피에솔레제단화,피에솔레 제단화,Legend
legend_단테의꿈,단테의 꿈,Legend
legend_성세실리아의황홀경,성 세실리아의 황홀경,Legend
legend_시내산에서하산시스티나성당,시내산에서 하산(시스티나 성당),Legend
legend_이스트만기념비,이스트만 기념비,Legend
legend_묵주기도축일,묵주기도 축일,Legend
legend_꽃의책에드워드번존스,꽃의 책(에드워드 번존스),Legend
legend_동정녀의죽음반데르고스,동정녀의 죽음(반데르고스),Legend
legend_겐트제단화,겐트 제단화,Legend
legend_심판타로카드,심판(타로카드),Legend
legend_야곱의꿈,야곱의 꿈,Legend
legend_애도그리스도의애도,애도(그리스도의 애도),Legend
legend_그리스도탄생의아침에대한윌리엄블레이크의삽화,그리스도 탄생의 아침에 대한 윌리엄 블레이크의 삽화,Legend
legend_헤이웨인삼부작,헤이웨인 삼부작,Legend
legend_프란치스코1세의성가정,프란치스코 1세의 성가정,Legend
legend_성마태의영감,성 마태의 영감,Legend
legend_williamblake의실낙원삽화,William Blake의 실낙원 삽화,Legend
legend_윌리엄블레이크의욥기삽화,윌리엄 블레이크의 욥기 삽화,Legend
legend_성제롬필리포리피의장례식,성 제롬(필리포 리피)의 장례식,Legend
legend_구알리노마돈나,구알리노 마돈나,Legend
legend_남자,남자.,Legend
legend_그래보우제단화,그래보우 제단화,Legend
legend_무염시태zurbarn,무염시태(Zurbarán),Legend
legend_최후의심판마틴그림,최후의 심판(마틴 그림),Legend
legend_동정녀의영광,동정녀의 영광,Legend
legend_선한사마리아인의창샤르트르대성당,"선한 사마리아인의 창, 샤르트르 대성당",Legend
legend_연인들,연인들,Legend
legend_그리스도의애도안토니반다이크알테피나코텍,"그리스도의 애도(안토니 반 다이크, 알테 피나코텍)",Legend
legend_폴리뇨의마돈나,폴리뇨의 마돈나,Legend
legend_마돈나와성인들과함께왕좌에앉은아기라파엘로,마돈나와 성인들과 함께 왕좌에 앉은 아기(라파엘로),Legend
legend_최후의심판로크너,최후의 심판(로크너),Legend
legend_목이긴마돈나,목이 긴 마돈나,Legend
legend_세라핌과함께영광을누리는마돈나보티첼리,세라핌과 함께 영광을 누리는 마돈나(보티첼리),Legend
legend_마돈나델파디글리오네보티첼리,마돈나 델 파디글리오네(보티첼리),Legend
legend_마에스타두초,마에스타(두초),Legend
legend_롤린총리의마돈나,롤린 총리의 마돈나,Legend
legend_최후의심판프라안젤리코피렌체,"최후의 심판 (프라 안젤리코, 피렌체)",Legend
legend_최후의심판보쉬비엔나,"최후의 심판 (보쉬, 비엔나)",Legend
legend_맨체스터마돈나,맨체스터 마돈나,Legend
legend_슬픔의사람heemskerck,슬픔의 사람 (Heemskerck),Legend
legend_아이와여섯천사를안고있는마돈나,아이와 여섯 천사를 안고 있는 마돈나,Legend
legend_다섯천사와함께아기를숭배하는마돈나보티첼리,다섯 천사와 함께 아기를 숭배하는 마돈나(보티첼리),Legend
legend_최후의만찬틴토레토,최후의 만찬(틴토레토),Legend
legend_케루빔의마돈나,케루빔의 마돈나,Legend
legend_성우르술라의전설,성 우르술라의 전설,Legend
legend_마에스타치마부에,마에스타(치마부에),Legend
legend_슬픔의성모님폴란드의여왕,"슬픔의 성모님, 폴란드의 여왕",Legend
legend_마르티넨고제단화,마르티넨고 제단화,Legend
legend_포르티나리제단화,포르티나리 제단화,Legend
legend_신비로운탄생,신비로운 탄생,Legend
legend_성프란치스코와성로렌스와함께하는성탄절,성 프란치스코와 성 로렌스와 함께하는 성탄절,Legend
legend_탄생코레지오,탄생(코레지오),Legend
legend_몬드십자가형,몬드 십자가형,Legend
legend_피에타티치아노,피에타(티치아노),Legend
legend_페자로마돈나,페자로 마돈나,Legend
legend_다섯째인을떼다,다섯째 인을 떼다,Legend
legend_파라디가르틀라인,파라디가르틀라인,Legend
legend_페트로벨리제단화,페트로벨리 제단화,Legend
legend_안드로메다를구출하는페르세우스루벤스,안드로메다를 구출하는 페르세우스(루벤스),Legend
legend_매듭을풀고계신마리아,매듭을 풀고 계신 마리아,Legend
legend_밤의성탄절,밤의 성탄절,Legend
legend_동정녀탄생altdorfer,동정녀 탄생(Altdorfer),Legend
legend_무고한학살레니,무고한 학살(레니),Legend
legend_오니산티마돈나,오니산티 마돈나,Legend
legend_이집트로떠나는모세,이집트로 떠나는 모세,Legend
legend_푸토,푸토,Legend
legend_메디치마돈나반데르바이덴,메디치 마돈나(반 데르 바이덴),Legend
legend_일파라디소,일 파라디소,Legend
legend_이집트로피신하면서휴식카라바조,이집트로 피신하면서 휴식(카라바조),Legend
legend_산조베날레삼부작,산 조베날레 삼부작,Legend
legend_성마태오와천사,성 마태오와 천사,Legend
legend_사탄을물리치는성미카엘,사탄을 물리치는 성 미카엘,Legend
legend_황홀경에빠진아시시의성프란체스코카라바조,황홀경에 빠진 아시시의 성 프란체스코(카라바조),Legend
legend_산제노제단화만테냐,산 제노 제단화(만테냐),Legend
legend_파트모스섬의복음사가성요한,파트모스 섬의 복음사가 성 요한,Legend
legend_부활파베르제달걀,부활(파베르제 달걀),Legend
legend_솔팅마돈나,솔팅 마돈나,Legend
legend_성제롬과아브라함패널,성 제롬과 아브라함 패널,Legend
legend_성요한복음사가도메니치노,성 요한 복음사가(도메니치노),Legend
legend_그리스도의부활라파엘,그리스도의 부활(라파엘),Legend
legend_두천사사이에있는시에나의성베르나르디노,두 천사 사이에 있는 시에나의 성 베르나르디노,Legend
legend_성미카엘라파엘,성 미카엘(라파엘),Legend
legend_산프란체스코알프라토부활,산 프란체스코 알 프라토 부활,Legend
legend_루첼라이마돈나,루첼라이 마돈나,Legend
legend_이집트로피신하면서휴식몰라,이집트로 피신하면서 휴식(몰라),Legend
legend_일곱개의대죄와네가지최후의일,일곱 개의 대죄와 네 가지 최후의 일,Legend
legend_그리스도의부활베르메호,그리스도의 부활(베르메호),Legend
legend_성녀안나와함께있는성모자마사치오,성녀 안나와 함께 있는 성모자(마사치오),Legend
legend_산자코모델로리오제단화,산 자코모 델로리오 제단화,Legend
legend_절제타로카드,절제(타로카드),Legend
legend_두천사와함께있는성모와아기보티첼리나폴리,"두 천사와 함께 있는 성모와 아기 (보티첼리, 나폴리)",Legend
legend_시빌스라파엘,시빌스(라파엘),Legend
legend_밧모섬의성요한의환상,밧모 섬의 성 요한의 환상,Legend
legend_지상낙원보쉬,지상낙원(보쉬),Legend
legend_미덕의승리만테냐,미덕의 승리(만테냐),Legend
legend_토비아스와천사,토비아스와 천사,Legend
legend_세인트버나드의환상필리피노리피,세인트 버나드의 환상(필리피노 리피),Legend
legend_베들레헴의별그림,베들레헴의 별(그림),Legend
legend_트리니티안드레이루블레프,트리니티(안드레이 루블레프),Legend
legend_트리불치오마돈나,트리불치오 마돈나,Legend
legend_천사와함께있는성모와아기예수보티첼리피렌체,"천사와 함께 있는 성모와 아기 예수(보티첼리, 피렌체)",Legend
legend_최후심판의환상,최후 심판의 환상,Legend
legend_시스틴마돈나,시스틴 마돈나,Legend
legend_발레로미타폴립제화,발레 로미타 폴립제화,Legend
legend_산토노프리오제단화,산토노프리오 제단화,Legend
legend_발롬브로사제단화,발롬브로사 제단화,Legend
legend_모세의유언과죽음,모세의 유언과 죽음,Legend
legend_설교자만화,설교자 (만화),Legend
legend_백조자리별자리,백조자리(별자리),Legend
legend_다라물룸,다라물룸,Legend
legend_천사없음,천사 없음,Legend
legend_참로쉬,참로쉬,Legend
legend_시티오브엔젤스영화,시티 오브 엔젤스(영화),Legend
legend_헨젤과그레텔오페라,헨젤과 그레텔(오페라),Legend
legend_나는천사와결혼했다,나는 천사와 결혼했다,Legend
legend_윌튼양면화,윌튼 양면화,Legend
legend_살인미스터리,살인 미스터리,Legend
legend_웨딩피치,웨딩 피치,Legend
legend_알아라프,알 아라프,Legend
legend_o파츠헌터,O-파츠헌터,Legend
legend_마이클1996년영화,마이클 (1996년 영화),Legend
legend_눈의천사,눈의 천사,Legend
legend_알레리온,알레리온,Legend
legend_행복의파랑새,행복의 파랑새,Legend
legend_엔젤밴드노래,엔젤밴드(노래),Legend
legend_인생의항해,인생의 항해,Legend
legend_치카박,치카박,Legend
legend_봉황,봉황,Legend
legend_투카나,투카나,Legend
legend_파이어버드슬라브민속,파이어버드(슬라브 민속),Legend
legend_파몰라,파몰라,Legend
legend_간새,간새,Legend
legend_함사새,함사(새),Legend
legend_긴나라,긴나라,Legend
legend_삼파티,삼파티,Legend
legend_이봉아다나,이봉 아다나,Legend
legend_oozlum새,Oozlum 새,Legend
legend_레인버드전설,레인버드(전설),Legend
legend_사리마녹,사리마녹,Legend
legend_자리타,자리타,Legend
legend_거대한펭귄사기,거대한 펭귄 사기,Legend
legend_간다브헤룬다,간다브헤룬다,Legend
origin_힌두신화,힌두 신화,Origin
legend_휴마새,휴마새,Legend
legend_마틀렛,마틀렛,Legend
legend_대중문화에등장하는불사조목록,대중문화에 등장하는 불사조 목록,Legend
legend_닭,닭,Legend
legend_하하우훼누아,하하우훼누아,Legend
legend_사이드힐가우거,사이드힐 가우거,Legend
legend_타니화,타니화,Legend
legend_스퀑크,스퀑크,Legend
legend_도요새사냥,도요새 사냥,Legend
legend_마좀바,마좀바,Legend
legend_호다그,호다그,Legend
legend_사메비토,사메비토,Legend
legend_게드문장,게드 (문장),Legend
legend_aq바,Aq 바,Legend
legend_물고기자리점성술,물고기자리(점성술),Legend
legend_합동뱀,합동뱀,Legend
legend_지식의연어,지식의 연어,Legend
legend_사막과산짐승이거의없는lumberwoods의무시무시한생물들,사막과 산짐승이 거의 없는 Lumberwoods의 무시무시한 생물들,Legend
legend_샤치호코,샤치호코,Legend
legend_스플린터캣,스플린터캣,Legend
legend_갈리아수탉,갈리아 수탉,Legend
legend_피닉스신화,피닉스(신화),Legend
legend_무시무시한동물들,무시무시한 동물들,Legend
legend_델피누스,델피누스,Legend
legend_아이와이,아이와이,Legend
legend_와티쿠차라,와티쿠차라,Legend
legend_누마쿨라,누마쿨라,Legend
legend_메두사,메두사,Legend
legend_와일드맨,와일드맨,Legend
legend_망가르쿤제르쿤자,망가르쿤제르쿤자,Legend
legend_화이트하트,화이트 하트,Legend
legend_파충류인간형목록,파충류 인간형 목록,Legend
legend_바람의말,바람의 말,Legend
legend_예일신화의생물,예일 (신화의 생물),Legend
legend_응기타카,응기타카,Legend
legend_탤벗개품종,탤벗(개 품종),Legend
legend_여왕의야수,여왕의 야수,Legend
legend_질런트,질런트,Legend
legend_카데호,카데호,Legend
legend_하수구악어,하수구 악어,Legend
legend_팬더전설의생물,팬더(전설의 생물),Legend
legend_펠레시트,펠레시트,Legend
legend_음조신화,음조(신화),Legend
story_장산범,장산범,Story
origin_기타글로벌,기타/글로벌,Origin
legend_일반귀신원혼,일반 귀신/원혼,Legend
source_namuwikiasia,namuwiki/asia,Source
story_빨간마스크,빨간 마스크,Story
story_자유로귀신,자유로 귀신,Story
story_학교괴담,학교괴담,Story
story_도시전설,도시전설,Story
story_한국의도시전설,한국의 도시전설,Story
origin_동아시아한국일본중국,동아시아 (한국/일본/중국),Origin
story_분신사바,분신사바,Story
story_나홀로숨바꼭질,나홀로 숨바꼭질,Story
story_구미호,구미호,Story
story_도깨비,도깨비,Story
story_저승사자,저승사자,Story
story_처녀귀신,처녀귀신,Story
story_손각시,손각시,Story
story_몽달귀신,몽달귀신,Story
story_삼신할머니,삼신할머니,Story
story_터주대감,터주대감,Story
story_지박령,지박령,Story
story_달걀귀신,달걀귀신,Story
story_이무기,이무기,Story
story_불가사리,불가사리,Story
story_해태,해태,Story
story_삼족오,삼족오,Story
story_물귀신,물귀신,Story
story_각시귀신,각시귀신,Story
story_도깨비불,도깨비불,Story
story_귀곡성,귀곡성,Story
story_구치사케온나,구치사케온나,Story
story_테케테케,테케테케,Story
story_히토바시라,히토바시라,Story
story_화장실의하나코,화장실의 하나코,Story
story_유키온나,유키온나,Story
story_오니,오니,Story
story_카파,카파,Story
story_텐구,텐구,Story
story_로쿠로쿠비,로쿠로쿠비,Story
story_우미보즈,우미보즈,Story
story_일본의도시전설,일본의 도시전설,Story
story_백귀야행,백귀야행,Story
story_유레이,유레이,Story
story_온료,온료,Story
story_가샤도쿠로,가샤도쿠로,Story
story_야마우바,야마우바,Story
story_후타쿠치온나,후타쿠치온나,Story
story_이누가미,이누가미,Story
story_바케네코,바케네코,Story
story_네코마타,네코마타,Story
story_와뉴도,와뉴도,Story
story_아마비에,아마비에,Story
story_우시오니,우시오니,Story
story_후나유레이,후나유레이,Story
story_자시키와라시,자시키와라시,Story
story_히토쓰메코조,히토쓰메코조,Story
story_누에,누에,Story
story_카라카사오바케,카라카사오바케,Story
story_오쿠리이누,오쿠리이누,Story
story_아카나메,아카나메,Story
story_조로구모,조로구모,Story
story_이소나데,이소나데,Story
story_누리카베,누리카베,Story
story_도로타보,도로타보,Story
story_타누키,타누키,Story
story_쓰쿠모가미,쓰쿠모가미,Story
story_모노노케,모노노케,Story
story_쿠단,쿠단,Story
story_오바리욘,오바리욘,Story
story_쿠네쿠네,쿠네쿠네,Story
story_하쪽사마,하쪽사마,Story
story_기미코씨,기미코 씨,Story
story_카시마레이코,카시마레이코,Story
story_인면견,인면견,Story
story_적목병,적목병,Story
story_강시,강시,Story
story_중국의도시전설,중국의 도시전설,Story
story_종규,종규,Story
story_섭소천,섭소천,Story
story_백발마녀,백발마녀,Story
story_흑백무상,흑백무상,Story
story_맹파,맹파,Story
story_요재지이,요재지이,Story
story_산해경,산해경,Story
story_아귀,아귀,Story
story_염라대왕,염라대왕,Story
story_천구,천구,Story
story_픽시우,픽시우,Story
story_타오티에,타오티에,Story
story_폰티아낙,폰티아낙,Story
story_쿤틸라낙,쿤틸라낙,Story
story_포콩,포콩,Story
story_겐두루워,겐두루워,Story
story_레낙,레낙,Story
story_순델볼롱,순델볼롱,Story
story_젱로트,젱로트,Story
story_위위곰벨,위위 곰벨,Story
story_토욜,토욜,Story
story_오랑부니안,오랑부니안,Story
story_랑수이르,랑수이르,Story
story_오랑미냑,오랑미냑,Story
story_아스왕,아스왕,Story
story_마나나낙갈,마나나낙갈,Story
story_티야낙,티야낙,Story
story_카피레,카피레,Story
story_시가빈,시가빈,Story
story_왁왁,왁왁,Story
story_두엔데,두엔데,Story
story_티크발랑,티크발랑,Story
story_바티밧,바티밧,Story
story_크라수,크라수,Story
story_페나낙갈,페나낙갈,Story
story_피타이홍,피타이홍,Story
story_낭타니,낭타니,Story
story_피프롯,피프롯,Story
story_피포프,피포프,Story
story_피암,피암,Story
story_쿠만텅,쿠만텅,Story
story_매낙,매낙,Story
story_베탈,베탈,Story
story_피샤차,피샤차,Story
story_브라흐마락샤사,브라흐마락샤사,Story
story_모히니,모히니,Story
story_라크샤사,라크샤사,Story
story_야크샤,야크샤,Story
story_프레트,프레트,Story
story_귀신,귀신,Story
story_유령,유령,Story
story_혼령,혼령,Story
story_나가,나가,Story
story_가루다,가루다,Story
story_예티,예티,Story
story_exorcismofrolanddoe,Exorcism of Roland Doe,Story
origin_북아메리카미국캐나다,북아메리카 (미국/캐나다),Origin
source_wikipediaexorcism,wikipedia/exorcism,Source
story_annaecklund,Anna Ecklund,Story
story_claragermanacele,Clara Germana Cele,Story
origin_유럽영국프랑스등,유럽 (영국/프랑스 등),Origin
location_도심공공장소,도심/공공장소,Location
story_possessionofclaritavillanueva,Possession of Clarita Villanueva,Story
story_tanacuexorcism,Tanacu exorcism,Story
location_수중물속,수중(물속),Location
location_공동묘지무덤,공동묘지/무덤,Location
story_killingofjanetmoses,Killing of Janet Moses,Story
story_deathofjoannalee,Death of Joanna Lee,Story
story_nicoleaubrey,Nicole Aubrey,Story
location_군부대,군부대,Location
story_georgelukins,George Lukins,Story
story_michaeltaylorbritishkiller,Michael Taylor (British killer),Story
story_loudunpossessions,Loudun possessions,Story
story_aixenprovencepossessions,Aix-en-Provence possessions,Story
story_louvierspossessions,Louviers possessions,Story
story_magdelainebavent,Magdelaine Bavent,Story
story_marthabrossier,Martha Brossier,Story
story_possessionofelizabethknapp,Possession of Elizabeth Knapp,Story
story_salemwitchtrials,Salem witch trials,Story
story_ammonshauntingcase,Ammons haunting case,Story
story_trialofarnecheyennejohnson,Trial of Arne Cheyenne Johnson,Story
story_exorcism,Exorcism,Story
story_dybbuk,Dybbuk,Story
story_demon,Demon,Story
story_devil,Devil,Story
story_poltergeist,Poltergeist,Story
story_hauntedhouse,Haunted house,Story
story_necromancy,Necromancy,Story
story_douglasp,Douglas P.,Story
story_richarddugdaleallegeddemoniac,Richard Dugdale (alleged demoniac),Story
story_christophhaizmann,Christoph Haizmann,Story
story_newelknight,Newel Knight,Story
story_marymagdalene,Mary Magdalene,Story
story_bentreshstela,Bentresh stela,Story
story_johannblumhardt,Johann Blumhardt,Story
story_dybbukbox,Dybbuk box,Story
story_antoinegay,Antoine Gay,Story
story_hystericalstrength,Hysterical strength,Story
story_dorothytalbyetrial,Dorothy Talbye trial,Story
story_traitsurlesapparitionsdesespritsetsurlesvampiresoulesrevenansdehongriedemoraviec,"Traité sur les apparitions des esprits et sur les vampires ou les revenans de Hongrie, de Moravie, &c.",Story
story_adorcism,Adorcism,Story
story_amafufunyana,Amafufunyana,Story
story_americanexorcism,American Exorcism,Story
story_attamannu,Atta mannu,Story
story_chhechu,Chhechu,Story
story_thecriticaleye,The Critical Eye,Story
story_duringut,Durin-gut,Story
story_fangxiangshi,Fangxiangshi,Story
story_fulu,Fulu,Story
story_michaelharner,Michael Harner,Story
story_hauron,Hauron,Story
story_kitsunetsuki,Kitsunetsuki,Story
story_rufusmay,Rufus May,Story
story_ufufunyane,Ufufunyane,Story
story_uncleanspirit,Unclean spirit,Story
story_zr,Zār,Story
story_demonhunter,Demon hunter,Story
story_listofexorcists,List of exorcists,Story
story_antipasofpergamum,Antipas of Pergamum,Story
story_franoisbuisseret,François Buisseret,Story
story_debtera,Debtera,Story
story_sainteumenes,Saint Eumenes,Story
story_hilarion,Hilarion,Story
story_jesus,Jesus,Story
story_tbjoshua,TB Joshua,Story
story_shatiqatu,Shatiqatu,Story
story_solomon,Solomon,Story
story_al,Alû,Story
story_teresitabasa,Teresita Basa,Story
story_chinesespiritpossession,Chinese spirit possession,Story
story_chinkonkishin,Chinkon kishin,Story
story_drawingdownthemoonritual,Drawing down the Moon (ritual),Story
story_enthusiasm,Enthusiasm,Story
story_hausaanimism,Hausa animism,Story
story_iondialogue,Ion (dialogue),Story
story_jamaicanmarooncreole,Jamaican Maroon Creole,Story
story_kudagitsune,Kuda-gitsune,Story
story_sanghyang,Sanghyang,Story
origin_동남아시아태국필리핀등,동남아시아 (태국/필리핀 등),Origin
story_shipersonator,Shi (personator),Story
story_ukuthwasa,Ukuthwasa,Story
story_zebola,Zebola,Story
story_artesprohibitae,Artes prohibitae,Story
story_graymagic,Gray magic,Story
story_whitemagic,White magic,Story
story_christianviewsonmagic,Christian views on magic,Story
story_cleverman,Cleverman,Story
story_curse,Curse,Story
story_pamgrossman,Pam Grossman,Story
story_historyofmagic,History of magic,Story
story_homunculus,Homunculus,Story
story_incantation,Incantation,Story
story_islamandmagic,Islam and magic,Story
story_kitchenwitchcraft,Kitchen witchcraft,Story
story_kurdaitcha,Kurdaitcha,Story
story_lawsagainstwitchcraft,Laws against witchcraft,Story
story_lovemagic,Love magic,Story
story_magicandreligion,Magic and religion,Story
story_pigfacedwomen,Pig-faced women,Story
story_witchcraftinancientgreeceandrome,Witchcraft in ancient Greece and Rome,Story
story_witchcraftinlatinamerica,Witchcraft in Latin America,Story
story_zauberbibliothek,Zauber-Bibliothek,Story
story_햐쿠모노가타리,햐쿠모노가타리,Story
source_wikipediahorror,wikipedia/horror,Source
story_위에서와같이아래에서도,위에서와 같이 아래에서도,Story
story_전등신화,전등신화,Story
story_시베리아지옥,시베리아 지옥,Story
story_유령일본,유령 (일본),Story
story_빙의,빙의,Story
story_죽은인터넷이론,죽은 인터넷 이론,Story
story_아오키마리코현상,아오키 마리코 현상,Story
story_태자귀,태자귀,Story
story_나치의황금열차,나치의 황금열차,Story
story_버뮤다삼각지대,버뮤다 삼각지대,Story
story_존티토,존 티토,Story
story_스컹크유인원,스컹크 유인원,Story
story_루브르피라미드,루브르 피라미드,Story
story_구단요괴,구단 (요괴),Story
story_마녀,마녀,Story
story_존앨런쿠차제그루스,존 앨런 쿠차 제그루스,Story
story_작은아저씨,작은 아저씨,Story
story_친구의친구,친구의 친구,Story
story_호프다이아몬드,호프 다이아몬드,Story
story_코코넛에의한사망,코코넛에 의한 사망,Story
story_카우티핑,카우 티핑,Story
story_미확인동물,미확인동물,Story
story_백마스킹,백마스킹,Story
story_니드스탕,니드스탕,Story
story_사라진히치하이커,사라진 히치하이커,Story
story_폴리비우스도시전설,폴리비우스 (도시전설),Story
story_중국오지의달마,중국 오지의 달마,Story
story_터보할매,터보 할매,Story
story_화장실의하나코상,화장실의 하나코상,Story
story_미확인생물목록,미확인생물 목록,Story
story_모모챌린지,모모 챌린지,Story
story_골렘,골렘,Story
story_우주펜,우주펜,Story
story_교고쿠나쓰히코,교고쿠 나쓰히코,Story
story_민간어원,민간어원,Story
story_대왕고래소셜게임,대왕고래 (소셜 게임),Story
story_스너프필름,스너프 필름,Story
story_이코마터널,이코마 터널,Story
story_함의저주,함의 저주,Story
story_팔척님,팔척님,Story
story_야광귀,야광귀,Story
story_징크스,징크스,Story
story_에드워드모데이크,에드워드 모데이크,Story
story_크툴루,크툴루,Story
story_2012년종말론,2012년 종말론,Story
story_아인슈타인의예언,아인슈타인의 예언,Story
story_소니타이머,소니 타이머,Story
story_바나나다인,바나나다인,Story
story_셔크,셔크,Story
story_커널샌더스의저주,커널 샌더스의 저주,Story
story_딩고넥,딩고넥,Story
story_방황하는네덜란드인,방황하는 네덜란드인,Story
story_제보당의괴수,제보당의 괴수,Story
story_사메지마사건,사메지마 사건,Story
story_뒷좌석의살인마,뒷좌석의 살인마,Story
story_프로파간다두에,프로파간다 두에,Story
story_아이테르원소설,아이테르 (원소설),Story
story_추파카브라,추파카브라,Story
story_9번의저주,9번의 저주,Story
story_좀비,좀비,Story
story_배저배저배저,배저 배저 배저,Story
story_야마시타보물,야마시타 보물,Story
story_scp재단,SCP 재단,Story
story_맥도날드괴담,맥도날드 괴담,Story
story_디스맨,디스맨,Story
story_메리씨의전화,메리씨의 전화,Story
story_바보는감기에걸리지않는다,바보는 감기에 걸리지 않는다,Story
story_츠치노코,츠치노코,Story
story_천둥새,천둥새,Story
story_드로이스유인원,드 로이스 유인원,Story
story_일곱째아들의일곱째아들,일곱째 아들의 일곱째 아들,Story
story_손이그를저항한다,손이 그를 저항한다,Story
story_스기사와촌전설,스기사와촌 전설,Story
story_발람,발람,Story
story_폴매카트니사망설,폴 매카트니 사망설,Story
story_지식의저주,지식의 저주,Story
story_주온,주온,Story
story_39의저주,39의 저주,Story
story_카사네의늪,카사네의 늪,Story
story_외계인,외계인,Story
story_웬디고,웬디고,Story
story_그리스마법파피루스,그리스 마법 파피루스,Story
story_캔들코브,캔들 코브,Story
story_파라오의저주,파라오의 저주,Story
story_벨마녀,벨 마녀,Story
story_프랑켄슈타인,프랑켄슈타인,Story
story_드라큘라,드라큘라,Story
story_러시아수면실험,러시아 수면 실험,Story
story_엑소시스트영화,엑소시스트 (영화),Story
story_헤이주거우,헤이주거우,Story
story_오스카의저주,오스카의 저주,Story
story_로어도시전설,로어 (도시전설),Story
story_베헤모스,베헤모스,Story
story_올고이코르코이,올고이코르코이,Story
story_숨이막힌도베르만,숨이 막힌 도베르만,Story
story_선풍기사망설,선풍기 사망설,Story
story_몽스의천사,몽스의 천사,Story
story_humantraffickingorsomethingworsecouldhavehappenedtome,Human trafficking or something worse could have happened to me?,Story
legend_일반크리처변칙개체,일반 크리처/변칙개체,Legend
source_redditrnosleep,reddit/r/nosleep,Source
story_ibecameabetterversionofmyselfnowmylifeisruined,I became a better version of myself. Now my life is ruined.,Story
story_callforagoodtime,Call for a Good Time,Story
story_iwetmybedeverynightasanadultitstoppedthesamenightistartedbeingwatched,I Wet My Bed Every Night as an Adult. It Stopped the Same Night I Started Being Watched.,Story
story_theclerkofcreation,The Clerk of Creation,Story
story_myneighborisdefinitelyacultistbuthesalsoaprettyniceguy,"My Neighbor is Definitely a Cultist, But Hes Also a Pretty Nice Guy!",Story
story_itknewmyvoice,It Knew My Voice,Story
story_ithinkmycustomeriskillingme,I think my customer is killing me.,Story
story_iwashiredtostealsomethingfromamagician,I was hired to steal something from a magician,Story
story_imtypingthisfromatruckstopbathroomimbeinghuntedbysomethingicantcomprehendpart1,I’m typing this from a truck stop bathroom. Im being hunted by something I cant comprehend part 1,Story
story_thelastimage,The Last Image,Story
story_beyondthesands,Beyond the Sands,Story
story_myfatherwasamediumhisdyingwishwastobecarriedoutofthehousebutwecantlifthim,"My father was a medium. His dying wish was to be carried out of the house, but we cant lift him.",Story
story_ourhitbandisgettingbacktogetherunderverystrangecircumstances,Our hit band is getting back together under very strange circumstances.,Story
story_themaninthewindow,The Man in the Window,Story
story_itfollowedmehome,It followed me home,Story
story_myapartmentbuildingtoldusnottouseourpeepholesafter9pm,My apartment building told us not to use our peepholes after 9 PM.,Story
story_iacceptedajobwithstrangerulesiwanttokllmycoworker,I Accepted a Job with Strange Rules. I Want to K*ll My Coworker.,Story
story_everymissingchildbecomesastreetname,Every Missing Child Becomes a Street Name,Story
story_iwasconvincedsomeonewaswatchingmeeverynight,I was convinced someone was watching me every night,Story
story_ourladyofsorrows,Our Lady Of Sorrows,Story
story_idgiveanythingtosavemydaughter,I’d Give Anything to Save My Daughter,Story
story_mrbrightsidefollowsmeeverywhereigo,Mr Brightside follows me everywhere I go,Story
story_realhousebackrooms,Real House Backrooms,Story
story_ifyoucanreadthisthenthisismeantforyouisawthetruthandneedhelp,"If you can read this, then this is meant for you. I saw the truth and need help.",Story
story_thelastrouteofbus47,The Last Route of Bus 47,Story
story_radiationlake,Radiation Lake,Story
story_thesalesman,The salesman,Story
story_atimeontheinternet,A Time on the Internet,Story
story_myfouryearolddaughteraskedmewhythehallwaymandoesntblinkweliveinasmallapartmentwithnohallway,My four-year-old daughter asked me why the hallway man doesnt blink. We live in a small apartment with no hallway.,Story
story_lockupallofyourdoors,Lock up all of your doors,Story
story_myfriendsandiwatchoverareddoorwithablackknobimayhavejustmadeahorriblemistakepart13,My friends and I watch over a red door with a black knob. I may have just made a horrible mistake. {Part 13},Story
story_theycuredmycancerinthecatacombs,They cured my cancer in the catacombs,Story
story_aparentteacherconferenceatashcreekelementary,A Parent Teacher Conference at Ash Creek Elementary,Story
story_theroutebeforemine,The Route Before Mine,Story
story_magnoliacarter,Magnolia Carter,Story
story_wheniwasakidwemaderulesaboutshadowspart3,When I was a kid we made rules about shadows (Part 3),Story
story_thepurplehatkeptussafefromthetrees,The purple hat kept us safe from the trees,Story
story_amioverthinkingthisorwasthisgenuinelycreepy,"Am I overthinking this, or was this genuinely creepy?",Story
story_todayinoticedthelightsontheoldbarwereonbutithasbeenabandonedfornearlyadecade,"Today, I noticed the lights on the old bar were on... but it has been abandoned for nearly a decade.",Story
story_mybestfriendvanishedinanationalforestifoundwhatwasleftofhim,My Best Friend Vanished in a National Forest. I Found What was Left of Him.,Story
story_luc,Luc,Story
story_mybrotherdiedfromratpoison,My Brother Died from Rat Poison.,Story
story_imetahomeintruderlaterinlife,i met a home intruder later in life,Story
story_astreetineversawagain,A street I never saw again,Story
story_somethingstrangehappenedwhileiwasstayingatmygrandparentsoldbarinruralfinland,Something strange happened while I was staying at my grandparents’ old bar in rural Finland,Story
story_townsfolkthinksmyfriendmurderedthosepeopleinthebellhavenwoodstheinternetthinksshewaspossessedthetruthismuchworsebellhavenwoods,Townsfolk thinks my friend murdered those people in the Bellhaven Woods. The internet thinks she was possessed. The truth is much worse. - Bellhaven Woods,Story
story_ithinksomeonewasaddingtomypaintingwhileislept,I think someone was adding to my painting while I slept…,Story
story_ifyouareinthewoodsandfindatreewithredpaintrunawayimmediately,"If You Are In The Woods and Find a Tree With Red Paint, Run Away Immediately",Story
story_iexperiencedthemosthorrifyingsleepparalysis,I experienced the most horrifying sleep paralysis,Story
story_myfriendaskedmetofollowhimaroundwhilefilmingbuthewouldnttellmewhy,My friend asked me to follow him around while filming. But he wouldn’t tell me why.,Story
story_icrossreferencedthemissingpersonsmapwithmylocalcavesiwishihadnt,I cross-referenced the missing persons map with my local caves. I wish I hadnt.,Story
story_iamyoupart1,I am you (Part 1),Story
story_iwentonaghosthuntingtriptolookforawitchifoundher,I went on a ghost hunting trip to look for a witch. I found her.,Story
story_ikilledmybestfriendbuthewontstaydeadpart4,"I Killed My Best Friend, but He Wont Stay Dead [Part 4]",Story
story_iwasanonlyfanscreatorduringthepandemic,I was an Onlyfans creator during the pandemic,Story
story_chromeplatedglorypart1activation,Chrome Plated Glory Part 1 - Activation,Story
story_talesfromahauntedtownsblastedsheriff,Tales from a haunted town’s blasted sheriff,Story
story_dontlookatthechristmascarolers,Dont look at the Christmas carolers.,Story
story_dontdrinkwhathegivesyou,Dont drink what he gives you,Story
story_itstakingthings,Its Taking Things.,Story
story_mychildhoodstalkercameback,My Childhood Stalker Came Back,Story
story_scratchesofwhitsockmanor,Scratches of Whitsock Manor!,Story
story_ifyouhearyourlovedonecallingfrommasonscreekdontanswer,"If You Hear Your Loved One Calling from Mason’s Creek, Don’t Answer.",Story
story_67destroyedmyfamily,6-7 destroyed my family.,Story
story_ichangedhumanityandthisismyconfession,"I changed humanity, and this is my confession.",Story
story_mylasthunt,My last hunt,Story
story_fourofusarrivedatthecabinforourannualweekendawaybutafifthshowedupuninvitedandwecouldntleave,"Four of us arrived at the cabin for our annual weekend away, but a fifth showed up uninvited... and we couldn’t leave.",Story
story_thesagaofragnarslakki,THE SAGA OF RAGNAR SLAKKI,Story
story_mychildhoodfriendusedtoeatsilicagelpacketsnowhesunrecognisable,My Childhood Friend Used to Eat Silica Gel Packets—Now He’s Unrecognisable,Story
story_adeadladywaitsformarriedpeopleatnight,A dead lady waits for married people at night,Story
story_whatcameforth,What Came Forth,Story
story_wedestroyedarockformationitwassomethingshome,We destroyed a rock formation. It was somethings home.,Story
story_changeofheart,Change of Heart,Story
story_mybestfriendwentmissinginthewoodswhenhereturnedhisparentsrefusedtoletmeseewhathedbecomeatnight,"My Best Friend Went Missing in the Woods. When He Returned, His Parents Refused to Let Me See What He’d Become at Night.",Story
story_iwashiredtocatchacheatinghusbandifoundsomethingworsel,I was hired to catch a cheating husband. I found something worse.l,Story
story_somethingterriblelivesinthevalleyoftheshadowofdeath,Something terrible lives in the valley of the shadow of death,Story
story_isawlightsinmybackyard,I Saw Lights In My Backyard,Story
story_ivehuntedfor20yearsnothingpreparedmeforwhatfollowedthatbloodtrail,I’ve Hunted for 20 Years. Nothing Prepared Me for What Followed That Blood Trail.,Story
story_imanurbanexplorerfortheusgovernmentpt2,I’m an urban explorer for the US Government (pt.2),Story
story_thestrawberrybear,The Strawberry Bear,Story
story_somethingsitswithmeatnight,Something sits with me at night,Story
story_youhavetotrythecoffeeatluciscafe,You have to try the coffee at Lucis Cafe,Story
story_bonnets,Bonnets,Story
story_istartedlivinginmycarupdate,I Started Living in my Car [UPDATE],Story
story_ikeepgettingvoicemailsfrommydaughtershediedin2009,I keep getting voicemails from my daughter. She died in 2009.,Story
story_mywifethinksimherhusbandagain,My Wife Thinks I’m Her Husband Again,Story
story_themorewetalkthemoreitlistenspart2,"The More We Talk, The More It Listens: Part 2",Story
story_agiantmosquitokilledmydog,A Giant Mosquito Killed My Dog,Story
story_shesnotmyfianceandihopeineverseeheragain,She’s not my fiancée. And I hope I never see her again.,Story
story_salmonlogic,Salmon Logic,Story
story_neverlookinitseyes,Never look in its eyes,Story
story_somethingisinmytvanditstryingtogetout,Something is in my TV and it’s trying to get out,Story
story_helpwhatseatingme,Help. Whats Eating Me?,Story
story_thepriceforpeace,The price for peace,Story
story_thetrainthatforgotthetracks,The Train That Forgot the Tracks,Story
story_my13yearoldsonstartedayoutubechannelandoneofhisfollowersarewritinghimincreasinglybizarremessagespart1,My 13 year old son started a YouTube channel and one of his followers are writing him increasingly bizarre messages [part 1],Story
story_themastandthemaw,The mast and the maw.,Story
story_ifoundavhstapeinthebackofathriftstoreiwishihadntwatchedit,I Found a VHS Tape in the Back of a Thrift Store I Wish I Hadn’t Watched It,Story
story_wheniclickthepenadeadbodyappearsparttwo,"When I click the pen, a dead body appears.  Part Two.",Story
story_ithinkiwasbornwithacurseandhisnameismike,"I think I was born with a curse, and his name is Mike.",Story
story_mynewapartmenthasaverystrictnoisecomplaintpolicy,My new apartment has a very strict noise complaint policy.,Story
story_helpithinkthesuniswatchingmepart2,Help! I think the Sun is watching me! [PART 2],Story
story_thispostonraitahreallyfreakedmeout,This post on r/AITAH really freaked me out,Story
story_gunny,Gunny,Story
story_ikeepfindingcreepysurprisegiftsinsidemycerealwhicharentadvertisedontheboxpart2final,I keep finding creepy surprise gifts inside my cereal which arent advertised on the box (Part 2 - FINAL),Story
story_theresamansiononthehillbesidemyhouseithinkitsawme,Theres a mansion on the hill beside my house. I think it saw me.,Story
story_themanwhosoldsecondchances,The Man Who Sold Second Chances,Story
story_thefalloutritual,The Fallout Ritual,Story
story_louisianathursdaysprt1,Louisiana Thursdays prt 1,Story
story_itsnighttimeonamountainandsnowisfallinginthicksmotheringwavesamanisrunningthroughthedeepsnowstumblingasexhaustionweighsonhimhisbreathcomesinraggedgaspsplumesofwhitemistvanishingintothefrigidair,"Its nighttime on a mountain, and snow is falling in thick, smothering waves. A man is running through the deep snow, stumbling as exhaustion weighs on him. His breath comes in ragged gasps, plumes of white mist vanishing into the frigid air.",Story
story_theresstaticinthecornerofmyapartment,There’s static in the corner of my apartment,Story
story_ajobididforafarmer,A job I did for a farmer,Story
story_godfounddeadinspace,God Found Dead in Space,Story
story_theburkhardsarentmissinganymore,The Burkhards arent missing anymore.,Story
story_iquitonthelastdayofagovernmentproyect,I quit on the last day of a government proyect,Story
story_iwasforcedtowatchfivepeopledieatanofficebuildingithinkillbenext,"I was forced to watch five people die at an office building, I think ill be next",Story
story_emberbloompart1,Emberbloom [Part 1],Story
story_mybrotherandilivedforyearsonasecretislandcalledgora,My brother and I lived for years on a secret island called Gora,Story
story_theburchamwhalepartone,The Burcham Whale (Part One),Story
story_ihadaweirddreamlastnightiwaspartofsomedemonicgameshownight3,I had a weird dream last night. I was part of some demonic gameshow. Night 3,Story
story_idontknowwhereiambutiknowidontbelong,"I dont know where I am, but I know I dont belong.",Story
story_mywifestilltextsmefromthegraveandshesgettingcloser,My Wife Still Texts Me From the Grave—And She’s Getting Closer,Story
story_iamamodernexplorerandifoundashoppingmallundernewjersey,I am a modern explorer. And I found a shopping mall under  New Jersey,Story
story_iworkasprivateovernightsecurityforapartmentcomplexestheyresendingmetoemptybuildingsthatstillmakesound,I work as private overnight security for apartment complexes. They’re sending me to empty buildings that still make sound.,Story
story_iinstalledhiddencamerasforalivingwhatifoundinaclientsflatmademequitthatnight,I Installed Hidden Cameras for a Living. What I Found in a Client’s Flat Made Me Quit That Night,Story
story_whateverwasoutsidemywindowwasnthumananditfollowedmyfriendhome,"Whatever was outside my window wasn’t human, and it followed my friend home.",Story
story_iworknightsecurityataremoteforestobservatorylastnightthetreesstartedscreaming,"I Work Night Security at a Remote Forest Observatory. Last Night, the Trees Started Screaming.",Story
story_iusedtomakevideosdebunkinglegendsidontanymore,I Used to Make Videos Debunking Legends. I Don’t Anymore.,Story
story_idiedat700ambutikeptwakingupfirststory,"I died at 7:00 AM, but I kept waking up. (first story)",Story
story_hebelongstouspart2finalpart,"“He belongs to us” Part 2, final part.",Story
story_lookatme,Look At Me,Story
story_theressirensintheutahforests,Theres Sirens in the Utah Forests,Story
story_itcamefromtheporcelainthrone,It came from the porcelain throne,Story
story_thelocalswarnedmeaboutbriarsbendishouldhavelistened,The Locals Warned Me About Briar’s Bend. I Should Have Listened.,Story
story_brokenbythenight,Broken by the night,Story
story_ifoundmychildhoodchristmasjournalandnowicantsleep,"I Found My Childhood Christmas Journal, and Now I Cant Sleep",Story
story_dontgowanderinindemwoods,Dont go wanderin in dem woods,Story
story_mygrandpawasaprisonguardandhetoldmethehorriblethingshewitnessedthere,"My grandpa was a prison guard, and he told me the horrible things he witnessed there",Story
story_elfontheshelf,Elf on the Shelf,Story
story_idontwanttoknow,I Dont Want to Know,Story
story_thetruthaboutthetapesfinale,The truth about the tapes (Finale),Story
story_mypatientcursedme,My patient cursed me.,Story
story_ireceived7strangerulesfrommyjobwhatisawterrifiesme,I Received 7 Strange Rules From My Job: What I Saw Terrifies Me,Story
story_dreamgame,Dream Game,Story
story_iworkatanationalparkthatdoesntexist,I work at a National Park that doesnt exist,Story
story_eugenetheslayer,Eugene the Slayer,Story
story_fuckhipaaidontevenknowhowtodescribemynewpatient,"Fuck HIPAA, I dont even know how to describe my new patient",Story
story_igotajobasthevillageherderbuttherulesareterrifyingpart2final,"I Got a Job as the Village Herder, but the Rules are Terrifying Part 2, final.",Story
story_iwishineverplayedogfortnight,I wish I never played OG fortnight.,Story
story_thetongueripper,The Tongue Ripper,Story
story_iknowwhatpeoplehavebeenseeingintheskiesabovenewjersey,I Know what people have been seeing in the skies above new Jersey.,Story
story_imacontractworkerforasecretcorporationthathuntssupernaturalcreaturesajobwithapril,Im A Contract Worker For A Secret Corporation That Hunts Supernatural Creatures... A Job With April.,Story
story_ifyouboardatrainwithnooneelseonboardgetoff,"If you board a train with no one else on board, get off!",Story
story_dontgetoffthetrain,Don’t get off the train…,Story
story_iveworkedinalighthousefor10yearssomethinginthefogwantsin,I’ve Worked in a Lighthouse for 10 Years. Something in the Fog Wants In.,Story
story_calscosmicvideotheneongod,Cal’s Cosmic Video- THE NEON GOD,Story
story_room7lookedlikeanyothermotelroomitwasnt,Room 7 Looked like any other motel room...it wasn’t,Story
story_doyoubelievesomekidsreallyhaveimaginaryfriends,Do you believe some kids really have imaginary friends?,Story
story_theperfectpatient,The Perfect Patient,Story
story_imanurbanexplorerwhovisitedaremotealaskanislandintheberingsea,I’m an Urban Explorer who Visited a Remote Alaskan Island in the Bering Sea,Story
story_imovedtoaruralaustraliantownforthepeaceandquietifoundanythingbut,I moved to a rural Australian town for the peace and quiet. I found anything but...,Story
story_brineandbone,Brine and Bone,Story
story_bloodlinespart2,Bloodlines Part 2,Story
story_holeinthewoods,Hole in The Woods,Story
story_thecallofthebreachpart3,The Call of the Breach [Part 3],Story
story_cavernunderthecabin,Cavern under the cabin,Story
story_itriedtoexpandmyfarmintotheforestbigmistake,I Tried to Expand My Farm into the Forest—Big Mistake,Story
story_notaleafremainsasitwas,Not A Leaf Remains As It Was,Story
story_ithoughtmyschoolsgoodnessroomwasalietomakeusbehavethenateachersentmybrotherthere,I Thought My School’s Goodness Room Was a Lie to Make Us Behave. Then a Teacher Sent My Brother There.,Story
story_battledream,Battledream,Story
story_ilovemywifebutihadsexwithhersister,"I love my wife, but I had sex with her sister.",Story
story_hasanyoneheardofplucketvillepart1,Has Anyone Heard of Plucketville? (Part 1),Story
story_ilovedmyfatherbuthecameback,I Loved My Father but He Came Back,Story
story_wiresandchainspartsix,Wires and Chains Part Six,Story
story_iamnotguiltybutiwishiwas,I am not guilty but I wish I was,Story
story_myspecialforcesteambattledsomethinginhumanduringthefirstgulfwar,My special forces team battled something inhuman during the first gulf war.,Story
story_whenevilcomesfromthebloodline,When evil comes from the bloodline,Story
story_iamaresearcherofthetitanicarecentlydiscoveredartifacthasleftmetraumatized,"I am a researcher of the Titanic, A recently discovered artifact has left me traumatized.",Story
story_logsfromtheresonancezone,Logs from the Resonance Zone,Story
story_imacontractworkerforasecretcorporationthathuntssupernaturalcreaturesheadhunting,Im A Contract Worker For A Secret Corporation That Hunts Supernatural Creatures... Head Hunting.,Story
story_wheniwasakidwediscoveredsomethinginthewoodsbehindmyhousepart2,"When I was a kid, we discovered something in the woods behind my house (part 2)",Story
story_thestoryofhowicamebackfromthedeadtojointheliving,The story of how I came back from the dead to join the living,Story
story_idontcareifthemirthfulmaidenssoundslikethetitleofa1920serasoftcorepornfilmthosebitchesarehorrifying,I Don’t Care if “The Mirthful Maidens” Sounds Like the Title of a 1920s-Era Softcore Porn Film...Those Bitches Are Horrifying!,Story
story_somethingisrearrangingmyfurnitureeverynight,Something is rearranging my furniture every night,Story
story_pepperoniruinedmylife,Pepperoni Ruined My Life,Story
story_whatisthescariestexperienceyouhadatasleepover,What is the scariest experience you had at a sleepover,Story
story_imanightguardatamallandithinkthemallmaybepossessed,I’m a night guard at a mall and I think the mall may be possessed,Story
story_maysflowers,May’s Flowers,Story
story_nomorecleanclothes,No more clean clothes,Story
story_amibeinghauntedoristhissomethingdifferent,Am I being Haunted? Or is this something different..,Story
story_mycollegecrushcamebackandimscared,My college crush came back and Im scared,Story
story_iminprisonforacrimeididntcommitnowtheressomethingstrangehappeninginherepart2,Im in prison for a crime I didnt commit. Now theres something strange happening in here [part 2],Story
story_finalupdatemyfriendwasbeingignoredandleftoutbyhermainfriendgroup,FINAL UPDATE: My friend was being ignored and left out by her main friend group,Story
story_olddamilycabin,Old damily cabin,Story
story_myauntfinallyletmevisitherfarmafter20years,My Aunt Finally Let Me Visit Her Farm After 20 Years.,Story
story_dreams,Dreams,Story
story_imstayingatgrandmashousebutsomethingisoffwithher,Im Staying At Grandmas House But Something Is Off With Her,Story
story_somethinghappenedatmylocalpark,Something happened at my local park,Story
story_itookamysteriousjobofferandnowimregrettingit,"I took a mysterious job offer, and now I’m regretting it.",Story
story_lifeofadruid,Life of a Druid,Story
story_yorkstsummerpt3,York St - Summer - Pt 3,Story
story_somethingruinedmysonselementaryschoolhalloweenparty,Something ruined my sons elementary school Halloween Party,Story
story_igotcursedwithsomethingandnowiamsureiamgonnadiesoon,"I got cursed with something, and now i am sure i am gonna die soon.",Story
story_mydadwouldtellusthemonstersunderourbedswerereal,My dad would tell us the monsters under our beds were real.,Story
story_thelastbroadcastpt1,the last broadcast pt. 1,Story
story_icantsleep,I can’t sleep.,Story
story_scentofobsessiontokyo,Scent of Obsession | Tokyo,Story
story_holditin,Hold it in,Story
story_ineverleftthehousepart3,I never left The House PART 3,Story
story_iboardedamidnighttrainandnowimtrappedinanendlessnightmare,"I Boarded a Midnight Train, and Now Im Trapped in an Endless Nightmare",Story
story_iwillnolongerdrivethroughwacolatnight,I will no longer drive through Wacol at night.,Story
story_whenthegovernmentdecidedtoturnourtownintoareservoirtheytoldusitwastohelpgenerateenergytheydidnttelluswhattheyweretryingtodrown,"When the government decided to turn our town into a reservoir, they told us it was to help generate energy. They didn’t tell us what they were trying to drown.",Story
story_londonwindsor,London Windsor,Story
story_iknewdrainsweredangerous,I knew drains were dangerous,Story
story_theskywasblacktonight,The sky was black tonight,Story
story_idontstayhomealoneanymore,I dont stay home alone anymore.,Story
story_outoftheapartmentfinale,Out Of The Apartment (Finale),Story
story_intheaustralianalpineregionhorrificthingshappenafterdark,"in the Australian alpine region, horrific things happen after dark.",Story
story_dreamsbasedontrueevents,Dreams (Based on true events),Story
story_howtosurvivecollegeivebeenspendingalotoftimecrying,How to Survive College - Ive been spending a lot of time crying,Story
story_ijustneedtoventaboutmygirlfriendshouseplanthoardingpart1,I just need to vent about my girlfriends houseplant hoarding [Part 1],Story
story_movedoutofthefamilyhousetohelpmymombutshedidntleavewithmeandisaskingmetocomeback,moved out of the family house to help my mom but she didn’t leave with me and is asking me to come back,Story
story_idontknowwhoreturnedfromspacebuttheyarentthenasaastronautswesent,"I don’t know who returned from space, but they aren’t the NASA astronauts we sent.",Story
story_alettertobea,A Letter To Bea,Story
story_thismankidnappedmyentirefamilythecopstoldmehedoesntexist,This man kidnapped my entire family. The cops told me he doesn’t exist.,Story
story_darkplaces,Dark Places,Story
story_heplayedhissong,He played his song.,Story
story_thehousethatthedeadfrequented,The house that the dead frequented.,Story
story_thenightisawawerewolfatsummercamp,The Night I Saw a Werewolf at Summer Camp,Story
story_policerecordsfromatowninarkansasthemascotman,Police Records From a Town In Arkansas: The Mascot Man,Story
story_policerecordsfromatowninarkansaspart1themascotman,Police Records From a Town In Arkansas [Part 1: The Mascot Man],Story
story_mylastshift,My last shift,Story
story_youarewhatyoueatpointofviewofamonser,"You Are What You Eat,Point Of View Of A Monser",Story
story_thelaundromatpart1,The Laundromat part 1,Story
story_analienfungushasbeensprayingblacksemenacrosstownpeopleexposedtoithavestartedchanginginhorrificways,An alien fungus has been spraying black semen across town. People exposed to it have started changing in horrific ways…,Story
story_thecandylady,The Candy Lady,Story
story_rabbit,Rabbit,Story
story_istronglysuspectmycatisashapeshifter,I strongly suspect my cat is a shape shifter,Story
story_adreamidontwanttoremember,A dream I don’t want to remember.,Story
story_attackedbyanentity,Attacked by an entity,Story
story_thisistheletternuclearsubmarinecommandersreadwhentheworldends,This Is the Letter Nuclear Submarine Commanders Read When the World Ends.,Story
story_theressomethingundertheskala,Theres something under the Skala,Story
story_iminprisonforacrimeididntcommitnowtheressomethingstrangehappeninginhere,Im in prison for a crime I didnt commit. Now theres something strange happening in here,Story
story_iminprisonforacrimeididntcommittheressomethingstrangehappeninginhere,Im in prison for a crime I didnt commit. Theres something strange happening in here,Story
story_myneighborvanishedbuthispresencehauntsme,"My Neighbor Vanished, But His Presence Haunts Me",Story
story_echoesofthemalevolentwoodspart1,Echoes of the Malevolent Woods (Part 1),Story
story_spiderearth,Spider Earth,Story
story_whisperingdeparture,Whispering Departure,Story
story_ithinkmyneighboriswatchingmeidontknowhowtoconfronthim,I think my neighbor is watching me. I dont know how to confront him.,Story
story_ihearatrainwhistleat214ameverynight,I hear a train whistle at 2:14 AM every night,Story
story_myboynotusefulmydreams,My boy not useful my dreams,Story
story_mydogcamebackafteritranawaybutsomethingwaswrongwithhim,"My Dog Came Back After It Ran Away, But Something Was Wrong With Him",Story
story_pissedoffmyneighborslawndecorationwhatdoido,Pissed off my neighbors lawn decoration. What do I do?,Story
story_myvoodoo,My Voodoo,Story
story_myfriendsandiwentseafishingimtheonlyoneleft,My Friends and I Went Sea Fishing... I’m the Only One Left!,Story
story_iplayagametheycallsleeppointseverynightihideundermyblanketpart15,I play a game they call Sleep Points. Every night I hide under my blanket (Part 15),Story
story_mycultaccidentallysummonedademon,My Cult Accidentally Summoned a Demon,Story
story_idiedandwenttoheavensomethingkilledgod,I died and went to heaven. Something killed God.,Story
story_itscalledtheenigmaticcreaturepart1,its called: the enigmatic creature part 1,Story
story_myverydeadchristmas,My very dead Christmas.,Story
story_myvoicerecorderdictationpickedupsomethingstrangepart1,My Voice Recorder Dictation Picked Up Something Strange (Part 1),Story
story_myhusbandcheatedonmewithmybestfriendbutitwassomuchworsethanthatfinalpart,"My Husband Cheated On Me With My Best Friend, But It Was So Much Worse Than That - Final Part",Story
story_iwasstrandedintheaustralianoutbacksomethinghuntedmepart3,"I Was Stranded in the Australian Outback, Something Hunted Me (Part 3)",Story
story_ithinkisawoneoftheworldendings,I think I saw one of the world endings.,Story
story_iwentonahikeandthisstuckwithme,I went on a hike and this stuck with me.,Story
story_ikilledsomeonenowonlyredditknows,I killed someone. Now only Reddit knows,Story
story_thatoldgreencarthatdidntbelongthere,That Old Green Car That Didnt Belong There,Story
story_thestoryaboutmyfriend,The story about my friend,Story
story_mydeadbeatdadonlyshowsupwhenioverdoseonbenadryl,my deadbeat dad only shows up when i overdose on benadryl,Story
story_iwokeupinhell,I woke up in hell.,Story
story_stayfarawayfromthea41motorwaytheressomethinginthewoodspart3,Stay far away from the A41 Motorway. Theres something in the woods (Part 3),Story
story_theresanabandonedbunkeronmyfriendspropertyandifoundastrangevhstapeonitpart3,"Theres an abandoned bunker on my friends property, and I found a strange VHS tape on it (Part 3)",Story
story_neverleaveadeadbodyunattendedatafuneral,Never leave a dead body unattended at a funeral,Story
story_itsday6ofwhatwassupposedtobewintercampinicelandmyfriendsaredeadandidontfeelcoldanymore,"Its Day 6 of what was supposed to be Winter Camp in Iceland. My friends are dead, and I dont feel cold anymore.",Story
story_itcamefromthesky,It came from the sky!,Story
story_ineverwanttogocavingagainhaveyouheardofthedarkchamber,I never want to go caving again. Have you heard of the Dark Chamber?,Story
story_aplaceintime,A Place in Time,Story
story_witheredbyjtobrian,Withered By: JT Obrian,Story
story_acreaturecalledthesentinelhasbeenwatchingourtownwhiletheysleep,A creature called The Sentinel has been watching our town while they sleep.,Story
story_iworkthenightshiftatanassemblyplantsomeoneshitonthebreakroomtable,I work the night shift at an assembly plant. Someone shit on the breakroom table.,Story
story_realydisturbingchristmashorrorstory,Realy Disturbing Christmas Horror Story,Story
story_myfriendkeepsseeingthequietkidsdeadbodyeverywhere,My friend keeps seeing the quiet kids dead body everywhere,Story
story_followed,Followed.,Story
story_amigoingcrazyorwasiawitnesstosomethingstrange,Am I going crazy or was I a witness to something strange?,Story
story_alicewastrappedonthenightstreetssurroundedbycriminals,"Alice was trapped on the night streets, surrounded by criminals.",Story
story_asinistercountdown,A Sinister Countdown,Story
story_murderdreamingandhorroraddiction,Murder dreaming and horror addiction,Story
story_somethinginthewoodsiswatchingmeandidontknowwhatitwants,"Something in the woods is watching me, and I don’t know what it wants",Story
story_pentimento,Pentimento,Story
story_adamsadventuroustale,Adams Adventurous Tale,Story
story_thesquirrel,The Squirrel,Story
story_godknowsmypain,God knows my pain,Story
story_thecircus,The circus,Story
story_gonnasoundcompletelyinsanebutsomeonewasundermybedatapsychward,"Gonna sound completely insane, but someone was under my bed at a psych ward.",Story
story_anoldfriendknocksonmywindoweverydayat2am,An old friend knocks on my window every day at 2am,Story
story_imnotsurehowtoanswermysonsquestionsaboutbloodandnowitscomingfromme,I’m not sure how to answer my son’s questions about blood. And now it’s coming from me.,Story
story_dontfuckwithgraves,Dont fuck with graves,Story
story_judgefetusscalpelreckoning,"JUDGE, FETUS, SCALPEL, RECKONING",Story
story_quarantinestory,Quarantine story,Story
story_iplayagamethecallsleeppointseverynightihideundermyblanketpart14,I play a game the call Sleep Points. Every night I hide under my blanket (Part 14),Story
story_case357b,Case #357b,Story
story_iwasstrandedintheaustralianoutbacksomethinghuntedmepart2,"I Was Stranded in the Australian Outback, Something Hunted Me (Part 2)",Story
story_ilostafingerinashootingnowithinkitsonthehandthatheldthegun,I lost a finger in a shooting - now i think it’s on the hand that held the gun.,Story
story_mytownisbeingquarantinedfromtherestoftheworldicanheartheneighborsscreams,My town is being quarantined from the rest of the world. I can hear the neighbors screams.,Story
story_thetimemyfriendwouldntstopstaringatapainting,The Time My Friend Wouldnt Stop Staring at a Painting,Story
story_icouldthescreamsfromtheneighborshouse,I could the screams from the neighbors house,Story
story_dogsittingstory,Dog sitting story,Story
story_myhusbandcheatedonmewithmybestfriendbutitwassomuchworsethanthatpartfour,"My Husband Cheated On Me With My Best Friend, But It Was So Much Worse Than That - Part Four",Story
story_mydisappearance,My disappearance,Story
story_icanseethemnow,I CAN SEE THEM NOW,Story
story_ifoundavillageintheforestthatdoesnotexist,I found a village in the forest that does not exist,Story
story_imimmortalitsruinedmylifeongettingkidnapped,Im Immortal. Its ruined my life: On Getting Kidnapped,Story
story_asaboyioncesawdemonscirclinganoldmonklikecarrionbirdsturningtheskyblack,"As a boy, I once saw demons circling an old monk like carrion birds, turning the sky black",Story
story_imanarcticresearcherweaccidentallyreleasedsomethingtrappedintheicepart1,Im an Arctic Researcher... We Accidentally Released Something Trapped in the Ice (Part 1),Story
story_irentedaplacethathoused2murderersinthe60sitdidntgowell,"I rented a place that housed 2 murderers in the 60s, it didnt go well.",Story
story_withtheflood,With the Flood,Story
story_itdoesntsnowlikethisinaustraliawhiteout,It Doesnt Snow like this in Australia - WHITEOUT,Story
story_alwaysrespecttheforestwhenyougocampingfinal,Always respect the forest when you go camping. (Final),Story
story_therearetwoversionsofmychildhoodtapespart2,There are two versions of my childhood tapes. Part 2,Story
story_ihadonejobdontopenthedoor,"I had one job, Dont Open The Door",Story
story_thesecondroominthebasement,The second room in the basement.,Story
story_mybrotherwitheyesmadeofsticks,My brother with eyes made of sticks,Story
story_lucy,Lucy,Story
story_ifyoureceiveatextrevealingthedateofyourdeathitsnotspam,If you receive a text revealing the date of your death... Its NOT spam.,Story
story_whyideletedgrindr,Why I Deleted Grindr,Story
story_stuckonearthandlookingforajobcrystaltears,Stuck on earth and looking for a job: Crystal tears,Story
story_igotoffthedisappearingtrainbutnowiamcapturedpart3,I got off the disappearing train but now I am captured (Part 3).,Story
story_helpmykitchendoorisbrokenandimterrified,HELP! My kitchen door is broken and Im terrified.,Story
story_ifoundalatenighttalkshowoneoftheguestswasacharacterfrommynightmares,I found a late night talk show. One of the guests was a character from my nightmares.,Story
story_mygrandfatherslilacs,My Grandfathers Lilacs,Story
story_thecryingdoll,The crying doll,Story
story_digitaldreadwhenhomesecurityturnssinister,Digital Dread.... When Home Security Turns Sinister,Story
story_somethinginthewoods,Something In The Woods,Story
story_iwasawriteronlittlemermaid2,I was a writer on Little Mermaid 2,Story
story_everheardofthetrolleyproblemwellicanforeseewhichactionsbenefitthegreatestnumberofpeoplebutitsacurse,"Ever heard of the Trolley Problem? Well, I can foresee which actions benefit the greatest number of people. But it’s a curse.",Story
story_unsettlingexperienceasatelemarketerireallywanttoquitthisjob,Unsettling experience as a telemarketer. I really want to quit this job.,Story
story_thatsummerihadnoface,"That summer, I had no face",Story
story_pleasedonotaccepttheinvitationtothenighttournament,Please do not accept the invitation to The Night Tournament,Story
story_mygrandpadiedbutidontthinkhesleft,"My Grandpa Died, But I don’t think he’s Left",Story
story_igotonabusthattookawrongturnbutineverarrivedatmystop,"I got on a bus, that took a wrong turn, but I never arrived at my stop.",Story
story_thedrinktookhim,The Drink Took Him,Story
story_iwantednothingmorethantoseemydaughteragain,I Wanted Nothing More Than to See my Daughter Again,Story
story_isawsomethinginthewoodsofnovascotiacanadaineedtoknowwhatitwas,"I Saw Something In The Woods Of Nova Scotia, Canada. I Need To Know What It Was",Story
story_imaparkrangerwhogotpromotedtocryptidhunter,Im a park ranger who got promoted to cryptid hunter,Story
story_iwasborntwelveminutesaftermidnight,I was born twelve minutes after midnight,Story
story_thisismyonlinediaryaboutmyhorribleofficeandwhyiamsureallofmycoworkersaretoxic,This is my online diary about my horrible office and why I am sure all of my coworkers are toxic.,Story
story_imstayingatpinecreeklodgebutijustfoundajournalinadraweranditsgivenmechills,Im staying at Pine Creek Lodge but I just found a journal in a drawer and its given me chills.,Story
story_bessie,Bessie,Story
story_dontsmileatthemoroseman,Don’t smile at the Morose Man.,Story
story_thebuzzpart1,The Buzz part 1,Story
story_ithinkthetreeoutsidemywindowwantsmedead,I think the tree outside my window wants me dead.,Story
story_grandmacamehomelastchristmas,Grandma Came Home Last Christmas,Story
story_lastchristmasmyhousematesandiwereheldhostagebyourselves1,"Last Christmas, my housemates and I were held hostage by... ourselves. (1)",Story
story_jimtheexterminator,Jim The Exterminator,Story
story_thegrimreapervisitedme2daysagohetoldmeihave2days,"The grim reaper visited me 2 days ago, he told me I have 2 days.",Story
story_chimpgame,Chimp Game,Story
story_iinsertedanoldcdintomytvandnowitwontturnoffanyoneknowhowtofixit,"I inserted an old CD into my TV, and now it wont turn off. Anyone know how to fix it?",Story
story_thedarkweb,The dark web,Story
story_itriedgettingsomeeasymoneyandthen,"I tried getting some easy money, and then..",Story
story_thenumbersstation,The Numbers Station.,Story
story_imetachildhoodfriendinmyhometownherrequestleftmedamagedbeyondrepair,I met a childhood friend in my hometown. Her request left me damaged beyond repair.,Story
story_itonlycomesonchristmaseve,It Only Comes on Christmas Eve,Story
story_everynightitransformintoanogre,Every night I transform into an Ogre,Story
story_iwasalmosthisgirl,I Was Almost His Girl,Story
story_ivebeenapartofmanyritualsandsupernaturalgamesifyourelookingforrecommendationspart1,"Ive been a part of many rituals and supernatural games, if youre looking for recommendations [Part 1]",Story
story_ifoundastrangeroomthatshouldntexist,I found a strange room that shouldnt exist...,Story
story_mysonsfrienddannypart4final,My Sons Friend Danny (Part 4) (Final),Story
story_mygreatgrandfatherfoundedatownthatdoesntexistnowithinkimbeingdrawnthere,"My great-grandfather founded a town that doesnt exist. Now, I think Im being drawn there.",Story
story_imstuckinanendlesstrain,Im stuck in an endless train.,Story
story_ifoundabodyinthewoodsandimgoingtobemurderedbythesamepeoplewhoputitthere,I found a body in the woods and Im going to be murdered by the same people who put it there,Story
story_ihadaneardeathexperiencewheniwasfifteeniknowthetruthabouttheafterlifeitsmoreterrifyingthanyoucanimaginepartten,I had a near-death experience when I was fifteen. I know the truth about the afterlife. Its more terrifying than you can imagine. PART TEN,Story
story_iwasrecruitedbyaspecialdivisionoftheciapart1,I was recruited by a “Special Division” of the CIA: Part 1,Story
story_campinginhighschool,Camping in high school,Story
story_acryptidkilledmyexbestfriendpart5,A Cryptid Killed My Ex-Best Friend (Part 5),Story
story_theycameatnight,They Came At Night,Story
story_myneighborshavedisappeared,My neighbors have disappeared.,Story
story_mindthebirds,Mind the Birds,Story
story_iwashidingmyuniversitysbathroomduringalockdownbutiwasnttheonlyonethere,"I Was Hiding My Universitys Bathroom During a Lockdown, But I Wasnt The Only One There",Story
story_myhusbandwontleavemyside,My husband won’t leave my side.,Story
story_imatruckdrivermylastdeliverywillhauntmeforever,"Im a truck driver, my last delivery will haunt me forever",Story
story_theskinwalkerfoundme,The skinwalker found me,Story
story_mywifefoundsomethingstrangewhilewewerecampingandsherefusestoputitdown,"My wife found something strange while we were camping, and she refuses to put it down.",Story
story_whatthepolicehidefromyoufromanofficersperspective,"What the police hide from you, From An officers perspective.",Story
story_iworkatahotelformissingpeopletheyhavetwistedideasofentertainment,I work at a hotel for missing people: They have twisted ideas of entertainment,Story
story_thebeastofcarterslakefinal,The Beast of Carters Lake. Final,Story
story_ilostmyeyebutitwasmyownfault,I Lost My Eye But It Was My Own Fault,Story
story_adayinthelifeoftherulesimustfollowtoliveinmyluxuryapartment,A day in the life of the rules I must follow to live in my luxury apartment,Story
story_imadarkwebcourierandthesearemystoriespart6,Im a dark-web courier and these are my stories (Part 6),Story
story_imsorryaboutthefrog,Im sorry about the frog.,Story
story_somethingkeepskillingthecatsinmynewneighborhood,Something Keeps Killing the Cats in my New Neighborhood,Story
story_thenightshiftatmcdonaldsthatmademeresign,The night-shift at McDonalds that made me resign,Story
story_frankiesfriends,Frankies Friends,Story
story_mybrotherssubmarineismissingandimoneoffewwhoknowswhathappened,My brothers submarine is missing and Im one of few who knows what happened,Story
story_ishouldnthaveburiedmymomsashesonthehowlingmountain,I shouldn’t have buried my mom’s ashes on the Howling Mountain,Story
story_somethingiswrongwithmycousinpart1,Something is wrong with my cousin part 1,Story
story_thewhistler,The Whistler,Story
story_dontmakewisheswhenyourspeakerspumpingtunes,Dont make wishes when your speakers pumping tunes.,Story
story_imaterriblebrother,Im a terrible brother.,Story
story_psadontwandercemeteriessober,PSA: Dont wander cemeteries sober,Story
story_iworkonapollutedrivertheressomethingbighidingatthebottom,I work on a polluted river. Theres something big hiding at the bottom.,Story
story_ithinkmybrainistryingtokillme,I think my brain is trying to kill me,Story
story_mybrothergotlostinthewoods,My brother got lost in the woods,Story
story_skindeep,Skin Deep.,Story
story_thewomaninthewindow,The woman in the window,Story
story_ifsomeonewantstofindyoutheywillfindyoupart4final,"If someone wants to find you, they will find you (part 4) (final)",Story
story_iemailedmysonschristmaslisttosantaididntexpecttogetaresponse,I emailed my son’s Christmas list to Santa. I didn’t expect to get a response.,Story
story_notmyeyes,Not my eyes,Story
story_ididntknowwehadabasementupdatesoaboutmyfamilypart4,I didn’t know we had a basement. Update: So about my family... [Part 4],Story
story_ifoundthestaticchasers,I found the static chasers,Story
story_ifoundoutthatitsnotalwaysbesttospendtheholidayswithfamily,I found out that its not always best to spend the holidays with family.,Story
story_amariahcareysongkilledmyfriends,A Mariah Carey song killed my friends.,Story
story_eternityissilent,Eternity Is Silent,Story
story_atornadodestroyedmyhomeandithinkgodsentit,A tornado destroyed my home and I think God sent it.,Story
story_deadmonth,Dead Month,Story
story_theresnoplacelikehellfortheholidays,Theres No Place Like Hell For The Holidays,Story
story_theplacewherelostmagictricksgo,The Place Where Lost Magic Tricks Go,Story
story_somethingunexplainablehappenedtomeinthewoods,Something Unexplainable Happened to me in the Woods,Story
story_mystreetstwiceaslongatnightasitisduringthedaypt2final,My streets twice as long at night as it is during the day pt.2 (final),Story
story_christmasbingo,Christmas Bingo,Story
story_hasanyoneelsebeengettingdisturbingchristmascardsfinalupdate,Has anyone else been getting disturbing Christmas cards?- final update,Story
story_christmaseveinthelandofthedead,Christmas Eve in the Land of the Dead,Story
story_shaetangscursedchristmastoyshop,Shae Tangs Cursed Christmas Toy Shop,Story
story_therearethingsworsethanthekrampus,There are things worse than the Krampus,Story
story_istolesomeonionsnowimazookeeperforexoticcreaturespartone,I Stole Some Onions; Now Im a Zookeeper for Exotic Creatures (Part One),Story
story_myfriendsandidiscoveredahiddenwildlifesanctuarytheanimalshereareunusual,My friends and I discovered a hidden wildlife sanctuary. The animals here are…unusual.,Story
story_imaninternforthemidwestanomalyandcryptidremovalorganizationthisisourbusiesttimeoftheyearandidontmeanforholidayshopping,"Im an intern for the Midwest Anomaly and Cryptid Removal Organization. This is our busiest time of the year, and I dont mean for holiday shopping",Story
story_nothingleft,Nothing Left,Story
story_ifyoueverfindasecludedhousewithinthewoodsdonotgoinside,"If you ever find a secluded house within the woods, do not go inside",Story
story_howtosurvivetheholidays,How to Survive the Holidays,Story
story_thesnowmenthatappearedovernightlookedalotlikeus,The snowmen that appeared overnight looked a lot like us.,Story
story_mybestfriend,My Best Friend,Story
story_iamasubcontractorforanagencythatfightsmonstersmission2,I am a sub-contractor for an agency that fights monsters: Mission 2,Story
story_thelastnightbeforechristmas,The Last Night Before Christmas,Story
story_agentinthewoodsfamilytiesfinal,"Agent In The Woods, Family Ties. Final",Story
story_helpthereissomethingseverelywrongwithmydoll,Help! There is something severely wrong with my doll,Story
story_iwrotealettertosantain1999ellisonmaconkingwasfinallyexecutedforhiscrimeslastnight,I wrote a letter to Santa in 1999. Ellison Macon King was finally executed for his crimes last night.,Story
story_bynowweveallheardthetaglineeveryoneneedsaskincareroutineimheretotellyouthatsnotalwaysthecase,By now we’ve all heard the tagline “everyone needs a skincare routine”. I’m here to tell you that’s not always the case.,Story
story_mynameisgavinreserexdarkconvoyneverapologizeforkillingshitheadsandlightthefuckersonfirewhenyouredone,"My name is Gavin Reser, Ex-Dark Convoy. Never apologize for killing shitheads. And light the fuckers on fire when youre done.",Story
story_fatherchristmas,Father Christmas,Story
story_themidnighttrainpart3theweepingbrideandthemanwiththebriefcase,The Midnight Train [Part 3] - The Weeping Bride and the Man with the Briefcase,Story
story_toseegrandpaagain,To see Grandpa again,Story
story_somethingwretched,Something Wretched,Story
story_motelcallisto,Motel Callisto,Story
story_thebeastofthebackwoodspart1,"The Beast of the Backwoods, part 1",Story
story_ijustateatarestaurantwheretheyservedhumanflesh,I just ate at a restaurant where they served human flesh,Story
story_theresanewsocialmediatrendcalledskinpostingiwishidneverheardofit,There’s a New Social Media Trend Called “Skinposting”. I Wish I’d Never Heard of it.,Story
story_thewickersagasongofjoypart19,"The Wicker Saga: Song of Joy, Part 19",Story
story_mychildhoodfriendsaregoingmissingimafraidimightbenextpart1,My childhood friends are going missing. Im afraid I might be next. (Part 1),Story
story_ifoundacrownonmydoorstepmywholelifewasalie,I Found A Crown On My Doorstep. My Whole Life Was A Lie.,Story
story_ifoundmylikenessinatorturegame2cuttingdeeper,I Found My Likeness in a Torture Game 2: Cutting Deeper,Story
story_itwasneverjustagame,It was never just a game.,Story
story_bonecreekpart2,Bone Creek (Part 2),Story
story_myfatherwenttoanoraclebeforeiwasborn,My Father Went to an Oracle Before I was Born,Story
story_wemovedtothemountainsinsearchofafreshstartandpickedupashapeshifterontheway,We moved to the mountains in search of a fresh start... and picked up a shapeshifter on the way.,Story
story_imanunpaidinternanditsweirdhere,Im An Unpaid Intern And Its Weird Here,Story
story_survivingsouthwickmanorthecutthroatlady,Surviving Southwick Manor - The Cutthroat Lady,Story
story_darkwater,Dark Water,Story
story_thepaintingabovemybed,The Painting Above My Bed.,Story
story_anundeadarmylivesbeneathunclebobswickedandwildwaterpark,An Undead Army Lives Beneath Uncle Bobs Wicked and Wild Water Park,Story
story_idelivermailtocryptidsmyfirstdaydidnotgowell,I deliver mail to cryptids. My first day did not go well...,Story
story_iwentbabysittingbuttherulesareweird,"I went babysitting, but the rules are weird..",Story
story_ihaveaninsatiablehungerforputridmeat,I have an insatiable hunger for putrid meat.,Story
story_ifyoucomeacrossmylittlebrotheriamsorry,"If You Come Across My Little Brother, I Am Sorry",Story
story_akidinmyclassisaparanormaldetectivetodaywehadtokillavampiredog,A kid in my class is a paranormal detective. Today we had to kill a vampire dog.,Story
story_latenightunexpectedvisitor,Late Night Unexpected Visitor,Story
story_ifoundanoldchildhoodphototheressomethingterriblywrongwithit,I found an old childhood photo. Theres something terribly wrong with it,Story
story_experiencingtheothersideofthings,Experiencing the other side of things,Story
story_imanastronautihaveonelastthingidobeforeidie,Im an astronaut. I have one last thing I do before I die.,Story
story_thewell,The Well,Story
story_itissnowingfeathers,It is snowing feathers,Story
story_themidnighttrainpart2thestoryofcompartment18,The Midnight Train [Part 2] - The Story of Compartment 18,Story
story_weveseensomeweirdthingsontheroadpart11,Weve Seen Some Weird Things On The Road (Part 11),Story
story_theemptydetectivepart1,The Empty Detective (Part 1),Story
story_thetrainthatledmetothegates,The train that led me to the gates.,Story
story_iwouldliketotellyouaboutthetreeinmyhometown,I Would Like to Tell You About the Tree in my Hometown.,Story
story_imascientistresearchingancientstructuresbutthisoneisdifferentpart2,"Im a scientist researching ancient structures, but this one is... different. [Part 2]",Story
story_monstermercenary,Monster Mercenary,Story
story_anoldtvplayedtheoutcomeofthechoicesididntmake,An old TV played the outcome of the choices I didnt make.,Story
story_adarkcloudfollowsme,A Dark Cloud Follows Me,Story
story_thehunt,The Hunt,Story
story_ivecatalogedexactlywhatirememberisanyoneoutthereamitalkingtomyself,Ive cataloged exactly what I remember. Is anyone out there? Am I talking to myself?,Story
story_thelongleggedbeastofthemaguraforest,The long-legged beast of the Magura Forest,Story
story_trytodiewithopeneyes,Try to die with open eyes,Story
story_ithoughtihitadeer,I thought I hit a deer,Story
story_thenightinquestion,The Night In Question,Story
story_myunclesestatepart2,My Uncles Estate [Part 2],Story
story_iwassenttoinvestigateanabandonedhouse,I was sent to investigate an abandoned house.,Story
story_sisterhoodpart1,Sisterhood (Part 1),Story
story_sophiasbody,Sophias Body,Story
story_weknewsomethingwaswrongwhenthetreesbegantomove,We Knew Something was Wrong When the Trees Began to Move,Story
story_mysisterdisappearedthreeyearsagoiregretfacingtheculpritlastnight,My Sister Disappeared Three Years Ago. I Regret Facing the Culprit Last Night.,Story
story_iamusedtolatenightvisitorsbutthisonegavemethechillsfinal,"I am used to late night visitors, but this one gave me the chills. FINAL",Story
story_istartedusinganapptotrackmysleepandnowillnevereatcinnamontoastagain,"I started using an app to track my sleep, and now Ill never eat cinnamon toast again.",Story
story_ithoughtiwouldbeinprisonforlifeineverknewiwouldbereleased,I thought I would be in prison for life. I never knew I would be released.,Story
story_istayedinanoldcastleduringmystudyabroadtripmyvisitwasmostlynormalexceptforthelegendofthesingingwoman,"I stayed in an old castle during my study abroad trip. My visit was mostly normal, except for the legend of the Singing Woman.",Story
story_adeviloftheirown,A Devil of their own,Story
story_theeyes,The Eyes,Story
story_howtosurvivecampingthemotherless,How to Survive Camping - the motherless,Story
story_timehasstoppedbutimawareofwhathappenswheneverythingisfrozen,"Time has stopped, but I’m aware of what happens when everything is frozen.",Story
story_iwishihadntkept2020asecretandnowiwontkeep2021asecreteither,I wish I hadnt kept 2020 a secret and now I wont keep 2021 a secret either,Story
story_idontknow,I Don’t Know,Story
story_myyokaiwifesannoyingexboyfriendistryingtokillmepart10,My Yokai Wifes Annoying Ex-Boyfriend is Trying to Kill Me (Part 10),Story
story_haveyoueverseenthegrievingangel,Have you ever seen the Grieving Angel?,Story
story_mylasthike,My Last Hike,Story
story_ifoundanoldtypewriterinmychildhoodhomesatticishouldveleftitalone,I found an old typewriter in my childhood home’s attic. I should’ve left it alone.,Story
story_inmycitythebugbearcomeseverynight,"In my city, the bugbear comes every night",Story
story_amancomesandstandsunmovingoutsidemydooreverydayidontthinkimsupposedtolethimin,A man comes and stands unmoving outside my door every day. I don’t think I’m supposed to let him in.,Story
story_iputupsecuritycamerasinmyapartmenticometoregretit,"I Put Up Security Cameras In My Apartment, I Come To Regret It",Story
story_afterhoursvetreceptionistnerfedout,After Hours Vet Receptionist: Nerfed Out,Story
story_myfriendtookaflighttoaustraliabutithinksheendedupsomewhereelseandmightbeindanger5,"My friend took a flight to Australia, but I think she ended up somewhere else and might be in danger [5]",Story
story_hungryhungryhungry,Hungry.. Hungry.. HUNGRY..,Story
story_doyoureyeshavelittlefloatersdoyoursalsodothis,Do your eyes have little floaters? Do yours also do this?,Story
story_imarangeratthemostdangerousnationalparkinamericasomethingiskillingoffcamperspart1,Im a ranger at the most dangerous national park in America. Something is killing off campers. [Part 1],Story
story_helivesinthemoon,He lives in the moon,Story
story_mydaughterhasanewfriendthaticannotmeet,My daughter has a new friend that I cannot meet,Story
story_imondisplayatmrmccallistersodditoriumsomeonepleasehelpmeescapepart4,"Im on display at Mr. McCallisters Odditorium. Someone please, help me escape. (Part 4)",Story
story_iamamercenaryforthesupernaturalwhoalmostdiedonmyfirstmission,I Am A Mercenary For The Supernatural Who Almost Died On My First Mission,Story
story_amaninevermetfollowedmehomefromtheboardwalk,A Man I Never Met Followed Me Home From the Boardwalk.,Story
story_thereissomethingweirdgoingoninmyhouse,There is something weird going on in my house.,Story
story_hasanybodyusedthephyskidsapp,Has Anybody Used the PhysKids App?,Story
story_in2015ienteredahauntedmazewithfiveofmybestfriendsandonlyicameoutpart5,In 2015 I entered a haunted maze with five of my best friends and only I came out. [Part 5],Story
story_talesfromsilveroaksthepeacefulhourpartfour,Tales from Silver Oaks: ‘The Peaceful Hour’ - Part Four,Story
story_donteverplaythemirrorgamecalledbillythebouncingbutcher,Don’t ever play the mirror game called “Billy the Bouncing Butcher”.,Story
story_angelcreek,Angel Creek,Story
story_trapdoor,Trap Door,Story
story_mygrandmadiedandpasseddownhercabintomybrotherandmesomethinghorriblehappenedtomybrotherandithinksomebodyscomingsomebodynotfromthisworld,"My grandma died and passed down her cabin to my brother and me. Something horrible happened to my brother, and I think somebodys coming. somebody not from this world.",Story
story_myneighbormurderedmydadaftersearchinghishousefollowinghisarresticantsayiblamehim,"My neighbor murdered my dad. After searching his house following his arrest, I cant say I blame him.",Story
story_wediscoveredanewislandinthepacificoceanidratherdiethangobacktherepart3,We Discovered a New Island in the Pacific Ocean. Id Rather Die than Go Back There [Part 3],Story
story_icheckedintohotelzenithtowin1milliondollarsandthefourthchallengemessedmeupgood5,I checked into Hotel Zenith to win 1 million dollars and the fourth challenge messed me up good. [5],Story
story_ihavetheabilitytotouchobjectsbutonlywhenthepowerisonintheattic,"I have the ability to touch objects, but only when the power is on in the attic.",Story
story_iboughtapossessedclockandidontknowwhattodo,I bought a possessed clock and I dont know what to do.,Story
story_imetmyaunttheotherdayshesbeendeadsinceiwasachild,"I met my aunt the other day, shes been dead since I was a child",Story
story_mytownforgothowtodream,My Town Forgot How to Dream,Story
story_worldserpent,World Serpent,Story
story_timehasafunnywayofalteringtheonesconvictionstoobaditisntalwaysforthebest,Time has a funny way of altering the ones convictions. Too bad it isnt always for the best.,Story
story_badrabbit,Bad Rabbit,Story
story_udleytheappwhereyoucangetanythingdelivered,Udley - the app where you can get ANYTHING delivered,Story
story_therewassomethingthatcametomewhileiwasswimming,There was something that came to me while I was swimming.,Story
story_threequickfactsbeforeitellyouthestoryofmyfiancsdeath,Three quick facts before I tell you the story of my fiancés death,Story
story_theresaweirdcreaturewithyelloweyesstalkingmeandhewontleavemealonepart1,"Theres a weird creature with yellow eyes stalking me, and he wont leave me alone. [PART 1]",Story
story_dontgotosaintjamespark,dont go to saint james park.,Story
story_theressomethingwrongwithmyboyfriendandhisparentsday3,There’s something wrong with my boyfriend and his parents. Day 3,Story
story_theburnedphotopart6,The Burned Photo [Part 6],Story
story_soihavehadaheadacheforweekspart2,So I have had a headache for weeks (Part 2),Story
story_thewhisper,The Whisper,Story
story_alloftheadultsatmyboardingschoolhavevanishedwithoutatracepart1,All of the adults at my boarding school have vanished without a trace [Part 1],Story
story_theinbetween,The in between,Story
story_iwasbrainwashedmywholelifeimfinallyfree,I was brainwashed my whole life. I’m finally free,Story
story_lightsinthenightsky,Lights in the night sky,Story
story_thegraveyardkillsatmidnightnomatterwhatidoicantstopit,"The graveyard kills at midnight. No matter what I do, I cant stop it.",Story
story_someonetriestokillmeeverydaypart3,Someone tries to kill me everyday... (Part 3),Story
story_dontletyourchildrenhaveimaginaryfriends,Dont let your children have imaginary friends,Story
story_iworkedforaconstructioncompanyintheearly90swefoundsomething,I worked for a construction company in the early ‘90s. We found something.,Story
story_mygrandfatherdiedbeforeiwasbornimethimwheniwas9,My grandfather died before I was born – I met him when I was 9.,Story
story_threewaytrafficahead,Three-Way Traffic Ahead,Story
story_itooklsdfromastrangeridontrememberwhoiam,I took LSD from a stranger I dont remember who I am.,Story
story_talesfromalonelymotel,Tales From A Lonely Motel,Story
story_myrecentlydeceaseddadwasacompletepsychopathandnowhesusinghiswilltofuckwithmyfamily,"My recently deceased dad was a complete psychopath, and now hes using his Will to fuck with my family",Story
story_myfrienddisappearedintothecaveswheremonstersaremeanttolive,My Friend Disappeared into The Caves Where Monsters Are Meant to Live,Story
story_ihitsomethingstrangewhiledrivingthroughthewoodslastnight,I Hit Something Strange While Driving Through the Woods Last Night,Story
story_iburneddowntheshoetreeinmitchelloregon,"I burned down the shoe tree in Mitchell, Oregon.",Story
story_ibabysatsatanskidforanightpart2,I babysat Satans kid for a night; part 2,Story
story_itliesbelowpart1,"It Lies Below, Part 1",Story
story_thecopsaremonsters,The Cops are Monsters,Story
story_lostshadow,Lost Shadow,Story
story_itriedtoescapefromthepsychlab,I tried to escape from the Psych Lab,Story
story_imetawitch,I met a Witch,Story
story_ilostmyvirginitytomygirlfrienditturnedmeintoamonsterpart5,"I Lost My Virginity to My Girlfriend, It Turned Me into a Monster. Part 5",Story
story_ourplanecrashedinajunglewewerentflyingoverandtheressomethinginthetrees,"Our Plane Crashed In A Jungle We Werent Flying Over, And Theres Something In The Trees.",Story
story_andtheyallwentmissing,And they all went missing:,Story
story_nevereveracceptahalfboundleatherbookpart1,Never EVER accept a half-bound leather book [Part 1],Story
story_donotcloseyoureyesduringashower,Do Not Close Your Eyes During a Shower,Story
story_ivelivedtodaybeforeandnowiknowimgoingtoliveitagain,"Ive lived today before, and now I know Im going to live it again.",Story
story_thegargoylesweresupposedtoprotectusbutnowiknowthetruthpart1,"The gargoyles were supposed to protect us, but now I know the truth. [Part 1]",Story
story_whereami,Where am I?,Story
story_iinstalledhiddencamerastocatchmywifecheatingwhatisawinthefootagewasmuchworse,I installed hidden cameras to catch my wife cheating. What I saw in the footage was much worse.,Story
story_ijustmetthelonesurvivorofavillagethatdisappeared200yearsago,I just met the lone survivor of a village that disappeared 200 years ago.,Story
story_tragedyatdisneystoontownpart2,Tragedy at Disneys Toontown - Part 2,Story
story_worstpokerthativeeverplayed,Worst poker that ive ever played.,Story
story_deathbedconfessions,Deathbed Confessions,Story
story_watchingmewhileisleep,Watching me while I sleep,Story
story_thepeculiarcaseatwonderland,The Peculiar Case at Wonderland,Story
story_ineedyourhelp,I need your help,Story
story_mylocaltheaterrecentlyscreenedafilmcalledmrblankeverybodywhoswatchedithasnowgonemissing,My local theater recently screened a film called Mr. Blank. Everybody whos watched it has now gone missing.,Story
story_conversationwithmomthroughthedoor,Conversation with mom through the door,Story
story_donboroughcreek,Donborough Creek,Story
story_hisnameisrandy,His Name Is Randy,Story
story_bakusbassinet1,Bakus Bassinet [1],Story
story_ihavethemostoddandterrifyingdreams,I have the most odd and terrifying dreams,Story
story_theressomeweirdstormonthehorizonandimsortafreakingout,Theres some weird storm on the horizon and Im sorta freaking out.,Story
story_itookajobcleaningmylocalcemeteryatnightireallywishihadntpart1,I took a job cleaning my local cemetery at night. I really wish I hadnt. Part 1,Story
story_guidelinesfordevilsbroodteachers,Guidelines for De Vilsbrood Teachers,Story
story_imahighschoolstudenttheghostivebeenplayingtenniswithforyearssaidhesgoingtokillme,Im a high school student. The ghost Ive been playing tennis with for years said hes going to kill me.,Story
story_thesamaritan,The Samaritan,Story
story_ijustmovedintoanewapartmentandithinkitishaunted,I just moved into a new apartment and I think it is haunted,Story
story_iwokeupinapostapocalypticworldandidontrememberanythingpart2,"I woke up in a post-apocalyptic world, and I don’t remember anything (Part 2)",Story
story_casefile703casefile705,case_file_7.03-case_file_7.05,Story
story_threemonthsagomyfriendwasabductedtodayiwastoo,"Three months ago my friend was abducted, today I was too",Story
story_thisisalphatester021499letmeout,This is alpha tester #021499 LET ME OUT,Story
story_thelightswentout,The lights went out,Story
story_doyouknowthischild,do you know this child,Story
story_caniplaytoo,Can I play too?,Story
story_afriendexperiencedanagonizingitch,A friend experienced an agonizing itch,Story
story_heisntwhatithought,He isnt what I thought,Story
story_ifoundanotebookinanabandonedshedinthewoodswhilecampingwhatitsaidisdeeplydisturbingpart2,I found a notebook in an abandoned shed in the woods while camping. What it said is deeply disturbing. Part 2,Story
story_myexperienceinjuvenileprisonwillhauntmeforlife,My experience in juvenile prison will haunt me for life.,Story
story_someoneistormentingmeinadiscordchatroom,Someone is tormenting me in a discord chatroom.,Story
story_whatshidinginmyfriendshouse,Whats hiding in my friends house?,Story
story_visionsorwhateveriwasgoingthroughasateenagerchild,Visions or Whatever I was going through as a teenager / child.,Story
story_thefaceonmyshowerwall,The Face On My Shower Wall,Story
story_theresatinymanlivinginmyapartment,Theres a tiny man living in my apartment.,Story
story_funeralspotting,Funeral Spotting,Story
story_thelighthousechapel,The Lighthouse Chapel,Story
story_mynewdogisscaringme,My new dog is scaring me.,Story
story_theotherroom,The Other Room,Story
story_thekillinghousepart3,The Killing House [Part 3],Story
story_ladiesdontdowhatihavedone,"Ladies, dont do what I have done",Story
story_ithinkigainedthepowertocollectsoulshardsandidontknowwhattodo,I think I gained the power to collect soul shards and I dont know what to do.,Story
story_theoldmanandthesea,The Old Man and the Sea,Story
story_ilovemyjobandifeellikeimdying,I love my job and I feel like Im dying,Story
story_everytimemynameiscalledsomeonediespart1,"Every time my name is called, someone dies (part 1)",Story
story_mygrandfathertooklsdinvietnamandpissedoffadeity,My grandfather took LSD in Vietnam and pissed off a deity,Story
story_thebookofautonomancyselflovepotion10part21,The Book of Autonomancy: Self-Love Potion #10 (Part 21),Story
story_mydentistwasgoingtokillmesoihadtotakemattersintomyownhands,"My dentist was going to kill me, so I had to take matters into my own hands",Story
story_ithinkimademonandmycatsaretoopartone,"I think I’m a demon, and my cats are, too (part one)",Story
story_iworkatabodyfarmandsawsomethingiwasntsupposedto,I work at a Body Farm and saw something I wasnt supposed to,Story
story_imatherapistandmypatienthasanextremelyunusualaddiction,"Im a therapist, and my patient has an extremely unusual addiction",Story
story_thedeepfreezepartone,The Deep Freeze (Part One),Story
story_underthebedabovetheearth,"Under The Bed, Above The Earth",Story
story_iamlookingforreliefbutiwontfindit,"I am looking for relief, but I wont find it.",Story
story_ihadtoquitmyjobintheoldcemetery,I had to quit my job in the old cemetery,Story
story_myhouseseemstohavebeenbrokenintobutsomethingsstrange,"My house seems to have been broken into, but somethings strange.",Story
story_thechroniclesofthesouvenirshop,The Chronicles of the Souvenir Shop,Story
story_wordstoalibrarian,Words to a Librarian,Story
story_raweyes,Raweyes...,Story
story_themysterybehinddaedaluspart3,The Mystery Behind Daedalus (part 3),Story
story_theannunciation,The Annunciation,Story
story_aguidetomagicwisping,A Guide To Magic: Wisping,Story
story_mylittlesisterdisappeared3yearsagonooneremembersherexceptmepart2,My little sister disappeared 3 years ago. No one remembers her except me. [PART 2],Story
story_thelightsroad,The lights road,Story
story_imacopandiinstitutionalizedsomeoneiknewwasntcrazypart6,Im a cop and I institutionalized someone I knew wasnt crazy (Part 6),Story
story_oldhospitalofnightmares,Old Hospital of Nightmares,Story
story_midnightatthetrain,Midnight at the Train,Story
story_thisworldishometomorehorrorsthanyoucouldimagine,This world is home to more horrors than you could imagine.,Story
story_theboywhoseesthings,The boy who sees things...,Story
story_thecreatureinthewoods,The Creature In The Woods,Story
story_itsgettingcloserupdate,Its Getting Closer..... (UPDATE),Story
story_dreamwalker,Dreamwalker.,Story
story_lettersunkown,Letters Unkown,Story
story_acrosstheroadpart1,"Across The Road, Part 1",Story
story_rosesredandvioletsblueyoucantseemebuticanseeyoupart2,"Roses Red and Violets Blue, You Cant See Me, But I Can See You (Part 2)",Story
story_theoutsidersvisionsandvisitations,The Outsiders: Visions and Visitations,Story
story_thenightmareexperiment,The Nightmare Experiment,Story
story_everyhalloweenmymumdressesupasanalien,"Every Halloween, my Mum Dresses up as an Alien",Story
story_beforeyoudrinkcokeagainreadthis,"Before you drink Coke again, read this.",Story
story_someonewasinmyapartment,Someone was in my apartment,Story
story_glitterballonalonesomeroad,Glitter Ball on a Lonesome Road,Story
story_therewasadoglivinginaseeminglyabandonedhouse,There Was a Dog Living in a Seemingly Abandoned House,Story
story_amessagefromthedeep,A message from the deep,Story
story_jessicamydeadsister,"Jessica, my dead sister.",Story
story_thereisadoorwaytoanotherdimensioninthewoodsbehindmyhousepart1,There is a doorway to another dimension in the woods behind my house [Part 1],Story
story_thefeelingoflosingtheonlypersonwhomakesyouhappy,The feeling of losing the only person who makes you happy,Story
story_allmyfriendsaredead,All My Friends Are Dead,Story
story_splitminds,Split Minds,Story
story_sacredsoulsii,"Sacred Souls, II",Story
story_weirdapartmentupdate,Weird Apartment: Update,Story
story_iburneddownmyneighborshouse,I Burned Down My Neighbors House,Story
story_ithinkhesstillinhishouse,I think hes still in his house.,Story
story_isurvivedthesleepawaycampmassacreof03parttwo,I Survived the Sleep-Away Camp Massacre of 03. Part Two.,Story
story_ahomelessmankidnappedmeandforcefedmetoenails,A homeless man kidnapped me and force fed me toenails,Story
story_gowiththelight,Go with the light,Story
story_theressomethinginthewoodsintallahassee,Theres Something in the Woods in Tallahassee,Story
story_theunsolvedcaseofangelawhitmancf1,The Unsolved Case Of Angela Whitman. CF1.,Story
story_spiritsonlyshowthemselvestotheinnocentpart1,Spirits only show themselves to the innocent part 1,Story
story_ikeepaskingmyselfwhatrealityis,I Keep Asking Myself What Reality Is,Story
story_thetrain,The Train,Story
story_everyonesaystheywouldrunintoaburningbuildingtosavetheirkidsfinal,Everyone says they would run into a burning building to save their kids...(Final),Story
story_wheredoesallthefoodgo,Where does all the food go?,Story
story_igotintoabitoftroublewiththesupernatural,I got into a bit of trouble with the supernatural,Story
story_theburner,The Burner,Story
story_videogameaddict,Video Game Addict,Story
story_ithinkimgoinginsaneherearetheweirdthings,"I Think Im going insane, here are the weird things",Story
story_thelastmomentsofsunlight,The Last Moments of Sunlight.,Story
story_order04749,Order # 04749,Story
story_whyamihereaskedtheoldladyinthecasket,Why am I here? asked the old lady in the casket.,Story
story_howaspamtextruinedmymarriage,How a spam text ruined my marriage,Story
story_everyonesaidsevenpart4,Everyone said seven (part 4),Story
story_ithinkmymomisakiller,I Think My Mom is a killer,Story
story_whoarethesepeopleswhatcouldtheybe,Who are these people’s ? What could they be ?,Story
story_silothreepartfour,Silo Three (Part Four),Story
story_mysisterwentmissing13yearsagoijustfoundaconversationonheroldcomputer,"My sister went missing 13 years ago, I just found a conversation on her old computer",Story
story_ithinkitsfromspace,I Think Its From Space,Story
story_soundsinthewalls,Sounds in the Walls,Story
story_shouldhavewenttocollege,Should have went to college,Story
story_abumpinthenight,A Bump in the Night,Story
story_icameacrossanaudiodiaryihavenoideawhereitcamefromheresthetranscript,I came across an audio diary. I have no idea where it came from. Heres the transcript.,Story
story_thelocalsarerevoltingagainstus,The locals are revolting against us...,Story
story_hernameislauraanne,Her name is Laura Anne,Story
story_luciddreamingisntwhateveryonesaysitis,Lucid dreaming isn’t what everyone says it is.,Story
story_part2mylovemybabymylosstheirfear,(part 2) My love. My baby. My loss. Their fear.,Story
story_ineverreallythoughtaboutit,I Never Really Thought About It,Story
story_myunclesjournalfoundabandonedinalaska,"My Uncles Journal, Found Abandoned in Alaska.",Story
story_phnixprogrampart1,Phönix program - Part 1,Story
story_thedopplegnger,The Dopplegänger,Story
story_caravanparks,Caravan Parks.,Story
story_mybestfriendwaskilledinahitandrunithinkhesinhell,My best friend was killed in a hit and run. I think hes in Hell.,Story
story_theknockingatthedoor,The knocking at the door,Story
story_thesilentgrovepart3,The Silent Grove (part 3),Story
story_ihuntedmyfamilybeforeitcouldhuntthemfirstpart2,I hunted my family before It could hunt them first. . .(Part 2),Story
story_mycousinsandihadanencounterwithadangerousmentalpatient,My cousins and I had an encounter with a dangerous mental patient...,Story
story_myboyfriendisleavingagain,My boyfriend is leaving again,Story
story_sewerangel,Sewer Angel,Story
story_imneverusingaportapottyagain,Im never using a port-a-potty again,Story
story_incident13growth,Incident 13 : Growth,Story
story_ahelpfulwarning,A helpful warning,Story
story_mygrandmawasawitchdoctor,My Grandma was a Witch Doctor,Story
story_ithinkmybestfriendinhighschoolwasaserialkiller,I think my best-friend in High-school was a serial killer.,Story
story_iboughtanoldcomputergame,I Bought An Old Computer Game,Story
story_haveyoueveractuallysmelledtheroses,Have you ever actually smelled the roses?,Story
story_theperfectsteak,The perfect steak,Story
story_the13thhour,The 13th Hour,Story
story_anattempttodisappear,An Attempt to Disappear,Story
story_idontthinkthethingimtakingcareofisababybird,I Dont Think The Thing Im Taking Care of is a Baby Bird,Story
story_iwasvisitedbysomethingstrangelastnightawendigoaskinwalkerimnotsure,I was visited by something strange last night. A wendigo? A skinwalker? Im not sure...,Story
story_werealwaysontheairat1046part1,Were Always on the Air at 104.6 [Part 1],Story
story_ohdidyouseehim,Oh...Did you see him?,Story
story_coonhunting,Coon Hunting,Story
story_thecandlestickriot,The Candlestick Riot,Story
story_eyesoneevee,EyesOnEevee,Story
story_theditchgame,The Ditch Game,Story
story_thearizonafilestheteddybear,The Arizona Files: The Teddy Bear,Story
story_psychichappenings,Psychic: Happenings,Story
story_thecurfew,The Curfew,Story
story_thecreationofalunatic,The Creation of a Lunatic,Story
story_reality,Reality,Story
story_wefoundatreewithahumanfaceinside,We Found a Tree with a Human Face Inside,Story
story_19852017,1985; 2017,Story
story_thesummerispentnexttoalongabandonedsummercampwassupposedtoberelaxing,The summer I spent next to a long-abandoned summer camp was supposed to be relaxing.,Story
story_ijumped6monthsintothefuture,I Jumped 6 months into the future,Story
story_blackmoldpart3,Black Mold (part 3),Story
story_dealwiththedevilforloseoftime,Deal with the devil for lose of time,Story
story_thebigbadwolf,The Big Bad Wolf,Story
story_thelazinesskiller,The Laziness Killer,Story
story_foundsomethingweirdwhilegeocachingpart2withpictures,Found something weird while Geocaching (Part 2) with pictures,Story
story_myfamilynevergoesoutafterdark,My family never goes out after dark,Story
story_screamsareeffectivealarmclocks,Screams Are Effective Alarm Clocks,Story
story_adeadlygameofredlightgreenlightday2,"A deadly game of Red light, Green Light- Day 2",Story
story_iamasoutheastasianandihavestoriescollectedbymyelderstoshare,I am a Southeast Asian and I have stories collected by my elders to share.,Story
story_thenextwipeisin11hours17minutesand28seconds,"The next wipe is in 11 hours, 17 minutes, and 28 seconds.",Story
story_sheismygoddess,She is my Goddess,Story
story_thedemoninthestars,The demon in the stars,Story
story_theshadowman,The Shadowman,Story
story_volunteeredinfectedpatients,Volunteered infected Patients,Story
story_ihadaboringlifeonceandthencameblackspace,I had a boring life once. And then came Black Space!,Story
story_incomprehensible,Incomprehensible,Story
story_thenortherncottagespirit,The Northern Cottage Spirit,Story
story_turnoverinonesgrave,Turn Over in One’s Grave,Story
story_burntofferings,Burnt Offerings,Story
story_thedayirealizedimworsethanwhatthejokessay,The day I realized Im worse than what the jokes say...,Story
story_tooperfecttownpart5finalupdate,Too perfect town: part 5- Final Update,Story
story_playingdoctor,Playing Doctor,Story
story_theboywhotalkedwiththetrees,The Boy Who Talked With The Trees,Story
story_ifoundaletterwhileurbanexploring,I found a letter while Urban Exploring,Story
story_thedevilsinthedetailspart3,The Devils in the Details (Part 3),Story
story_thegreatother,The Great Other,Story
story_balsamicbeerbadintentions,Balsamic Beer & Bad Intentions,Story
story_storiesfromacanadianoutpostthrownforaloop,Stories From a Canadian Outpost - Thrown for a Loop,Story
story_iregrethavinganaffair,I regret having an affair,Story
story_ifyouwerechosenasmypartnerwouldyouletmelive,If You Were Chosen as my Partner. Would you Let me Live?,Story
story_somethingisoutsidemyhouse,Something is Outside my House,Story
story_ifollowedher,I Followed Her,Story
story_acemeteryatnight,A Cemetery At Night,Story
story_nevereverplaytheblamegame,Never ever play “The Blame Game”,Story
story_daddyletsplayhideandseek,"Daddy, lets play hide and seek...",Story
story_iboughtstrangersdiariesonebayheresmyexperience,I bought strangers diaries on eBay. Heres my experience.,Story
story_hittingrefresh,Hitting Refresh,Story
story_engagementring,Engagement Ring,Story
story_themanfromthevideospart1,The Man from the Videos (Part 1),Story
story_mycherishedvisitor,My cherished visitor,Story
story_thegirlonthechain,The Girl on the Chain,Story
story_themansdog,The Mans Dog.,Story
story_myolderbrothermaybeastillbornandmyneighbourisawitchtheweepingladypartone,My older brother may be a stillborn and my neighbour is a witch. The Weeping Lady Part One.,Story
story_alfredthesnake,Alfred the Snake,Story
story_doyourememberyourbigbuddy,Do you remember your Big Buddy?,Story
story_thescreamthatwokemeup,The scream that woke me up,Story
story_trunitethemiddle,Tru-Nite - The Middle,Story
story_theainsworths,The Ainsworths.,Story
story_mypropertywasasiteforsomefuckedupstuffpart4,My Property was a Site for some Fucked up Stuff (Part 4),Story
story_howanimalsdidnthelpmept2,How Animals Didnt Help Me [Pt2],Story
story_shefollowsmewhereverigo,She follows me wherever I go...,Story
story_thecircumstancesofshinakihitosdisappearancept2,The Circumstances of Shin Akihitos Disappearance (PT.2),Story
story_icanseetomorrowoutofmylefteye,I can see tomorrow out of my left eye,Story
story_amodesturbandelicacypart2of2,A Modest Urban Delicacy Part 2 of 2,Story
story_theplantplace,The Plant Place,Story
story_mygirlfriendsexjustcantseemtotakeahint,My Girlfriends Ex Just Cant Seem To Take A Hint,Story
story_mysistersnewdoll,My sisters new doll,Story
story_amnesiapart2,Amnesia(Part 2),Story
story_thehalogen2ntintrusionpart2,The Halogen/2NT Intrusion [Part 2],Story
story_myhometownhadverystrictsecuritymeasures,My hometown had very strict security measures,Story
story_unrequitedlove,Unrequited Love,Story
story_mrfranklikestoprepare,Mr frank likes to prepare,Story
story_mothersfavorite,Mothers Favorite,Story
story_thebehaviorofmyotherpersonalityhasstartedtoworryme,The behavior of my other personality has started to worry me.,Story
story_themaninthewoods,The Man in the Woods,Story
story_thehistoryofmyhouse,The History of my House,Story
story_themidnightscreams,The Midnight Screams,Story
story_ifyouhavealuciddreamdonotcommitanyactsofviolenceagainstthethingsyoumeet,"If you have a lucid dream, do not commit any acts of violence against the things you meet",Story
story_thereissomethinghidinginthewoodsaroundmyworkplace,There is something hiding in the woods around my workplace.,Story
story_theoldmaninthewoods,The Old Man in the Woods,Story
story_thenorthwoodsoflowermichiganpartthree,The North Woods of Lower Michigan Part Three,Story
story_thedevilsgate,The Devils Gate,Story
story_omeyislandhasmorethansealsandbirds,Omey Island has more than seals and birds.,Story
story_theevilday,The evil day,Story
story_amidnightfeeding,A midnight feeding,Story
story_tormentedsinceiwasakid,Tormented since I was a kid,Story
story_safetyprecautionsinthekennecottcopperminepart3,Safety Precautions in the Kennecott Copper Mine Part 3,Story
story_thethinginmyroom,The thing in my room,Story
story_raisingdavechapter4,Raising Dave - Chapter 4,Story
story_gameover,Game Over,Story
story_myfirsttriptotheparkofrecoveredmemories,My first trip to the Park of Recovered Memories,Story
story_confessionofawizardpart2,Confession Of a Wizard Part 2,Story
story_ifyoureluckyyoullbemurderedafterreadingthis,If youre lucky youll be murdered after reading this,Story
story_themissinghuntersofjacksoncounty,The Missing Hunters of Jackson County,Story
story_whoyougonnacallcallabbottandcostello,Who you gonna call? Call Abbott and Costello,Story
story_neverplayhitorikakurenboiioniswrath,Never Play Hitori Kakurenbo II- Onis Wrath,Story
story_ihadtostopmywifefrombirthinganempire,I had to stop my wife from birthing an empire.,Story
story_weekatcamp,Week at Camp,Story
story_thecircumstancesofshinakihitosdisappearance,The Circumstances of Shin Akihitos Disappearance,Story
story_iwasanintelligenceofficerforthesecretservicepart2,I was an Intelligence Officer for the Secret Service [Part 2],Story
story_worstjobintervieweverpart4,Worst Job Interview Ever. [Part 4],Story
story_australianbanshee,Australian Banshee,Story
story_thequietlittleshackinthewoodspt2,The quiet little shack in the woods. [Pt. 2],Story
story_theanacodr,The Anacoùdrä,Story
story_imalreadydeadmayaswellmakeitagamepart2,"Im already dead, may as well make it a game. (Part 2)",Story
story_drystonpart6,Dryston. (Part 6),Story
story_johanslabjournalblogpart1,Johans Lab Journal Blog [Part 1],Story
story_myfriendmichaelakawhatitsliketobefollowedbyademon,My Friend Michael AKA What its like to be followed by a demon,Story
story_somethingiswrongwiththehorses,Something is Wrong with the horses,Story
story_caribbeanlorethesoucouyant,Caribbean Lore: The Soucouyant,Story
story_myimaginaryfriend,My Imaginary Friend,Story
story_whathaveidone,What have I done,Story
story_thereareworsethingsinthewoodsthannaturepart1,There are worse things in the woods than nature (Part 1),Story
story_reasonswhyistoppedbeingamassagetherapist,Reasons Why I stopped being a Massage Therapist,Story
story_thedrownedman,The Drowned Man,Story
story_flashesatnight,Flashes at night,Story
story_ihavelivedmylifetryingsohardtoforgetthisstory,I have lived my life trying so hard to forget this story.,Story
story_thegasstationincident,The Gas Station Incident,Story
story_theotherroommate,The Other Roommate,Story
story_istheresomethingtheycanseethaticant,"Is there something they can see, That I cant?",Story
story_ifoundsomethingintheciasdeclassifieddocuments,I Found Something in the CIAs Declassified Documents,Story
story_ialwayshaveweirdexperienceswhenicampadditionalstories,I always have weird experiences when I camp: Additional Stories,Story
story_thecreepiestthingiveeverhadhappenduringnightshift,The creepiest thing Ive ever had happen during night shift.,Story
story_iveneverbeenabletoexplainthis,I´ve never been able to explain this.,Story
story_iamdonegoingtochurchpartone,I am Done Going to Church [Part One],Story
story_theboywhospeakstogod,The Boy Who Speaks to God,Story
story_thenightimettommytaffy,The Night I Met Tommy Taffy,Story
story_ohsomanyshanes,Oh so many Shanes,Story
story_streetlightsturnoffwhenimnearthem,Streetlights turn off when Im near them...,Story
story_christmasjustgotalotdarker,Christmas just got a lot darker.,Story
story_whatisasoul,What is a Soul?,Story
story_urbanexploration,Urban exploration,Story
story_orthodontia,Orthodontia,Story
story_creepyencounterwhistonnightshift,Creepy encounter whist on night shift,Story
story_dontevereverplaytheboxgamepart5,"Dont Ever, Ever Play The Box Game [Part 5]",Story
story_professionalmonsterpart4,Professional Monster Part 4,Story
story_ireallywishihadntcomeintoworkonasaturday,I really wish I hadnt come into work on a Saturday,Story
story_peoplechangeastheygrowupineverexpectedhertoendupthewaythatshedid,People change as they grow up. I never expected her to end up the way that she did.,Story
story_thethirdfloorstoriesfromspringhighschool,The Third Floor - Stories from Spring High School,Story
story_myneighborsaskedmetowatchtheirdoglastnight,My neighbors asked me to watch their dog last night.,Story
story_iworkatanamusementparkwherethingsgowrongpart2,I Work At An Amusement Park Where Things Go Wrong (Part 2),Story
story_campcolman,Camp Colman,Story
story_interviewwithanexorcistpart6,Interview with an Exorcist [part 6],Story
story_whyibecameagraverobber,Why I became a graverobber,Story
story_somethinginmycloset,Something in my closet...,Story
story_thehorrorofthescreamspart1,The Horror of the Screams. [Part 1],Story
story_ikeepgettingmessagesfromrandompeopletomurdersomeonebutiamnotahitman,I keep getting messages from random people to murder someone but I am not a hitman,Story
story_sisterslovernsfw,Sisters Lover [NSFW],Story
story_themonsterinmycloset,The monster in my closet,Story
story_hasanyoneelseseenthismanithinkhekilledmyfriend,Has anyone else seen this man? I think he killed my friend.,Story
story_pt2logginginminnesota,Pt. 2 Logging in Minnesota,Story
story_myneighborboughtacarfor100,My neighbor bought a car for 100$,Story
story_mygirlfriendwentmissingandimtheonlyonewhoknowsthetruthorsadnesschildren,"My Girlfriend Went Missing and Im The Only One Who Knows The Truth, Or Sadness Children",Story
story_themouthastheholeofhellorhowibecameasouleater,The Mouth as the Hole of Hell or How I Became a Soul Eater,Story
story_theuninvitedvisitor,The uninvited visitor,Story
story_isawsomethinginthebackyard,I saw something in the back yard.,Story
story_ikeepseeingmydeadparentsatmycomedygigs,I keep seeing my dead parents at my comedy gigs,Story
story_noplacelikehome,No Place Like Home.,Story
story_thelightabovethepond,The Light Above the Pond,Story
story_mythoughtsareclearonthisarethereanydistortions,My thoughts are clear on this... are there any distortions?,Story
story_latenight,Late Night,Story
story_theclearbluespring,The Clear Blue Spring,Story
story_apocalypsetownpart6,Apocalypse Town [Part 6],Story
story_hehasfollowedmehome,He has followed me home,Story
story_186518651865final,1865.1865.1865 (Final),Story
story_chloetaylorneedstoreadthis,Chloe Taylor Needs To Read This,Story
story_abigday,A Big Day,Story
story_youarentwearingglassesareyou,"You Arent Wearing Glasses, Are You?",Story
story_dontdocrackkids,"dont do crack, kids",Story
story_iambeinghuntedbythesethingsithinkimgoingtodie,I am being hunted by these things. I think Im going to die.,Story
story_dontstoprunning,Dont Stop Running,Story
story_buriedinalyepit,buried in a lye pit,Story
story_icanpredictsomeonesdeathandigetpaidforit,"I can predict someones death, and I get paid for it",Story
story_iwasasuperintendentinthestrangestbuildingeverpart2,I was a Superintendent in the strangest building ever...part 2,Story
story_426173696c69736b,426173696c69736b,Story
story_pleasehelpyoudiewhenyouhittheground,Please help. You Die When You Hit the Ground,Story
story_experiencesofacombatmedicp2,Experiences of a Combat Medic P.2,Story
story_2daysshesaid,2 days she said.,Story
story_ithinkthereisaghostinmyhomeandthatsnoteventhescarypart,"I think there is a ghost in my home, and thats not even the scary part.",Story
story_thecreaturefromkotchohio,"The Creature from Kotch, Ohio",Story
story_dialtone,Dial Tone,Story
story_strangeufoexperience,Strange UFO Experience,Story
story_someeventsthatoccurredatmyschoollockinawhileback,Some events that occurred at my school lock-in awhile back.,Story
story_somygirlfriendcheatedonme,So My Girlfriend Cheated On Me,Story
story_whatwefoundinthedark,What We Found in the Dark,Story
story_thesnow,The Snow,Story
story_ivesacrificedalotformyfamily,Ive Sacrificed a Lot for My Family,Story
story_aloneinthewoods,Alone in the Woods,Story
story_imabouttostartworkineedthisoffmychest,"Im about to start work, I need this off my chest.",Story
story_troublesleeping,Trouble Sleeping.,Story
story_blacksnow,Black Snow,Story
story_mygrandfathersbasement,My Grandfathers Basement,Story
story_abox,A box,Story
story_therearefootprintsinthesnow,There are footprints in the snow,Story
story_case71709belowmycityevilsleepspt4,"Case 717-09, Below My City Evil Sleeps (Pt. 4)",Story
story_cominghome,Coming Home,Story
story_undyinglove,Undying love,Story
story_dontexperimentonyourcolleaguespt2,Dont experiment on your colleagues. pt 2,Story
story_theitch,The Itch,Story
story_iusedtobeanonbelieverpart2,I used to be a non-believer (part 2),Story
story_needled,Needled,Story
story_nosound,No Sound,Story
story_thenewgirlpart5,The New Girl (Part 5),Story
story_smirkingman,Smirking Man,Story
story_thewickersagaherredrighthandpart2,"The Wicker Saga: Her Red Right Hand, Part 2",Story
story_newbeginnings,New Beginnings,Story
story_truecarpathianforesthorror,True Carpathian Forest Horror,Story
story_thesafestplaceinatornado,The safest place in a tornado,Story
story_apahtiipizzin,Apaht II Pizzin,Story
story_myfathersjournalspartiii,My fathers journals (part III),Story
story_ihavetotellthisstory,I have to tell this story.,Story
story_sleepingpills,Sleeping Pills,Story
story_themanwhoseheartwasbrokenandwhobrokemyheartinturnithoughtihadsomuchtogiveandfoundinsteadsomuchtolearn,"The man whose heart was broken, and who broke my heart in turn; I thought I had so much to give, and found instead, so much to learn.",Story
story_thegirlsinthegrasspt2,The Girls in the Grass Pt. 2,Story
story_the27clubconspiracyisntjustacoincidencensfw,The 27 Club Conspiracy isnt just a coincidence - NSFW,Story
story_mybrotherdiedwheniwasachildhekepttalkingithinkpeopleshouldknowwhathesaid,My Brother died when I was a child. He kept talking. I think people should know what he said,Story
story_thegravelroad,The Gravel Road,Story
story_becarefulwhoyouopenyourdoortoonhalloween,Be careful who you open your door to on Halloween,Story
story_idontknowwhatitisbutitisntmywifeitwillpayforwhatitdidtoher,"I dont know what it is, but it isnt my wife! It will pay for what it did to her.",Story
story_jpart1,J. Part 1,Story
story_theywatchandtheytake,They Watch and They Take,Story
story_iknowwhatyoudidlastredditsession,I Know What You did Last Reddit Session,Story
story_ithoughtthedeepwebwasajokepleasehelpme,I thought the Deepweb was a joke... Please help me,Story
story_thenightgolly,The Night Golly,Story
story_perfectgirl,Perfect Girl,Story
story_thetrenchcoatfellow,The Trench Coat Fellow,Story
story_somethingisinmyattic,Something is in my attic.,Story
story_ahomelessmanchangedmylife,A homeless man changed my life,Story
story_iloveyouelise,"I Love You, Elise.",Story
story_ahomelesschangeme,A homeless change me,Story
story_mydeli,My Deli,Story
story_watchoveryou,Watch Over You,Story
story_themaninthemirror,The Man in the Mirror,Story
story_shefoundmepart1,She Found Me [Part 1],Story
story_theloqats,The Loqats.,Story
story_delivery,Delivery,Story
story_thisisntastorythisisawarningthechaosisreal,This isnt a story. This is a warning. The chaos is real.,Story
story_thetruththeawfulterrifyingtruthgodhelpus,"The Truth. The awful, terrifying Truth. God help us.",Story
story_camehomelastnightandfoundmykitchencoveredinblood,"Came home last night, and found my kitchen covered in blood.",Story
story_theuntoldhistoryjfkparteleven,The Untold History: JFK (Part Eleven),Story
story_thetownofaltecpresario,"The Town of Altec, Presario",Story
story_fallen,Fallen,Story
story_amotherslove,a mothers love,Story
story_reflections,Reflections,Story
story_imgoingtosetyoufree,Im Going to Set You Free,Story
story_thenightowl,The Night Owl,Story
story_martha,Martha,Story
story_therunningfatlady,The running fat lady.,Story
story_neededmoneynowifearformylife,"Needed money,Now I fear for my life.",Story
story_mysisterjessica,My Sister Jessica,Story
story_themanhidinginthebamboo,The Man Hiding in the Bamboo,Story
story_baddisneyexperienceivnothingisfree,Bad Disney Experience IV: Nothing is Free,Story
story_994346468,99434646-8,Story
story_hideseek,Hide & Seek,Story
story_latenightshoppers,Late Night Shoppers,Story
story_thethingthatgoesbumpinthenight,The thing that goes bump in the night,Story
story_thetraveller,The Traveller,Story
story_monashbiotechdoesnotconductcrossspeciesexperiments,Monash Biotech does not conduct cross-species experiments.,Story
story_therechercheinnfeyvanderart,The Recherche Inn: Fey Vanderart,Story
story_somethingstrangehappenedwhenidrovethroughthefog,Something strange happened when I drove through the fog...,Story
story_donttrytobeatmyscore,Dont try to beat my score,Story
story_iseemtohavestumbledonaportaltothepast,I seem to have stumbled on a portal to the past...,Story
story_steamlibrary,Steam Library.,Story
story_thegame,The Game,Story
story_justanotherdayatredditpart4,Just Another Day at Reddit (Part 4),Story
story_teddybearspicnic,Teddy Bears Picnic,Story
story_glitchinthecameras2,Glitch in the Cameras 2,Story
story_dontleaveyourchildwherethesundoesntshine,Dont Leave Your Child Where the Sun Doesnt Shine,Story
story_anunwelcomevisit,An Unwelcome Visit,Story
story_itwasinthecloset,It was in the Closet,Story
story_chinatown,China Town,Story
story_themakingsandearlykillingofarisingserialkiller,The Makings and Early Killing of a Rising Serial Killer,Story
story_heatehisheartinfrontofhim,He ate his heart in front of him!!!,Story
source_redditrcreepypasta,reddit/r/creepypasta,Source
story_elcasorealdelafotoquenodeberaexistir,El caso real de la foto que no debería existir 😨,Story
story_inoclippedatwork,I Noclipped at Work,Story
story_mylyrarogerscosplayreedit,My Lyra Rogers Cosplay {Re-edit},Story
story_leiaasregrasantesdetrabalharnohospciosantaaugusta,LEIA AS REGRAS ANTES DE TRABALHAR NO HOSPÍCIO SANTA AUGUSTA,Story
story_iboughtthealphamindsupplementthatmakesyouinsanelysmartandnowmybrainismelting,I bought the Alpha Mind supplement that makes you insanely smart and now my brain is melting.,Story
story_clockworkandticcitoby,Clockwork and Ticci Toby,Story
story_neveralone,Never Alone,Story
story_thewatchedmirrortheoryvesselc9d25documentdump,The Watched: Mirror Theory [Vessel C9D25 Document Dump],Story
story_imjustcuriousaboutthestorybehindthewomanshowninthebestgorelogo,I’m just curious about the story behind the woman shown in the bestgore logo.,Story
story_mydaughterwentmissingayearagotoday,My daughter went missing a year ago today.,Story
story_siblingscompetingastowhogivesthemostmoneytotheirhomelessfather,Siblings competing as to who gives the most money to their homeless father,Story
story_everyonesfavoriteunderratedcreepypasta,everyone’s favorite underrated creepypasta?,Story
story_newvideonewvictimfandom,"New video, new victim | Fandom",Story
story_whichcreepypastasdoyoupreferoriginalcreepypastasorpreexistingmediacreepypastas,Which Creepypastas do you prefer? Original Creepypastas or Pre-existing media Creepypastas?,Story
story_theprodigalimageandoriginmadewithmanus,The Prodigal (Image and Origin) (Made with Manus),Story
story_damiantheblackoutimageandoriginmadewithmanus,Damian the Blackout (Image and origin) (Made with Manus),Story
story_playingaftertherecroomshutdownpart1,Playing after the RecRoom Shutdown (PART 1),Story
story_thewhiteness,The Whiteness,Story
story_everloopwoodsvolume1,Everloop Woods volume 1,Story
story_candlecovelowkeydeservedabetteradaptation,Candle Cove lowkey deserved a better adaptation,Story
story_aftereatinghisownchildhewastorturedinthemosthorrificwaysimaginableandthrownintoapittodieamongsttherottingremainsofdeadanimals,"After eating his own child, he was tortured in the most horrific ways imaginable and thrown into a pit to die amongst the rotting remains of dead animals.",Story
story_amiagoodperson,Am I a good person ?,Story
story_disappearancesatcoralkeycondo,Disappearances at Coral Key Condo,Story
story_gaps,GAPS,Story
story_ihuntpoweredpsychosforalivingcase2part2,I Hunt Powered Psychos for A Living [Case #2] Part 2,Story
story_whyhasbebackroomsproveneasiertocontrolthanslenderman,Why has be Backrooms proven easier to control than Slender Man?,Story
story_disguisetypehighclasscreature,Disguise-Type High-Class Creature,Story
story_workingonamixtapeneedthebestofthebestrecommendations,Working on a mixtape need the best of the best recommendations,Story
story_heydoesanyonehavethenamepictureofthesmilingfreakydudewithreallywideeyes,hey does anyone have the name/picture of the smiling freaky dude with really wide eyes?,Story
story_themanimetthatruinedmyvrexperience,The man I met that ruined my vr experience,Story
story_theshadowwalkereliasandbodachwholestory,The Shadow Walker: Elias and Bodach (whole story),Story
story_creepygeicooperationguy,Creepy Geico operation guy,Story
story_mrcreepypastaremindingblumhousethatwerestillwaitingforajeffthekillermovie,MrCreepyPasta reminding Blumhouse that we’re still waiting for a Jeff the Killer movie,Story
story_thecreepygeicooperationguy,The creepy Geico operation guy,Story
story_searchingforolderyoutubecreepypastanarrator,Searching for older YouTube creepy pasta narrator,Story
story_noneedforiconspartfive,No Need For Icons Part Five,Story
story_msde250aosdespusestecasorealsiguegenerandopreguntas,"Más de 250 años después, este caso real sigue generando preguntas",Story
story_thecallofrussia,THE CALL OF RUSSIA,Story
story_ifyoudontrecognizethisimageyouvemissedanincrediblestory,If you dont recognize this image youve missed an incredible story,Story
story_backroomsorigins,Backrooms Origins.,Story
story_myestrangedmomaskedmetohelphermovewhatifoundinsidewasdeeplydisturbing,My Estranged Mom Asked Me to Help Her Move. What I Found Inside Was Deeply Disturbing.,Story
story_ima70yearoldcleanerwhoworksfora17yearoldmanager,Im a 70 year old cleaner who works for a 17 year old manager,Story
story_lochwoodentry1thewailingman,Lochwood: Entry 1 - The Wailing Man,Story
story_ithinkmyneighborisstealingbodiesfromthecemetery,I think my neighbor is stealing bodies from the cemetery,Story
story_forgetthebackroomswerelivingdailyinthefrontrooms,"Forget the backrooms, were living daily in the frontrooms",Story
story_thehouseofmirrors,The House of Mirrors,Story
story_thefangsofdraculavi,The Fangs of Dracula VI,Story
story_acaothicworldthemarvelofcreepypastas,A Caothic World(The Marvel of Creepypastas),Story
story_unknownbedroom,Unknown bedroom,Story
story_makara,Makara,Story
story_dontfearthenightrain,Dont Fear The Night Rain,Story
story_rotaviva,Rota-Viva,Story
story_slot333placeyourbets,Slot 333 - PLACE YOUR BETS,Story
story_helpsupportasmallindiedevandherhorrorvisualnovelinspiredbycreepypastaand2010smedia,Help support a small Indie Dev and her Horror Visual Novel inspired by Creepypasta and 2010s Media!,Story
story_ihuntpoweredpsychosforalivingcase2part1,I Hunt Powered Psychos for A Living [Case #2] Part 1,Story
story_cloudyheartstoppedaterrorist,Cloudyheart stopped a terrorist,Story
story_wenttoseeuglydollsintheatersonopeningnight,Went to see UglyDolls in theaters on opening night,Story
story_thegentlecolonizers,The gentle colonizers,Story
story_freewillpart1,Free Will part 1,Story
story_thetruththatnoonebelieves,The truth that no one believes.,Story
story_iwashiredtocatchacheatinghusbandifoundsomethingworse,I was hired to catch a cheating husband. I found something worse.,Story
story_charredcinder,Charred Cinder,Story
story_imhavingahardtimekillingmyfiancept1,Im Having A Hard Time Killing My Fiance Pt.1,Story
story_somethingwasinmyhouse,Something was in my house,Story
story_shedwellpt2,She(d)well (pt. 2),Story
story_creepypastastory125themonkofstarthenwoldsabbey,CREEPYPASTA STORY 125: The Monk of St. Arthenwold’s Abbey,Story
story_horrorstoryatseasailorsvoyageswhispersoverthewavespart1,Horror story at Sea - Sailors Voyages: Whispers Over The Waves - part 1,Story
story_allthesmallthingspart1,All The Small Things - Part 1,Story
story_donotvisittheplaygroundafterdark,Do not visit the playground after dark.,Story
story_lostcreepypastavideospleasehelpmefindthem,LOST CREEPY PASTA VIDEOS PLEASE HELP ME FIND THEM,Story
story_equinox,Equinox,Story
story_cloudyheartopposedamarriage,Cloudyheart opposed a marriage,Story
story_theredcanyonhuntsman,THE RED CANYON HUNTSMAN,Story
story_ablackhorsecalledk,A Black Horse Called K,Story
story_route19doesntstophereanymore,“Route 19 Doesn’t Stop Here Anymore”,Story
story_therottenmanwontstopfollowingme,The Rotten Man Won’t Stop Following Me,Story
story_lookingforsomethingtotry,Looking for something to try,Story
story_thetownthatlostitsshadow,THE TOWN THAT LOST ITS SHADOW,Story
story_thewomanlivinginmyattic,The Woman Living in My Attic,Story
story_wherethetreesturnred,Where The Trees Turn Red,Story
story_thekilleriscoming,The Killer is Coming,Story
story_letthemgo,Let Them Go,Story
story_cloudyheartisgettingimagestoherbrain,Cloudyheart is getting images to her brain,Story
story_ifoundyou,I Found You,Story
story_thebusthatwouldntarrive,THE BUS THAT WOULDNT ARRIVE,Story
story_thesixleggedrapistcentaur,The six-legged rapist centaur,Story
story_creepypastanarration,Creepypasta narration.,Story
story_1ebehind1esheslippedawayquietlyonemomentatatime,"1E ‘Behind 1E, She Slipped Away Quietly, One Moment At A Time’",Story
story_daddyhasanotherfamilypart16,Daddy Has Another Family (Part1/6),Story
story_shedwellpt1,She(d)well (pt. 1),Story
story_itranscribedmymissingbrotherslast27voicememosineedhelpfiguringoutwhathappenedtohiminthatcorner,I Transcribed My Missing Brothers Last 27 Voice Memos. I Need Help Figuring Out What Happened To Him In That Corner.,Story
story_thesilencebetweentracks,The Silence Between Tracks,Story
story_creepypastastory124thewhitewitch,CREEPYPASTA STORY 124: The White Witch,Story
story_iknowthatyoureinmywall,I know that you’re in my wall,Story
story_thetuscangame,The Tuscan Game,Story
story_arethereanycreepyphonenumbersthaticancall,are there any creepy phone numbers that i can call??,Story
story_fyoubp,F*** You BP,Story
story_superstition,Superstition,Story
story_itextedmyexaftertwoyearswhoevertextedbackisnthim,I texted my ex after two years. Whoever texted back isn’t him,Story
story_sugarspiceandeverythingniceparttwo,"Sugar, Spice and Everything Nice (Part Two)",Story
story_findastory,Find a story,Story
story_cloudyheartagreedtoletherbodybeusedforalaunderingscheme,Cloudyheart agreed to let her body be used for a laundering scheme,Story
story_thecreepiestunsolvedmysteryinmaritimehistory,The Creepiest Unsolved Mystery in Maritime History,Story
story_onlypostingherebecausethisistheonlysubthatletsmetalkaboutmylifeanymore,Only posting here because this is the only sub that lets me talk about my life anymore.,Story
story_questionsaboutnightshiftpay,Questions about night shift pay?,Story
story_creepypastamovie,Creepypasta movie,Story
story_cloudyheartsboyfriendwantedtoseewhetherhisdietwasgoodbygettingcloudyheartpregnant,"Cloudyhearts boyfriend wanted to see whether his diet was good, by getting cloudyheart pregnant",Story
story_thegirlinthecellar,The Girl In The Cellar,Story
story_thescratchingwallmystory,The Scratching Wall-My Story,Story
story_iwillalwaysfindyou,I Will Always Find You,Story
story_cloudyheartvsthe67meme,Cloudyheart vs the 6 7 meme,Story
story_theeldritchcross,The Eldritch Cross,Story
story_everynightihidefromthetrees,"Every night, I hide from the Trees",Story
story_mytoasteristryingtosleepwithme,My Toaster Is Trying To Sleep With Me,Story
story_minecraftworldday20theendingthatwontend,minecraft world - day 20 - the ending that wont end,Story
story_minecraftworldday17thehunt,minecraft world - day 17 - the hunt,Story
story_minecraftworldday14him,minecraft world - day 14 - him,Story
story_minecraftworldday12themessages,minecraft world - day 12 - the messages,Story
story_minecraftworldday8structuresthatarentmine,minecraft world - day 8 - structures that arent mine,Story
story_minecraftworldday5hewantedmetoseehim,minecraft world - day 5 - he wanted me to see him,Story
story_minecraftworldday3signs,minecraft world - day 3 - signs,Story
story_minecraftworldday1hiseyes,minecraft world - day 1 - his eyes,Story
story_thethingbetweenthemirrors,The Thing Between the Mirrors,Story
story_imthefunniestpersonintheworld,I’m the funniest person in the world…,Story
story_foodcreepypastapasta,Food (creepypasta pasta),Story
story_shehadanerriesmile,She had an errie smile,Story
story_craigslistcollectorwhowasntthereforthecamera,Craigslist “collector” who wasn’t there for the camera,Story
story_ithinkifoundsomethinginmyapartmentthatshouldntexist,I think I found something in my apartment that shouldn’t exist…,Story
story_theapocalypsewasnotasweimaginedit,The Apocalypse was not as we imagined it,Story
story_dontreadthis,Dont Read This,Story
story_ithinkiateadevilforbreakfastparti,"I Think I Ate a Devil for Breakfast, PART I",Story
story_nickelodeonsecurityalertsystemcreepypastanickelodeon,NICKELODEON SECURITY ALERT SYSTEM (Creepypasta Nickelodeon),Story
story_cloudyheartwaswarmandcomfortableunderherduvet,Cloudyheart was warm and comfortable under her duvet,Story
story_lookingforacreepypasta,Looking for a Creepypasta,Story
story_myfirstfoodreview,My First Food Review,Story
story_suddenlymyyoutubefeedisfilledwithdistrubingcontentsimilartothedarkdayofinstagram,"Suddenly my youtube feed is filled with distrubing content, similar to the dark day of instagram.",Story
story_myeyesareopen,My eyes are open.,Story
story_whatwaswiththeuseofpromisereprise,What was with the use of Promise (Reprise)?,Story
story_thediagnosis,The Diagnosis,Story
story_thefifthfloorthatdoesntexist,The fifth floor that doesn’t exist.,Story
story_fragmentsofthelastroute,Fragments of the Last Route,Story
story_ocdhitandruncreepypasta,OCD hit and run creepy pasta,Story
story_peoplepeoplepeopleiknowivebeeninactivebutuhistillhaventfinishedpartthreeofjeffthekillerbutidecidedtosplititintotwofirstpartthreepartoneandthenillpostparttwoidontthinkithasthesamenarrativequality,"People, people, people! I know Ive been inactive but... uh... I still havent finished part three of Jeff the Killer, but... I decided to split it into two, first Part Three (Part One), and then Ill post part two... I dont think it has the same narrative quality...",Story
story_mystoryconcept,my story concept,Story
story_theunfinishedquest,The Unfinished Quest,Story
story_needfeedbackoncreepypastahowdoyoufeelabouttheidea,Need feedback on creepy pasta how do you feel about the idea?,Story
story_needfeedbackonmystorysopening,Need feedback on my storys opening,Story
story_theerrorofthegalacticcouncil,The Error of the Galactic Council,Story
story_withinthetrees,Within The Trees,Story
story_lookingforstoriestoreadonyoutube,Looking for stories to read on YouTube,Story
story_behindthestonewall,Behind the stone wall,Story
story_theressomethingintheairparts14,Theres Something in the Air (Parts 1-4),Story
story_thethronearchivethelanternman,The throne Archive:The lantern man,Story
story_donotopeng0dexethefiledoesntcrashyourcomputeritcrashesyou,DO NOT open G0D.EXE — the file doesn’t crash your computer. It crashes you.,Story
story_iworkasabloodcourierfortheundead,I Work as a Blood Courier for the Undead,Story
story_lookingforaspecificyoutuberthatreadscreepypastas,Looking for a specific YouTuber that reads creepy pastas,Story
story_cedarhollowpartonebycblane,Cedar Hollow: Part One - by C.B. Lane,Story
story_heydearreadercanyougavemeopiniononthisstoryofminealsosorryformypoorenglishitisnotmyfirstlanguagealsowhatcanidotoimprovemywritingtomakeitmorerealisticalsocanyouguyssuggestmesomecharactersthaticanuseinmystorytomakeitmorerealistic,hey dear reader can you gave me opinion on this story of mine also sorry for my poor English it is not my first language also what can i do to improve my writing to make it more realistic? also can you guys suggest me some characters  that i can use in my story to make it more realistic,Story
story_lookingforagooddiscordforwritingcreepypasta,Looking for a good discord for writing creepypasta,Story
story_updateforwintersharvestpart1movingtoindigofallssavedmylifestayingalmostcostit,Update for: “Winter’s Harvest Part 1: ‘Moving to Indigo Falls Saved My Life… Staying Almost Cost It.’”,Story
story_whyichecktheweatherobsessively,Why I Check The Weather Obsessively,Story
story_ilovebeingconfused,I love being confused,Story
story_gameritualpastaquestions,Game/Ritual pasta questions,Story
story_iwassenttoinvestigateamissingchildwhatifoundstillhauntsme,I Was Sent To Investigate A Missing Child What I Found Still Haunts Me,Story
story_thelookthatdoesntletgo,The Look That Doesnt Let Go,Story
story_iwastoldthetownilivedinneverexistednowivefoundproofitdid,I was told the town I lived in never existed. Now I’ve found proof it did,Story
story_imnevereatingexpiredgumbeforesleepingeveragaintheass4sinpaintcanstory,IM NEVER EATING EXPIRED GUM BEFORE SLEEPING EVER AGAIN (the ass4sin paint can story),Story
story_aruinedfacilityindisneyworldthelegendaryyears,A ruined facility in Disney World (The Legendary Years),Story
story_itookajobguardingalockeddoornowiknowwhyitwaslocked,🚪I Took A Job Guarding A Locked Door...Now I Know Why It Was Locked,Story
story_helpmefindacreepypastaaboutawintervillageunderadome,Help me find a creepypasta about a winter village under a dome,Story
story_idontfeelsafewithmycoworker,I Dont Feel Safe With My Coworker.,Story
story_theafterlifegameparttwo,The Afterlife Game (PART TWO),Story
story_wintersharvestpartimovingtoindigofallssavedmylifestayingalmostcostit,Winter’s Harvest Part I: Moving to Indigo Falls Saved My Life… Staying Almost Cost It.”,Story
story_weweresenttoinvestigatealostoutpostinafghanistanwhatwefoundtherewasnthuman,We Were Sent to Investigate a Lost Outpost in Afghanistan. What We Found There Wasn’t Human.,Story
story_myneighborsapartmentwassealedforover20yearslastfridaytheyopeneditiwishtheyhadnt,"My neighbors apartment was sealed for over 20 years. Last Friday, they opened it. I wish they hadnt.",Story
story_whispersfromthejungle,Whispers From the Jungle,Story
story_lookingforthiscreepypastastoryiheardafewyearsback,Looking for this Creepypasta story I heard a few years back,Story
story_somethingswrongwithmom,Something’s Wrong With Mom,Story
story_ifoundtheplacefrommyrecurringnightmare,I Found The Place From My Recurring Nightmare,Story
story_playagainacrazypinballexperience,Play Again - A Crazy Pinball Experience,Story
story_squidwardssuicide,Squidwards Suicide,Story
story_howtocookasteak,How to Cook a Steak,Story
story_theemptypost,The Empty Post,Story
story_ivesignedmy98yearoldgrandfathertofightjakepaul,Ive signed my 98 year old grandfather to fight Jake Paul,Story
story_thereissomeoneinmyhouse,There is someone in my house,Story
story_santacompaa,Santa Compaña,Story
story_update2ifoundthevideostorewherethesupposedmazeps1gamewasrentedandihavethefeelingsomethingverywrongishappening,UPDATE 2: I found the video store where the supposed Maze PS1 game was rented. And I have the feeling something very wrong is happening.,Story
story_updateifoundthevideostorewheremazewasrentedandicanthelpbutthinksomethingverybadisgoingtohappen,"UPDATE: I found the video store where “Maze” was rented, and I cant help but think something very bad is going to happen.",Story
story_testimonynumber234titlechangeling,[Testimony] [number 234] Title: changeling,Story
story_mypartnerandirespondedtoadomesticthehouseshowedusthemurdershappeningoverandover,"My partner and I responded to a domestic. The house showed us the murders happening, over and over.",Story
story_itsokaytotorturemeimmid,"Its okay to torture me, Im mid",Story
story_thewandererunderthesummerrain,The Wanderer Under the Summer Rain,Story
story_helpfindingcreepypastaminiyoutubeanimaticmoviething,Help finding creepypasta mini(?) youtube animatic movie.. thing,Story
story_thehousebuiltonlincolnavenue,The House Built on Lincoln Avenue,Story
story_whitewolf,White Wolf?,Story
story_talesfromasummercamppart1,Tales From A Summer Camp (Part 1),Story
story_myneighborstvwontturnoffhesbeendeadaweek,My neighbor’s TV won’t turn off. He’s been dead a week.,Story
story_agardenswallowedmyfamilypartone,A Garden Swallowed My Family (Part One),Story
story_archiesbargain,Archie’s Bargain,Story
story_iregretsendingmysontodagestanfor3yearstowrestleandfight,I regret sending my son to dagestan for 3 years to wrestle and fight,Story
story_whowasphonewillneverstopinspiringme,Who was Phone will never stop inspiring me.,Story
story_streetlightstory,Street Light Story?,Story
story_theoriginofmrmix,The Origin of Mr. Mix,Story
story_igotintroublewheniwasstrandedinthedesert,I got in trouble when I was stranded in the desert,Story
story_thelab,The lab,Story
story_thedawnisyourenemy,The Dawn Is Your Enemy,Story
story_obsession,Obsession,Story
story_thedevilsonthedelta,The Devils on The Delta,Story
story_whatisagoodcreepypastadoyourecommend,What is a good creepypasta do you recommend?,Story
story_whatwasagoodcreepypastadoyourecommend,What was a good creepypasta do you recommend?,Story
story_thefarmersoven,The Farmers Oven,Story
story_imalonefortwoweeksonprivatepropertylastnightsomethingwalkedontotheroofandnevercamedown,"Im alone for two weeks on private property, last night something walked onto the roof and never came down.",Story
story_iwastraumatizedforlifewheniwasinhospital,I was traumatized for life when i was in Hospital.,Story
story_thedayisawmickeymousetakeoffhisheadwillhauntmeforlife,The Day I Saw Mickey Mouse Take Off His Head Will Haunt Me for Life,Story
story_myslowdamnationpart2whenitallstartedmydamnationtohellbeginsthefirstgateofhell,"My slow damnation part 2 When it all started. My damnation to hell begins, the first gate of hell.",Story
story_thisweirdstoryinroblox,This weird story in roblox?,Story
story_lookingforanoldcreepypasta,Looking for an old creepypasta,Story
story_anaiwrotesomethingitwasnevertrainedtowereaditoutloud,An AI wrote something it was never trained to. We read it out loud.,Story
story_redingtonthetownthatbannedphysicalcontact,Redington: The Town That Banned Physical Contact,Story
story_carlaalwaysgavethebestgifts,Carla always gave the best gifts,Story
story_thetownthatbannedaffection,The Town That Banned Affection,Story
story_lostcreepypasta,Lost creepypasta,Story
story_justmadeashortcinematicretellingofaterrifyingjapaneseurbanlegendwouldloveyourthoughts,Just made a short cinematic retelling of a terrifying Japanese urban legend — would love your thoughts 🕯️,Story
story_thethirdwish,The Third Wish,Story
story_maimmemamiemirrormaid,"Maim Me, Mamie, Mirror Maid",Story
story_wish,Wish,Story
story_withlovegrandma,"With Love, Grandma",Story
story_youshouldnthave,You Shouldn’t Have…,Story
story_erasedbygoogle,Erased by Google,Story
story_themenagerie,The Menagerie,Story
story_imanernursewhosurvivedthefirst12hoursofthezombieoutbreak,Im An ER Nurse Who Survived The First 12 Hours Of The Zombie Outbreak,Story
story_disturbingimagesturnedintoaivideos,Disturbing Images Turned Into AI Videos,Story
story_creepypastagames,Creepypasta games,Story
story_ididntrealizeuntilafter,I Didn’t Realize Until After…,Story
story_echoesoftheforgottenahauntingtale,Echoes of the Forgotten: A Haunting Tale,Story
story_ahorrificnight,A horrific night,Story
story_thecat,the cat,Story
story_imlookingforacreepypasta,Im looking for a creepypasta,Story
story_theballadofjimmyjonesandthesatan,The Ballad of Jimmy Jones and the Satan,Story
story_blackwoodsphotographincidentmadepossiblewithchatgpt,Blackwoods Photograph Incident (made possible with ChatGPT),Story
story_ifoundtheplace,I found the place,Story
story_thelostthrillerwebpage,The Lost Thriller Webpage,Story
story_ithoughtshewasdeadbutshehasayoutubechannel,I thought she was dead but she has a YouTube channel,Story
story_themidnighttrain,The Midnight Train,Story
story_abirthdayclownwellneverforget,A birthday clown well never forget,Story
story_wellwaterpart1of2,Well Water (Part 1 of 2),Story
story_thehoteliworkatisdyingiknowbecauseroom304startedbleeding,"The hotel I work at is dying. I know, because room 304 started  bleeding.",Story
story_canyousurvivethecivilizationalcollapse,Can You Survive the Civilizational Collapse?,Story
story_nevergodownslidesbackwards,Never Go Down Slides Backwards,Story
story_ascarystoryforpeoplewithstablenervesarealscarystoryatnightmentalhospital,A SCARY STORY FOR PEOPLE WITH STABLE NERVES - A real scary story at night - Mental hospital,Story
story_howtomakeyourownfavoritecharactersreal100safeandeasy,How to make your own favorite characters real ! (100% Safe and easy !),Story
story_thespacebetweensounds,The Space Between Sounds,Story
story_diedunkelheitinmir,Die Dunkelheit in mir,Story
story_thecreaturefromtheclosetattackedmeshorthorrorstory,THE CREATURE FROM THE CLOSET ATTACKED ME | Short Horror Story,Story
story_phantomkangarootheeeriepursuitinthedeadofnight,Phantom Kangaroo: The Eerie Pursuit in the Dead of Night,Story
story_iwaslookingforastoryiheardonapodcastspecificallythecreepsmcpastapodcastbuticantfinditforthelifeofme,"I was looking for a story i heard on a podcast, specifically the CreepsMcPasta podcast but i cant find it for the life of me",Story
story_peacefulmode,Peaceful mode,Story
story_thevirusthatrequiresyoutogetclosetopeopleandnotdistanceyourselves,The virus that requires you to get close to people and not distance yourselves,Story
story_bloodlines,Bloodlines,Story
story_soniccreepypasta,Sonic Creepypasta,Story
story_isostorywhereinatheistmeetsgodandgetsjustreward,ISO story wherein Atheist meets god and gets just reward,Story
story_maninthewoodsleavingcrypticnotesforme,Man in the woods leaving cryptic notes for me,Story
story_iwashiredtowatchanabandonedmansiontherulestheyleftstillhauntme,I Was Hired to Watch an Abandoned mansion—The Rules They Left still haunt me.,Story
story_davebluntshorrorstory,Dave Blunts horror story..,Story
story_thewatcherinthefields,The Watcher in the Fields,Story
story_averyspeciallittlelamb,A very special little lamb,Story
story_bloodbeats,Blood Beats,Story
story_attemptingtofilmacreepypasta,Attempting to film a Creepypasta,Story
story_thebookintheatticpart2,The Book in the Attic (Part 2),Story
story_cruisereviewpart23,"Cruise review, part 23",Story
story_ithadtobedone,It Had to Be Done,Story
story_ithinkiexperiencedacreepypastatwice,I think I experienced a creepypasta twice,Story
story_whymyballshurt,Why My Balls Hurt,Story
story_borrowedfaces,Borrowed Faces,Story
story_arewriteoftheclockworkcreepypastafrom2013originalstoryherehttpswwwcreepypastacomclockworkyourtimeisup,A rewrite of the Clockwork Creepypasta from 2013. ( Original story here: https://www.creepypasta.com/clockwork-your-time-is-up/ ),Story
story_findingaparticularcreepypasta,Finding a particular creepypasta,Story
story_beingafiremanisntwhatithoughtitwouldbe,Being a fireman isnt what i thought it would be?,Story
story_thecatdemon,The Cat Demon,Story
story_whyclockworkyourtimeisupisahatedstory,Why Clockwork your time is up is a hated story,Story
story_thewrongsanta,The Wrong Santa,Story
story_thelistofrulesstoriesarewayoverdone,The “List of rules” stories are way overdone.,Story
story_thefrosteddiary,The Frosted Diary,Story
story_thehousethatwalks,The House That Walks,Story
story_helprememberingastory,Help remembering a story,Story
story_mrhands,Mr. Hands,Story
story_byebyebocousversionseason6style,Bye Bye Boco (US Version - Season 6 Style),Story
story_theresatoplesswomaninthepark,Theres a topless woman in the park,Story
story_themidnightbus,The Midnight Bus,Story
story_cruisereviewpart13,"Cruise review, part 13",Story
story_thewhisperinggrove,The Whispering Grove,Story
story_randomthingskeeponappearinginmynewhome,Random things keep on appearing in my new home,Story
story_helpmefindthiscreepypasta,Help me find this creepy pasta,Story
story_thehauntingofoldredeyes,The Haunting of Old Red Eyes,Story
story_icantstopswearing,I cant stop swearing,Story
story_empathygirlvsapathymanhollowcitypartone,Empathy Girl vs. Apathy Man: Hollow City - Part One,Story
story_mostdisturbinghorrorstoryaboutexgf,most disturbing horror story about ex gf,Story
story_laughingjack,Laughing Jack,Story
story_shareyourcreepypastastories,Share Your CreepyPasta Stories,Story
story_justadog,Just a dog?,Story
story_iworkovernightsinadyingconveniencestoreihadnoideathisjobwouldawakenmetotheterrifyingtruthaboutwhatshappeningtousall,I Work Overnights In A Dying Convenience Store. I Had No Idea This Job Would Awaken Me To The Terrifying Truth About What’s Happening To Us All…,Story
story_creepypastaslikebetterfilms,Creepypastas like Better Films?,Story
story_tryingtofindcreepypasta,Trying to Find Creepypasta,Story
story_theheadphonesthattellsyourfutureregrets,The Headphones That Tells Your Future Regrets,Story
story_thedevildiedonacrossoutinoregonpart4,The Devil Died On A Cross Out In Oregon (Part 4),Story
story_episodedepression,Episode Depression,Story
story_thecabinbythelake,The Cabin by the Lake,Story
story_himyfriendonpixilartmadethisandithoughtitwasgoodbtwihavepermissiontopostthis,Hi my friend on pixilart made this and I thought it was good btw I have permission to post this,Story
story_creepystory,Creepy story,Story
story_feedbackonastoryopening,Feedback on a story opening,Story
story_helpmefindmoreofthis,Help me find more of this!,Story
story_autopilotisafuckingterrifyingstory,"Autopilot, is a fucking TERRIFYING story.",Story
story_updateonmyteenagemutantninjaturtleproblem,Update on my teenage mutant ninja turtle problem,Story
story_frequentnightmareswiththesameguyandphysicalpainduringmydreamsanduponwakingup,Frequent Nightmares with the same guy and Physical Pain during my dreams and Upon Waking Up,Story
story_hiineedyourhelp,Hi I need your help 🥹,Story
story_hiineedyouopinions,Hi I need you opinions !,Story
story_story,Story,Story
story_iseyelessjackcopyrighted,Is eyeless jack copyrighted,Story
story_vivian,Vivian,Story
story_theoldman,The Old Man,Story
story_theoldmanillposttheimagelater,The Old Man (Ill post the image later),Story
story_igottheteenagemutantninjaturtlegameboygamefromayardsaleandthereissomethingwrongwithit,I got the teenage mutant ninja turtle gameboy game from a yard sale and there is something wrong with it,Story
story_opinionaboutthedeadlegocreepypasta,Opinion about the dead lego Creepypasta?,Story
story_horrorstory,Horror story,Story
story_postcreepyimagesonreyescreamournewsubreddit,Post Creepy Images on r/EyeScream - Our New Subreddit!,Story
story_ineedhelplookingforacreepypasta,I need help looking for a creepypasta,Story
story_slenderverseadocumentaryfilmseriestrailer,Slenderverse: A Documentary Film Series - Trailer,Story
story_iknowthatgodexist,I Know That God Exist,Story
story_whatcountsasacreepypasta,What counts as a creepypasta?,Story
story_ineedhelpfindingoldlegocreepypasta,I need help Finding Old Lego Creepypasta,Story
story_needhelpfindingstory,Need Help Finding Story.,Story
story_helpagainplz,Help again plz,Story
story_help,Help,Story
story_strangecandlecovechannelifound,strange candle cove channel i found,Story
story_ivebeentoanneliesemichelshouseitsnotwhatyouthinkitis,"Ive been to Anneliese Michels house, its not what you think it is",Story
story_madeacreepypastainspiredambientsong,Made a creepypasta inspired ambient song,Story
story_helpmefindacreepypasta,help me find a creepypasta,Story
story_cansomeonehelpmetoremember,Can someone help me to remember ?,Story
story_yallknowwhathappenedhere,Yall know what happened here?,Story
story_rubydung3d2006minecraft,RubyDung 3D 2006 (Minecraft),Story
story_arethereothercreepypastaslikethepancakefamily,Are there other Creepypastas like The Pancake Family,Story
story_disneyskeliosfanmadeteaserposter,Disney’s Kelios fanmade teaser poster,Story
story_doesanyoneknowthenameofthiscreepypasta,Does anyone know the name of this creepypasta?,Story
story_allidid,All I did..,Story
story_lookingforacreepypastaireadawhileagodeterioratingqualitythroughastoryaboutzombies,Looking for a creepypasta I read a while ago; deteriorating quality through a story about zombies,Story
story_updateshitstillaintright,Update shit still ain’t right,Story
story_mycontributiontotheartistandcharactertrendtwgoreandsuddenloudnoise,My contribution to the artist and character trend. TW! Gore and sudden loud noise.,Story
story_philidelphiaboogeyman,Philidelphia boogeyman,Story
story_iammethisisibestcreepypastavisualsaccount,IAMMETHISISI - best creepypasta visuals account?,Story
story_awakeningcreepypasta,Awakening - Creepypasta,Story
story_sonic2011xround2partcream,sonic 2011x round 2 part: cream,Story
story_iwasamemberofthechurchofthefinalraptureourleaderwishestobringabouttheapocalypse,I was a member of the Church of the Final Rapture. Our leader wishes to bring about the Apocalypse.,Story
story_doyouknowthiscreepypastaitscalledthewomanwithoutemotion,do you know this creepypasta its called The woman without emotion,Story
story_helpfindinglostcreepypasta,Help Finding Lost Creepypasta,Story
story_needhelpfindingacreepypasta,Need help finding a creepypasta,Story
story_littlekindnesses,Little Kindnesses,Story
story_vengefuljeremy,Vengeful Jeremy,Story
story_ineedhelpfindingacreepypastailistenedtoonyoutubearound6yearsago,I need help finding a creepypasta I listened to on YouTube around 6 years ago,Story
story_solok,Solo k,Story
story_atthechateauchapter6,AT THE CHATEAU Chapter 6.,Story
story_marlodoesntcareanymorethathiswifeliketotwirk,Marlo doesnt care anymore that his wife like to twirk,Story
story_ineedhelpfindingacreepypasta,I need help finding a creepypasta,Story
story_ifanyoneisinterestedinathreehourwerewolfstory,If anyone is interested in a three+ hour werewolf story 😊,Story
story_helpmefindthiscreepypastafic,Help me find this Creepypasta fic?,Story
story_pgbb,Špøñgębōb,Story
story_whathasbecomeoftheoriginofthisimage,What has become of the origin of this image?,Story
story_lookingforsongfromthetedthecavermovie,Looking for song from the Ted the Caver movie,Story
story_needhelptofindthisoneagain,Need help to find this one again,Story
story_ochoracehorriblecandlecovefanart,[OC] Horace Horrible (Candle Cove fanart),Story
story_inonothinganymorecreepypasta,I No Nothing Anymore (Creepy pasta),Story
story_themanagerkeepstellingtheworkerstotakeofftheirhijabs,The manager keeps telling the workers to take off their hijabs,Story
story_thebackoftombstone,The back of tombstone,Story
story_atthechateauchapter5,AT THE CHATEAU Chapter 5.,Story
story_whathappenedtocreepyfrozenpasta,What happened to Creepy Frozen Pasta,Story
story_image,Image,Story
story_thoughtsaboutthecreepypastasiwroteoradviceonhowtowritethembetter,Thoughts about the creepypastas I wrote or advice on how to write them better?,Story
story_downtheline,Down the line,Story
story_lookingforacreepypastaivaguelyremember,Looking for a creepypasta I vaguely remember,Story
story_icantellyouwhatiskillingthestarsneedsareboot,I can tell you what is killing the stars needs a Reboot,Story
story_doesanyoneelsehatethatcreepsmcpastagotawaywithit,does anyone else hate that CreepsMcPasta got away with it,Story
story_whatwasthemostdisturbingcreepypastayoueverreadmade,What was the most Disturbing Creepypasta you ever read/made?,Story
story_letterstosantagrandmagotrunoverbyareindeer,Letters to Santa: Grandma Got Run Over by a reindeer,Story
story_hackslash,Hack & Slash,Story
story_whatareyouropiniononsuperherobasedcreepypastas,What are your opinion on Superhero Based Creepypastas?,Story
story_larryhuston,Larry Huston,Story
story_whataresomegoodcreepypastasaboutritualsbabysittheentity,"What are some good creepy pastas about rituals, babysit the entity?",Story
story_thepeoplewhoarenowracisttowardstheirownskincolour,The people who are now racist towards their own skin colour,Story
story_thepeoplewhowerenowracisttotheirownskincolours,The people who were now racist to their own skin colours,Story
story_thewarehousedimension,The Warehouse Dimension.,Story
story_itsnotanormalbearbasedontruestory,Its not a normal bear... (based on true story),Story
story_dad,Dad,Story
story_imtakingpicturesofawall,Im taking pictures of a wall,Story
story_wonderpetslostepisodefromadreadactually,wonder pets lost episode (from a dread actually),Story
story_ineedsomehelp,I need some help.,Story
story_touched,‘Touched’,Story
story_oldnostalgiccreepypastayoutubeseriescomicdubfromaround2017,old nostalgic creepypasta youtube series comic dub from around 2017,Story
story_bizarreaccidentjustdaysaftergoodhealthritual,Bizarre Accident Just Days After GOOD HEALTH Ritual,Story
story_theresacursedanimatronicinthedesertchuckecheesecreepypastabymrfreaky,There‘s A Cursed Animatronic In The Desert – Chuck E Cheese Creepypasta By Mr. Freaky,Story
story_thebartender,The Bartender,Story
story_themountainsiliveinarestrangepart2,The mountains I live in are strange. Part 2,Story
story_creepypastaaboutanabandonedmetro,Creepy pasta about an abandoned metro,Story
story_thelunaticintheforestoutsideseattle,The Lunatic in the Forest Outside Seattle,Story
story_doctorwintersforgetfulnessclinicthedrinktookhim,Doctor Winters Forgetfulness Clinic- The Drink Took Him,Story
story_part3isoutfortheinteractivestory,Part 3 is out for the Interactive story!,Story
story_themountainsiliveinarestrangepart1,The mountains I live in are strange. Part 1,Story
story_alilhelpplease,A lil help please?,Story
story_saltdaddy,Salt daddy,Story
story_helpfindingaritualpasta,help finding a ritualpasta,Story
story_adarkfigure,A Dark Figure,Story
story_ethan,Ethan !,Story
story_doyouknowjeffthekiller,Do you know Jeff the killer ?,Story
story_plot13,Plot 13,Story
story_thesmokefromthewildfiresincanadacamewithsomeunusualsideeffects,"The smoke from the wildfires in Canada, came with some unusual side effects.",Story
story_outofthisworldp3,out of this world p3,Story
story_thelaststop,The Last Stop,Story
story_thelastrage,The last rage,Story
story_classiccharacters,Classic characters,Story
story_whatcreepypastafailedsobaditsfunny,What creepypasta failed so bad it’s funny?,Story
story_inearlybecameaschoolshooterthisismystorypart2,"I Nearly Became a School Shooter, This is My Story (Part 2)",Story
story_somethingiswrongwiththisharddrive,Something is wrong with this hard drive,Story
story_thatgoddamndoorhandle,That goddamn door handle...,Story
story_theenchantedpencil,The enchanted pencil,Story
story_lookingforrecommendationswherethevillainiswealthy,Looking for recommendations where the villain is wealthy,Story
story_theyuleladsdiaryspt8,The Yule Lads Diarys Pt 8,Story
story_dontaskforhelpchallenge,Dont ask for help challenge,Story
story_thekillerintherye,The killer in the rye,Story
story_drlocklearstorys,Dr. Locklear story’s,Story
story_lookingforanoldpasta,looking for an old pasta,Story
story_wakeupcall,Wake Up Call,Story
story_theyuleladsdiaryspt7,The Yule Lads Diarys pt 7,Story
story_lucasvercetticom,lucasvercetti.com,Story
story_doyourememberthiscreepypastayoutubercallednightmarefuel,Do you remember this creepypasta YouTuber called ‘Nightmare Fuel’ ?,Story
story_frustrationpokemoncreepypasta,Frustration (Pokemon Creepypasta),Story
story_tomandjerrycrossoverlostepisode,Tom and Jerry crossover lost episode,Story
story_curtiscommentinsnowpierceraboutbabiestastebestistotalbs,Curtis comment in Snowpiercer about babies taste best is total BS.,Story
story_adulting,Adulting,Story
story_fromtheashes,From the Ashes,Story
story_thefacecreepypasta,The face creepypasta,Story
story_mysleepparalysisdemonmighthavebeenreal,My sleep paralysis demon might have been real..,Story
story_thebox,The Box,Story
story_helpmehpls,help meh pls....,Story
story_itwasnthim,It wasnt him,Story
story_callofspookymodernbloodshed,Call of Spooky Modern Bloodshed,Story
story_yuleladsdiaryspt6,Yule Lads Diarys pt 6,Story
story_friendlyremindertheorganizationnowhasover50occryptidscursesandbeingsthatarefreetouseinyourstories,"Friendly reminder, The organization now has over 50 OC cryptids, curses and beings that are free to use in your stories!",Story
story_rubysbirthdaypartypart2theintruders,Rubys Birthday Party. Part 2: The Intruders,Story
story_icontactedmybossesparentstocomeintowork,I contacted my bosses parents to come into work,Story
story_area51isaredherringthenorthernalaskanbaseiswhatyoushouldworryaboutpt1,"Area 51 is a red herring, the northern Alaskan base is what you should worry about Pt. 1",Story
story_happyface,Happyface?,Story
story_backstorytotallball,backstory to Tall Ball.,Story
story_imfinallygettingpaidenoughforthisshitentry26everythingallthetimeallatonce,Im finally getting paid enough for this shit [Entry 26] Everything. All the time. All at once.,Story
story_doesanyoneknowwhathappenedtocreepypastajr,Does anyone know what happened to creepypastajr,Story
story_searchforlostcreepypastavoices,Search for Lost CreepyPasta Voices,Story
story_thedarksideofmeditation,The Darkside of Meditation,Story
story_iteachbullshitmartialarts,I teach bullshit martial arts,Story
story_idrankayahuascatomeetthedemonstormentingmylifehereswhatisaw,I Drank Ayahuasca To Meet The Demons Tormenting My Life. Here’s What I Saw.,Story
story_abelthefounderbookofthedead,Abel the Founder: Book of the Dead,Story
story_leffettojoedalton,Leffetto Joe Dalton,Story
story_imissthedark,I miss the dark...,Story
story_deathloadablecontentthephantomkrowspart1,Death Loadable Content-The Phantom Krows Part 1,Story
story_roadofrecurrence,Road of Recurrence,Story
story_imetmyguardianangelandheintendstokillme,I met my guardian angel and he intends to kill me.,Story
story_whatareyouwhoreabout,what are you whore about ?,Story
story_ilmousedeburro,Il Mouse De Burro,Story
story_possessedchild,possessed child,Story
story_brazilliancreepypastablueeyeswithhisbrotherdoingchallenges,"Brazillian creepy pasta, blue eyes with his brother doing challenges...",Story
story_corpsecopsedraft,Corpse Copse |DRAFT|,Story
story_whatlieswehidethesubwaypart1ofacopdramahorrorstory,"What Lies We Hide, The Subway (Part 1 of a Cop Drama Horror story.)",Story
story_2creepypastas,2 creepy pastas,Story
story_update241221,Update 24/12/21,Story
story_myfirsttimeeverwritingascriptonlyscene1,My first time ever writing a script (only scene 1),Story
story_didcreepypastafandomlostpopularity,Did Creepypasta fandom lost popularity?,Story
story_roadrage,Road Rage,Story
story_facefulofbloodyejaculationsmellsworsethanitsounds,Faceful of Bloody Ejaculation Smells Worse Than It Sounds,Story
story_ifoundadisturbingvideoonaoldharddrivecreppypastapart11,i found a disturbing video on a old hard drive creppypasta part 1-1,Story
story_theml,The MÜL,Story
story_wiidied,WII DIED,Story
story_shopnsharecomchristmascreepypastachapter4spencer,shopNshare.com [Christmas creepypasta] Chapter 4. Spencer,Story
story_hello,Hello,Story
story_fellowcreepypastawritersiwouldliketowarnyou,"Fellow creepypasta writers, I would like to warn you.",Story
story_mistake,MISTAKE,Story
story_lookingforanoldcreepysiteaboutlikemathandnumerology,Looking for an old creepy site about like math and numerology,Story
story_denniswhatswrongwithyou,Dennis? Whats wrong with you?,Story
story_ithoughtyouweremybestfriend,I thought you were my best friend,Story
story_chirpsfromthechimney,Chirps from the Chimney,Story
story_elsilbnthewhistlingman,El Silbón (The whistling Man),Story
story_oldbillych2,Old Billy ch. 2,Story
story_peopleyoumayknow,People You May Know,Story
story_lookingforcreepypastastoread,Looking for creepypastas to read,Story
story_creepypastastoryunsleepingbeautypt1,Creepypasta Story: Unsleeping Beauty pt.1,Story
story_guysguysimadeamemedoyoulikeit,Guys! Guys! I made a meme! Do you lIKE IT?!,Story
story_mychildhoodtraumawasbroughtbackbyapersonalysedcopyofsm64,my childhood trauma was brought back by a personalysed copy of SM64,Story
story_creepypasta13524,Creepypasta 13524,Story
story_somethingisntright,Something Isn’t Right,Story
story_creepyasiasgottalent,Creepy Asia’s Got talent,Story
story_forgottenvibesanoriginalfridaynightfunkincreepyshortstory,Forgotten Vibes (An original Friday Night Funkin creepy short story),Story
story_eren,Eren.,Story
story_thearmyofthedeadcreepypasta,The army of the dead creepypasta,Story
story_canyoushowbarrythis,Can you show Barry this?,Story
story_itwaitsforme,It waits for me,Story
story_theblueemblemspeopleofstars,The Blue Emblems: People of Stars,Story
story_anyonerememberthiscreepypasta,Anyone remember this creepy pasta?,Story
story_theindomitablearmadaofcowsgloriouslyrisestotheskies,The Indomitable Armada of Cows Gloriously Rises to the Skies,Story
story_newfoundlandhorrorstody,Newfoundland Horror Stody,Story
story_mondayiv,Monday IV,Story
story_mydrawingofjeffthekiller,My drawing of Jeff the Killer,Story
story_imaengineeronastarshipheadingtoproximabbutsomethinghastakencontrolovertheshipsai,"Im a engineer on a star ship heading to Proxima B, but something has taken control over the ships AI...",Story
story_whoisdavid,Who is David?,Story
story_houseinvasion,House Invasion,Story
story_lookingforacreepypastastoryslightspoilersfordescription,Looking for a creepypasta/story. (Slight spoilers for description),Story
story_whyiwillneveruseavrheadseteveragainpart3,Why I Will Never Use A VR Headset Ever Again Part 3,Story
story_therobloxtowerofhellaccident,The Roblox Tower Of Hell Accident,Story
story_laughterthemadhatter,Laughter the Mad Hatter,Story
story_thefabledman,The Fabled Man,Story
story_whyiwillneveruseavrheadseteveragainpart2,Why I Will Never Use A VR Headset Ever Again Part 2,Story
story_bruh,Bruh,Story
story_ticcitoby,Ticci Toby,Story
story_themaninbetweenthewallsfullseries,The Man In Between The Walls (Full Series),Story
story_thervparkfullseries,The RV Park (Full Series),Story
story_videotranscriptiondumpfullseries,Video Transcription Dump (Full Series),Story
story_thedemonthatfollows,The Demon That Follows,Story
story_crashbandicoot,Crash Bandicoot,Story
story_whyiwillneveruseavrheadseteveragain,Why I Will Never Use A VR Headset Ever Again.,Story
story_sleepisfortheweakpt1,Sleep is for the weak pt. 1,Story
story_thegovernmentiskeepingaveryterriblesecretproject,The government is keeping a very terrible secret project,Story
story_mydelidoesntpaymeenoughforthisshitentry2theeyesoftheceiling,My Deli doesnt pay me enough for this shit [entry 2]: The eyes of the ceiling,Story
story_ithinkishookgodshand,I think I shook gods hand,Story
story_themoonlightdancerpart1,The Moonlight dancer; Part 1,Story
story_theladyinthecloset,The Lady In The Closet,Story
story_inforegardingsstwl,Info regarding SSTWL,Story
story_case1480,case 1480,Story
story_eljuegoperdidodeslenderman,el juego perdido de slenderman,Story
story_hgpsfoundcaseclosed,HGPS Found. (CASE CLOSED).,Story
story_newinformationontheshadman,New Information On The Shadman.,Story
story_raptured,Raptured,Story
story_mynameisrichardborisim26icantevercumagain,"My name is Richard Boris, Im 26, I cant ever cum again",Story
story_thedarkoriginsofwowwowwubbzy,The Dark Origins of Wow Wow Wubbzy,Story
story_thejackalslasheraideafromamonsterdrawing,The JackalSlasher ( a Idea from a monster drawing ),Story
story_soimlookingforaspecificpastabutcantfindit,So im looking for a specific pasta but cant find it,Story
story_dontreadthispostwhateveryoudo,"Dont read this post, whatever you do!",Story
story_ithinkmynewroommateisslenderman,I Think My New Roommate Is Slenderman,Story
story_mytwodads,My Two Dads,Story
story_theforbiddenversionofneedforspeedcarbon,The forbidden version of Need for Speed: Carbon,Story
story_averdadesobreohomempatetaumnovoperigoonline,A VERDADE SOBRE O HOMEM PATETA - Um novo PERIGO ONLINE??,Story
story_lookingforsomespoopycreepypastas,Looking for some spoopy creepypastas,Story
story_plsstop2119arobloxcreepypasta,plsstop2119: A Roblox Creepypasta,Story
story_tryingtofindanoldstoryihadlistenedto,Trying to find an old story I had listened to:,Story
story_lookingfor2oldstoriesilistenedtoonyoutubealongtimeago,Looking for 2 old stories I listened to on YouTube a long time ago.,Story
story_fangif,fan.gif,Story
story_idontknowwhattheyare,I dont know what they are,Story
story_meengramda,Meen gramda,Story
story_superspace,SUPER SPACE,Story
story_redandthewolvespart1,Red and the Wolves: Part 1,Story
story_grandpasoldfoodconcentrate,Grandpas old food concentrate.,Story
story_justanotherdayinkhrustchevka,Just another day in Khrustchevka.,Story
story_someoneexplain,Someone explain,Story
story_astreamerhasaruninwithsomethingterriblysinister,A streamer has a run in with something terribly sinister,Story
story_deepwebstory,Deep Web Story,Story
story_shortstory,Short Story,Story
story_ithinkimightbeaserialkiller,I Think I Might Be A Serial Killer,Story
story_fear,Fear.,Story
story_confessionsofaexcommunicatedpriestpartone,Confessions of a Excommunicated Priest. Part One.,Story
story_scaryluigismansion3glitch,Scary Luigis mansion 3 glitch,Story
story_writingahorrornovel,Writing a horror novel.,Story
story_myfirsttimewritingacreepypastapleasegivehonestfeedbackanyfeedbackisgood,My first time writing a creepypasta. Please give honest feedback. Any feedback is good,Story
story_overhere,Over Here!,Story
story_bloodandsoap,Blood and Soap,Story
story_thestaticspeakstome,The Static speaks to me,Story
story_thestickermen,The Stickermen,Story
story_imscaredofbarneythedinosaurbecauseihadanightmarewithhimasthecreature,Im scared of Barney the dinosaur because I had a nightmare with him as the creature,Story
story_thebargain,The Bargain.,Story
story_whiteeyedchild,White Eyed Child,Story
story_floating,Floating,Story
story_smileandnod,Smile and Nod,Story
story_myfirstattempt,my first attempt,Story
story_imnotsureifthisfitsherebuuuut,"Im not sure if this fits here, buuuut...",Story
story_thewalloriginalcreepypasta,The Wall (original creepypasta),Story
story_chatterbox,Chatterbox,Story
story_hollowedman,Hollowed Man,Story
story_sequeltothetracks,Sequel to “The Tracks” ?,Story
story_somethingcamewiththefrostpart1,Something came with the frost (Part 1),Story
story_werehavingproblemsontable8,We’re Having Problems On Table 8,Story
story_typewriterjoe,Typewriter Joe,Story
story_theghostofthepeepooman,The ghost of the pee poo man,Story
story_someoneisoutthere,Someone is out there!,Story
story_creepydisfiguredmaninmydreams,"Creepy, disfigured man in my dreams.",Story
story_whatpastasstillholdup,What Pastas still hold up?,Story
story_shesalwaysthere,Shes always there,Story
story_thesequeltrilogychallenge,The sequel trilogy challenge.,Story
story_follower,Follower.,Story
story_alittlehelphere,A little help here?,Story
story_crystal,Crystal...,Story
story_headset,HEADSET,Story
story_payday2nesversion,Payday 2 nes version,Story
story_helpbotknowsyoudavid,Helpbot Knows You David,Story
story_thehouse,The House,Story
story_jhavalgoi,jhaval goi,Story
story_toysaremorethanyouseethemas,Toys are more than you see them as,Story
story_thelostshrekmovie,The Lost Shrek Movie,Story
story_the1creepystorynarratedbyme,The 1%-Creepy Story Narrated by Me,Story
story_halflifecreepypasta,Halflife CREEPYPASTA,Story
story_scarystoryfromaroundayearago,Scary story from around a year ago,Story
story_thingstobeseen,Things to be seen,Story
story_supersmashbrosultimatedead,Super Smash Bros ultimate dead,Story
story_1111makeawish,"11:11, Make A Wish...",Story
story_scariestthingithinkilleverexperiencedinmylifejusthappened,Scariest thing I think I’ll ever experienced in my life just happened,Story
story_hearingthings,Hearing things,Story
story_ithoughtmojangremovedhimin2014,I thought mojang removed him in 2014,Story
story_thecleaninglady,The cleaning lady,Story
story_123slaughtermestreet,123 slaughter me street,Story
story_helpsos,HELP S.O.S,Story
story_creepysnapchatvideo,Creepy Snapchat Video,Story
story_yourfavoritecpseriesofalltime,Your Favorite CP Series of All Time?,Story
story_smilingdogownversion,Smiling dog own version,Story
story_justaregulardayonthejoborsoithought,Just a regular day on the job... or so I thought,Story
story_folktaleiheardawhileago,Folktale I heard a while ago,Story
story_theshadowmanpart1originalbybradyjutzi,The Shadow Man (Part 1) Original by Brady Jutzi,Story
story_isawthewendigo,I Saw The Wendigo,Story
story_ineedhelpfindingareallygoodcreepypasta,I need help finding a REALLY good creepypasta,Story
story_drinsanity,Dr.Insanity,Story
story_1999caledonlocal21part1,1999: Caledon Local 21 - Part 1,Story
story_ededdneddyspecialed,"Ed, Edd, n Eddy- Special Ed",Story
story_thefarmerswife,The Farmer’s Wife,Story
story_laurajean,Laura Jean,Story
story_lookingforacertaincreepypasta,Looking for a certain creepypasta,Story
story_indridcoldcommonlyknownasthegrinningmanexplained,Indrid Cold - Commonly Known as The Grinning Man ( Explained ),Story
story_theholderofheatthishasnothingtodowiththeholderseriesitsjustapoemstoryiwrote,"The Holder of Heat (This has nothing to do with the Holder Series, its just a poem story I wrote)",Story
story_1999question,1999 Question,Story
story_theevilyoucreated,The evil you created,Story
story_smalllaugh,Small laugh,Story
story_whathappenedtomyhusband,What happened to my husband?,Story
story_icantrememberthisstorysname,I can’t remember this story’s name...,Story
story_andimthebadone,And Im the bad one?,Story
story_iwroteacreepypastabutdontknowhowtoevenshareit,I wrote a creepypasta but don’t know how to even share it?,Story
story_billcipherexe,Bill cipher. EXE,Story
story_ineedhelpfindingacreepypastarelatedsongpleaseimdesperate,I NEED HELP FINDING A CREEPYPASTA RELATED SONG!!(please im desperate),Story
story_redmaskedeyelessjack,Red Masked Eyeless Jack!?!,Story
story_wierd,Wierd,Story
story_scarper,Scarper,Story
story_imnotsureifthisisscaryenoughandanyfeedbackwouldbeappreciated,"Im not sure if this is scary enough, and any feedback would be appreciated.",Story
story_isawheaven,I saw heaven,Story
story_theclosingshiftmy1stattemptconstructivecriticismiswelcome,The Closing Shift. ( My 1st attempt. constructive criticism is welcome.),Story
story_lookingforwhatimprettysureisamoreobscurepostapopocalyoticstory,Looking for what Im pretty sure is a more obscure post apopocalyotic story,Story
story_harshhash,Harsh Hash,Story
story_ifiwasrightaboutthelittlegirlthen,"If I was right about the little girl, then…",Story
story_rarefacebookprofile,Rare facebook profile,Story
story_shemustgomyfirsttryatacreepypastasopleasebenicelol,She Must Go. (My first try at a creepypasta so please be nice lol),Story
story_nextone,NEXT ONE......,Story
story_iwantpoweriamacomputerhelpery2kesk,I want power. I am a computer helper. (y2k esk),Story
story_talesfromthewastelandpart2,Tales From The Wasteland Part 2,Story
story_fairytaleendingsarelies,Fairytale endings are lies,Story
story_safetycoffins,Safety Coffin(s),Story
story_birthdaysurprise,Birthday Surprise,Story
story_itwasnothuman,IT WAS NOT HUMAN,Story
story_ordinaryheartbreak,Ordinary Heartbreak,Story
story_notallevilvillagersareredssb4creepypasta,Not all evil Villagers are red - SSB4 creepypasta,Story
story_ishouldhaveneverattendedtheannualbonfiremarket,I Should Have Never Attended the Annual Bonfire Market,Story
story_theonlyvietnamstoryivenevertold,The Only Vietnam Story Ive Never Told,Story
story_hesnottherebyscarlettsimpers,Hes Not There - by Scarlett Simpers,Story
story_thewoodsslendermanoriginsfinale,The Woods (Slender Man Origins Finale),Story
story_mygrandmasdoll,My Grandma’s doll,Story
story_bendrowned,Ben Drowned,Story
story_adreamihad,A dream I had,Story
story_thedollmakershouse,The Dollmakers House,Story
story_talesfromthewasteland,Tales From The Wasteland,Story
story_imdeadlikethatrat,im dead like that rat,Story
story_iwokeupinafield,I woke up in a field,Story
story_kodathisstoryistrue,Koda. (This story is true),Story
story_myfrienddiedoflaughter,My Friend Died of Laughter,Story
story_weresearchedtheboogeywoman,We Researched The Boogeywoman,Story
story_onthesamewavelength,On the same wave length...???,Story
story_cantsleepwithoutalighton,CANT SLEEP WITHOUT A LIGHT ON,Story
story_theenigmasoflife,The Enigmas of Life,Story
story_waswonderingifanyonecouldhelpmefindastory,Was wondering if anyone could help me find a story...,Story
story_mymomsexperiencewiththeparanormal,My moms experience with the paranormal,Story
story_bigblackflies,Big black flies,Story
story_thecrossword,The Crossword,Story
story_needhelpfindingastoryiheardalongtimeago,Need help finding a story I heard a long time ago,Story
story_myfriendtriedtoabductme,My friend tried to abduct me!,Story
story_attentioneverybody,Attention everybody!,Story
story_jimmyisteeth,jimmy is teeth,Story
story_changesbegintodaylookingforfeedbackandsuggestionsfromthecommunitymeta,Changes Begin Today. Looking for Feedback and Suggestions From the Community. [META],Story
story_thehellhuntertorturetape,The HellHunter torture tape,Story
story_supermario666,Super Mario 666,Story
story_vendingmachineblues,‘Vending machine blues’,Story
story_anupdateofthesituationatgreensdalevolunteerfirestation,An update of the situation at Greensdale Volunteer Fire Station,Story
story_anotherstupidgala,Another stupid gala,Story
story_newnarrationyoutube,New Narration YouTube,Story
story_helpfindingaytnarrator,Help finding a YT narrator,Story
story_beautyisintheeyesofthebeholder,Beauty is in the eyes of the beholder,Story
story_theshear,The Shear,Story
story_thelightdevourer,The Light Devourer,Story
story_imlookingforsmilejpg,im looking for smile.jpg,Story
story_ishouldofneverboughtadog,i should of never bought a dog...,Story
story_thesubnaturalstickmanofthreeacreepypastansfw,The subnatural stickman of three ( a creepypasta ) nsfw,Story
story_suggestion,Suggestion?,Story
story_theothernight,The other night,Story
story_4thofjulyatgreensdalevolunteerfirestation,4th of July at Greensdale Volunteer Fire Station,Story
story_newyoutubechannel,New Youtube channel,Story
story_buddingphotographercampsovernight,Budding photographer camps overnight,Story
story_nonscarycreepypasta,Non scary creepypasta?,Story
story_tuplareuploaded,Tupla *RE-UPLOADED*,Story
story_thereissomethingwrongwithgreensdalevolunteerfirestation,There is something wrong with Greensdale Volunteer Fire Station,Story
story_dimensionglorious,DIMENSION GLORIOUS,Story
story_thetragedyofthe2denapril,The Tragedy of the 2den April,Story
story_creepycampingpt2,Creepy Camping pt.2,Story
story_ifoundvideotapesfromhellpart2,I found Video Tapes from Hell [part 2],Story
story_fortnitecreepypastasthefortnitedream,Fortnite Creepypastas: The Fortnite Dream,Story
story_blind,Blind,Story
story_thesourceofourfears,‘The source of our fears’,Story
story_tryingtofindacertaincreepypastamaybeyouguyscouldhelp,"Trying to find a certain Creepy Pasta, maybe you guys could help",Story
story_creepyfideos,creepyfideos,Story
story_rockingchair,Rocking chair,Story
story_robbery,Robbery,Story
story_whataresomegoodcreepypasta,What are some good creepypasta?,Story
story_ineedhelpfindingacreepypastaprobablydifficulttotrackdown,I need help finding a creepypasta(probably difficult to track down),Story
story_thegirlinthewell,The Girl in The Well,Story
story_liftyourproblems,Lift your problems,Story
story_imafraidtodiealonesomaybeiwontae,Im Afraid To Die Alone So Maybe I Wont--AE,Story
story_okaysothisisthescariestthingthathaseverhappenedtome,"Okay, So this is the scariest thing that has ever happened to me.",Story
story_thejacksonborolight,The Jacksonboro Light,Story
story_thevegetablemonster,The Vegetable Monster,Story
story_namingacreepypastaimworkingon,Naming a creepypasta I’m working on?,Story
story_incidentreport131,incident report 13-1,Story
story_todayistandagainstmygod,"Today, I stand against my god",Story
story_evilteamleader,Evil Team Leader,Story
story_ifoundvideotapesfromhell,I found Video Tapes from Hell.,Story
story_bestfriendsuntildeathbyurockabillyox,Best friends until death by: u/RockabillyOx,Story
story_thewoods,The woods,Story
story_irememberthiscreepypastabutforgotthenameofitcouldyoupleasehelpmefindit,"I remember this creepypasta but forgot the name of it,could you please help me find it?",Story
story_wanttoreadsomethingreallyscary,Want to Read Something Really Scary?,Story
story_nowuploadingreadingsofcreepypastas,Now uploading readings of creepypastas,Story
story_sims,Sims,Story
story_hideyourmedicine,Hide Your Medicine,Story
story_scaryandhorrorstorynarrationnewyoutubechannel,Scary and Horror Story Narration: New YouTube Channel,Story
story_thecure,‘The cure’,Story
story_idontknowifthisistherightplacebutimlookingforaparticularpastathatiheardrecently,"I dont know if this is the right place, but Im looking for a particular pasta that I heard recently",Story
story_eaminecraftconsolecreepypasta,E (A Minecraft Console Creepypasta),Story
story_iamsohungry,I A M S O H U N G R Y,Story
story_holdontightbecausetheydontstaythislittleforever,Hold on tight because they dont stay this little forever,Story
story_cansomeonehelpmerememberapasta,Can someone help me remember a pasta?,Story
story_surrealnsfw,surreal NSFW,Story
story_allantheelectroshocker,"Allan, The Electroshocker",Story
story_aghoststoryisntthatbad,A Ghost Story Isnt That Bad...,Story
story_thechildandthemannsfw,The Child and the Man {NSFW?},Story
story_caniuseyourcreepypasta,Can I use your creepypasta?,Story
story_dandelionburdockbeerbadintentions,Dandelion & Burdock Beer & Bad Intentions,Story
story_bluecheesebeerbadintentions,Blue Cheese Beer & Bad Intentions,Story
story_broccolibeerbadintentions,Broccoli Beer & Bad Intentions,Story
story_baconbeerbadintentions,Bacon Beer & Bad Intentions,Story
story_okthisisstartingtobothermeagain,Ok this is starting to bother me again.,Story
story_theteacherpart3,The Teacher-Part 3,Story
story_theycomeforyourskinisaacpart2,They Come For Your Skin: Isaac Part 2,Story
story_bananabeerbadintentions,Banana Beer & Bad Intentions,Story
story_begentlethiswasreallyhardtowritepart2,"Be gentle, this was really hard to write... (Part 2)",Story
story_begentlethiswasreallyhardtowritepart1,"Be gentle, this was really hard to write... (Part 1)",Story
story_blueberrybeerbadintentions,Blueberry Beer & Bad Intentions,Story
story_itspreadspt1,It Spreads. Pt 1,Story
story_friendswithscissorsptviiafriendfullofsurprises,Friends with Scissors - Pt. VII - A Friend full of Surprises,Story
story_friendswithscissorsptvibutshesafriend,Friends with Scissors - Pt. VI - But Shes a Friend,Story
story_strangesymbolfoundinnewhouse,Strange symbol found in new house,Story
story_thescream,The scream,Story
story_alientheory,Alien Theory,Story
story_comehomenancy,Come home Nancy,Story
story_ifoundmysoninthefog,I Found My Son In The Fog.,Story
story_manbehindthecurtains,Man Behind The Curtains,Story
story_wewereforcedtosortmoundsofhairwearingaprincessdress,We were forced to sort mounds of hair wearing a princess dress,Story
story_friendswithscissorsptvshesprettystupid,Friends with Scissors - Pt. V - Shes pretty Stupid,Story
story_friendswithscissorsptivitsashe,Friends with Scissors - Pt. IV - Its a She,Story
story_friendswithscissorsptiiiitsalive,Friends with Scissors - Pt. III - Its Alive,Story
story_miscarriage,Miscarriage,Story
story_clownsandflyingsaucers,Clowns and flying saucers.,Story
story_ithinkimgoingcrazyclownsandsexualharassment,I think im going crazy: clowns and sexual harassment.,Story
story_silent,Silent,Story
story_memories,Memories,Story
story_itsybitsy,Itsy Bitsy,Story
story_friendswithscissorsptiianditsmoving,Friends with Scissors - Pt. II - And Its Moving,Story
story_friendswithscissorsptisomethingsthere,Friends with Scissors - Pt. I - Somethings There,Story
story_paranoia,Paranoia,Story
story_dontturnoffthewebcam,Dont Turn off the Webcam!,Story
story_illwait,I’ll wait...,Story
story_anyoneeverheardofaustownwithbloodycrossesandcreepykids,Anyone ever heard of a US town with bloody crosses and creepy kids?,Story
story_thestickmyfirstcreepypasta,The Stick [My First Creepypasta],Story
story_downtogeorgia,Down to Georgia,Story
story_whitehall1212,WHITEHALL 1212,Story
story_1iusedtomakemonsterprankvideosuntilthenightmygreatestfanarrived,1 I used to make monster prank videos until the night my greatest fan arrived...,Story
story_theblackshadowyman,The Black Shadowy Man.,Story
story_theteacherpart2,The Teacher-part 2,Story
story_thethingthatstalkedmychildhoodpart2,The Thing That Stalked My Childhood [PART 2],Story
story_sosomeonefoundanoldvietnamwarbasedhorrorshortofminethenbroughtittolifeimoverthemoon,"So someone found an old Vietnam War based Horror Short of mine, then brought it to life. Im over the moon!",Story
story_thethingthatstalkedmychildhoodpart1,The Thing That Stalked My Childhood [PART 1],Story
story_itsprobablynothing,It’s probably nothing...,Story
story_averystrangecry,A very strange cry.,Story
story_theteacherpartone,The Teacher-Part One,Story
story_theneverman,The Neverman,Story
story_trunks,Trunks,Story
story_isthereanygoodvirusorzombiecreepypastas,is there any good virus or zombie creepypastas,Story
story_newyearsresolutions,New Years Resolutions,Story
story_lfunsettlingceepypastastories,LF unsettling ceepypasta stories.,Story
story_279691081578051,27969 10815 78051,Story
story_arethereanycreepypastasthatturnedouttobetrue,Are there any creepy pastas that turned out to be true?,Story
story_thesoundthatcamefrommycloset,The sound that came from my closet.,Story
story_slendermanupcomingfilmopinion,Slenderman upcoming film opinion,Story
story_lifesgameatruetolifehorrorstory,Lifes Game: A True to Life Horror Story,Story
story_theoldbarn,The old barn,Story
story_luciddreampaleface,Lucid dream. Pale face.,Story
story_thedreamofthenightmare,The dream of the nightmare,Story
story_japaneseurbanlegendkuchisakeonna,Japanese Urban Legend: Kuchisake Onna,Story
story_therisingpart1,The Rising - Part 1,Story
story_negativethoughts,Negative Thoughts,Story
story_socreepy,So creepy,Story
story_1999movieupdate,1999 Movie: Update!,Story
story_182081388434315,18208 13884 34315,Story
story_curioso,Curioso,Story
story_they,They,Story
story_justiceinsweetwater,Justice in Sweet Water,Story
story_janepart3of3,Jane (Part 3 of 3),Story
story_thecavensfw,The Cave (NSFW),Story
story_myfirsttime,My First Time,Story
story_thebeastwithinthecave,THE BEAST WITHIN THE CAVE,Story
story_joinmyamino,Join my amino!,Story
story_teeth,Teeth,Story
story_theforest,The Forest,Story
story_cansomeonehelpmerememberacreepypastaspoilers,Can someone help me remember a Creepypasta( spoilers?),Story
story_themirrors,The mirrors,Story
story_thechainpt2thedoor2,The chain pt2 the door 2/?,Story
story_thecollector,The Collector,Story
story_helpmerememberamirrorcreepypasta,Help me remember a mirror creepypasta?,Story
story_cansomeonehelpmerememberacreepypasta,Can someone help me remember a creepy pasta?,Story
story_acideater,Acid Eater,Story
story_iwanttoseeifanyofyoucanhelpmefigureoutwhichcreepypastaimthinkingabout,I want to see if any of you can help me figure out which creepypasta Im thinking about.,Story
story_smileendingredonesoyouknowwhatishappening,Smile (Ending redone so you know what is happening),Story
story_notagainpart4,Not Again. Part 4,Story
story_410505852989643,41050 58529 89643,Story
story_safetyprecautionsinthekennecotcopperminepart2,Safety Precautions in the Kennecot Copper Mine PART 2,Story
story_redeyes,Red Eyes,Story
story_thechain,The chain..,Story
story_janepart2of3,Jane (Part 2 of 3),Story
story_ineedcreepypastafansopinions,I need creepypasta fans opinions,Story
story_cursedcreek,Cursed Creek,Story
story_heyguysmessageme,Hey guys ╰(◡‿◡✿╰) Message me!!!!,Story
story_attentionpleasestopandread,ATTENTION please stop and read,Story
story_lookingforapasta,Looking for a pasta,Story
story_notagainpart3,Not Again. Part 3,Story
story_notagainpart2,Not again. part 2,Story
story_helpme,Help Me,Story
story_undesirables,Undesirables,Story
story_anybodyonherethatcandrawandinterestedinyoutube,Anybody on here that can draw and interested in youtube?,Story
story_isleepwith4blanketsnow,I sleep with 4 blankets now.,Story
story_smile,Smile,Story
story_thethinginthemountains,The Thing in the Mountains,Story
story_200am,2:00 A.M,Story
story_janepart1of3,Jane (Part 1 of 3),Story
story_ms1mp0p92u4fv9wpxkiaq1ida,ms\1m@p0]p92]u{4=fv9!Wpx-#KIAq(1IDa=,Story
story_littlegirl,LITTLE GIRL,Story
story_isawslenderman,i saw slenderman,Story
story_theshadownexttomine,The Shadow Next to Mine,Story
story_scarystoriesnarratornames,Scary Stories Narrator Names?,Story
story_iamwar,I am War,Story
story_securityprecautionsinthekennecotcoppermine,Security Precautions in the Kennecot Copper Mine,Story
story_childhoodmemories,Childhood Memories,Story
story_creepypastastoryaboutaguynamedblue,Creepypasta story about a guy named blue?,Story
story_warningtopeopleintoluciddreams,Warning to people into Lucid Dreams...,Story
story_thewomaninmyphotos,The Woman in my Photos,Story
story_shealth,S Health,Story
story_candylandmc,CandylandMC,Story
story_discoverykidscommercials,discovery kids commercials,Story
story_davidithinksomeoneisinthehouse,"David, I think someone is in the house…",Story
story_iboughtahauntedbaseballoncraigslist,I bought a haunted baseball on Craigslist,Story
story_thepaintingfromthecuriosityshoppart1,The Painting from the Curiosity Shop (part 1),Story
story_thetwentydaysofsarsha,The Twenty Days of Sarsha,Story
story_846632220021425,84663 22200 21425,Story
story_theblackdogpartiiimattysstory,The Black Dog Part III (Mattys Story),Story
story_theblackdogpartiijimmysstory,The Black Dog Part II (Jimmys Story),Story
story_hangerofsouls,Hanger of Souls,Story
story_mywifehaslostrespectforme,My wife has lost respect for me,Story
story_insane,Insane,Story
story_thenailinthecoffin,The Nail in the Coffin,Story
story_blackrabbitdays,Black Rabbit Days,Story
story_thegrinningwoman,The Grinning Woman,Story
story_thelegendofslenderman,The Legend Of Slender man,Story
story_thewhisperer,The whisperer,Story
story_flickeringlightsofgreenandred,Flickering Lights of Green and Red,Story
story_littlechildren,Little children,Story
story_iregretpretendingtobeasoneofthegoats,I regret pretending to be as one of the goats,Story
story_ihavetobeasexistnow,I have to be a sexist now,Story
story_agentlefootstepinadarkenedhouse,A gentle footstep in a darkened house...,Story
story_lookingforacreepypastaname,Looking for a creepypasta name,Story
story_blackrabbit,Black Rabbit,Story
story_itsleepswithme,It Sleeps With Me,Story
story_iveseenthecreaturethatlivedinthekitchen,Ive Seen The Creature That lived in the kitchen,Story
story_meandmywifehavefailedtomakeababy,Me and my wife have failed to make a baby,Story
story_worldpeace,World peace,Story
story_mysteryofbirnabrjnasdttirlastdisappearingwasonsaturday13thofjanuarythisiscreepyandmysterious,"Mystery of Birna Brjánasdóttir, last disappearing was on Saturday 13th of January, this is creepy and mysterious.",Story
story_doyouwanttoknowwhataskinwalkeris,Do you want to know what a skinwalker is?,Story
story_helpstoryicantfind,Help! Story I cant find,Story
story_runmanrun,"Run Man, Run!",Story
story_aquicky,A quicky,Story
story_somethingbiglivinginmyearhole,Something big living in my ear hole,Story
story_super8,Super 8,Story
story_whosjudith,Whos Judith?,Story
story_nursingassistantwatchespeopledierealpersonalstory,Nursing assistant watches people die (REAL PERSONAL STORY),Story
story_shadowsinyoureyes,Shadows In Your Eyes,Story
story_6minutesinhell3partstory,6 minutes in hell (3 part story),Story
story_ifoundhitlerintheyear2000,I found hitler in the year 2000,Story
story_portiacondemns,Portia condemns,Story
story_blissfulboredom,Blissful Boredom,Story
story_dimensionaljumpingpart10finale,Dimensional Jumping Part 10 [Finale],Story
story_thebirdsitsalwaysthebirds,The Birds. Its always the birds.,Story
story_bitsbytes,Bits & Bytes,Story
story_readyornothereicome,"Ready or not, Here I come",Story
story_nsfwmew,[NSFW] Mew,Story
story_canihavehelpfindinganoldercreepypasta,Can I have help finding an older creepypasta?,Story
story_tweettweetacreepypastabynojusgricksas,tweet tweet! a creepypasta by nojus gricksas,Story
story_grownupforaday,Grown Up for a Day,Story
story_falling,Falling,Story
story_candlecovetheoriginaltakethenewroad,Candle cove: The original take the new road,Story
story_goodnightkiss,Good night kiss,Story
story_helliswherehomeisnsfw,Hell is where home is [NSFW],Story
story_mygrandfathermeetaredcap,My grandfather meet a Red Cap.,Story
story_abigailslakemonsteraamt,Abigails Lake Monster - AAMT,Story
story_animalcrossingbelltowngamesnsfw,Animal Crossing: Belltown Games (NSFW),Story
story_armyourselvesthecomingisnye,Arm Yourselves The Coming Is Nye,Story
story_canluggagepasscodenumberschangebythemselvesyoutellme,Can luggage passcode numbers change by themselves? You tell me.,Story
story_headinghome,Heading Home,Story
story_theloveofbendrowned,The love of ben drowned,Story
story_mybrotherhasnightmareshecantrememberpartiii,My Brother Has Nightmares He Cant Remember - Part III,Story
story_slendermansyndrome,Slenderman syndrome,Story
story_toysalsohavefeelingscreepypasta,Toys also have feelings (Creepypasta),Story
story_theressomethinginthewater,Theres Something In The Water.,Story
story_thedailyactivityreport,The Daily Activity Report,Story
story_salutations,Salutations,Story
story_onthefritz,On The Fritz,Story
story_myoldabandonedyoutubechannel,My old abandoned youtube channel,Story
story_lookingforsomehelptorememberthenameofacreepypasta,Looking for some help to remember the name of a creepypasta.,Story
story_stilettothekiller,stiletto the killer.,Story
story_japanesehorrorpleasetellmetheway,Japanese Horror: Please Tell Me The Way,Story
story_portiawaits,Portia waits,Story
story_iletthreedeadteenagersmoveintomyapartmentworstmistakeofmylife,I let three dead teenagers move into my apartment. WORST mistake of my life.,Story
source_redditrscarystories,reddit/r/scarystories,Source
story_lentenlilac,Lenten lilac,Story
story_ruinmeexe,Ruin_me.exe,Story
story_maninthewoods,Man In The Woods,Story
story_istillgetcallsat2amandidontevenownalandline,"I still get calls at 2 AM, and I dont even own a landline.",Story
story_ihelpedmyfriendlucifer,I Helped My Friend Lucifer,Story
story_onewaytomars,One Way to Mars,Story
story_thegreattheater,The Great Theater,Story
story_vortexerachapters28and29,Vortex Era: Chapters 28 and 29,Story
story_gabriellathedoll,Gabriella The Doll,Story
story_iwokeupinashednowimrunningformylife,I Woke Up in a Shed. Now I’m Running for My Life,Story
story_theshadowontheveranda,The Shadow on the Veranda,Story
story_actuallygoodscarystory,Actually good scary story,Story
story_thewomaninthemirror,The Woman in the Mirror,Story
story_iboughtastorageunitatauctionthepreviousownerleftinstructions,I Bought a Storage Unit at Auction. The Previous Owner Left Instructions,Story
story_itookanightshiftjobatashutteredamusementparkiwaswarnednottocheckthearcadeididntlisten,I took a night shift job at a shuttered amusement park. I was warned not to check the arcade. I didnt listen.,Story
story_vortexerachapter27,Vortex Era: Chapter 27,Story
story_thefourthcut,The fourth cut,Story
story_underthecherryblossoms,Under the Cherry Blossoms,Story
story_themirroredmanbodyphysiologicalhorror,The Mirrored Man (Body/physiological horror),Story
story_question,Question,Story
story_hands,Hands,Story
story_resistthedevilpart1,Resist the Devil (Part 1),Story
story_whyisindianasoquietatnightpt1,Why is Indiana so quiet at Night? Pt. 1,Story
story_theruns,The Runs,Story
story_textmessagefromanunknownnumber,Text Message From An Unknown Number,Story
story_mylastamazonflexdeliverywasacalculatedambushnowtheyhavemyaddress,"​My last Amazon Flex delivery was a calculated ambush. Now, they have my address.",Story
story_thismotelhasanentrancetothebackrooms,This Motel has an Entrance to the Backrooms,Story
story_mybestfriendmurderedmeatherweddingthreeyearslaterimstilldying,"My Best Friend Murdered Me at Her Wedding. Three Years Later, Im Still Dying.",Story
story_aphantomsperspective,A phantoms perspective,Story
story_theshopkeeperssecretsongbeneaththefrostcomingsoon,The Shopkeepers Secret Song (beneath the frost COMING SOON!!!),Story
story_theshopkeeperssecretsongoneofmymonstersshortstorybackgroundbeneaththefrostcomingsoon,The Shopkeepers Secret Song (one of my monsters short story background)(Beneath The Frost COMING SOON!!!),Story
story_thequietgame,The Quiet Game,Story
story_incestuousanalsuicideintheshithotel,Incestuous Anal Suicide In The Shit hotel,Story
story_thevoicebeneaththewater,The Voice Beneath the Water,Story
story_ifinallyhadabreakthroughwithmymarriagecounselor,I finally had a breakthrough with my marriage counselor,Story
story_lochwoodentry0teaser,Lochwood: Entry 0 - Teaser,Story
story_vortexerachapters25and26,Vortex Era: Chapters 25 and 26,Story
story_shewastheonethatgotaway,She was the one that got away,Story
story_wefoundsomethingatthebottomofthepool,We Found Something At the Bottom Of the Pool,Story
story_awake,Awake,Story
story_mymomdiedintheicuamiracledrugbroughtherbackdifferent,My mom died in the ICU. A miracle drug brought her back different.,Story
story_rustedwithmold,Rusted with mold,Story
story_thelastfootprintsinthesnow,The last footprints in the snow,Story
story_tonightwillbeenough,Tonight Will Be Enough,Story
story_redhead,Redhead,Story
story_hideandseek,Hide And Seek,Story
story_theundesired,The Undesired,Story
story_gauntboetheformicouldntclose,GAUNT-B.O.E.: The form I couldnt close,Story
story_imsorrychelsi,"Im Sorry, Chelsi",Story
story_imnotperfect,Im not perfect,Story
story_theearthlivesthroughyou,The Earth Lives through you,Story
story_horrorstoryatseasailorsvoyageswhispersovertheseapart2,Horror story at Sea - Sailors Voyages: Whispers Over The Sea - Part 2,Story
story_myclassmateskidnappedmehewantedmetowakeuphislittlesister,My classmates kidnapped me. He wanted me to wake up his little sister.,Story
story_eastofpeckham,East Of Peckham,Story
story_marked,Marked,Story
story_parttwotheanswerinthedark,Part Two-The Answer In The Dark,Story
story_imamusicianandmypianohasbeenplayingitself,I’m a Musician and My Piano Has Been Playing Itself,Story
story_ithinkimpregnantagain,I think Im pregnant AGAIN.,Story
story_myfirstjobalmostgotmekilledandnoonebelievesme,My First Job Almost Got Me Killed — and no one believes me.,Story
story_thedemoninthecornerwatchedmeallnighttruescarysleepnightmarestories,The Demon in the Corner Watched Me All Night | True Scary Sleep Nightmare Stories,Story
story_partonethesilentdoor,Part One-The Silent Door,Story
story_heshere,Hes Here.,Story
story_theressomethingreallywrongwithmydreamhouse,There’s Something Really Wrong With My Dream House,Story
story_tiktokremovedmylastvideonowmyreflectionisoutofsync,TikTok removed my last video. Now my reflection is out of sync.,Story
story_pleasestayawayfromthewater,Please Stay Away From The Water,Story
story_theseareaveryscarysetofmythsthewayitisexplainedityoucanreaduntilenditmayshockyoufirstparagraphisntscarytheentirethingiswhenyouunderstandwhatitisprovingyoumustseetheproofbeforeyouarescared,"These are a very scary set of myths. The way it is explained, it you can read until end, it may shock you. First Paragraph isnt scary, the entire thing is when you understand what it is proving. You must see the proof, before you are scared",Story
story_thevinesinmybackyardwontstopgrowingfinale,The Vines In My Backyard Won’t Stop Growing (finale),Story
story_latency,Latency,Story
story_thesilenceoftheseapart1,The Silence of the Sea - part 1,Story
story_iknowthatyoureinmywalls,I know that you’re in my walls.,Story
story_somethinginmyapartmentknocksbackwhenimalone,Something in My Apartment Knocks Back When I’m Alone,Story
story_myprobationconsistsonguardinganabandonedasylumpart3,My Probation Consists on Guarding an Abandoned Asylum [Part 3],Story
story_idontthinkthatsyourmombro,"I dont think thats your mom, Bro.",Story
story_neverbelievedinghostsuntilalittlewhileago,Never believed in Ghosts until a little while ago,Story
story_theboythemanandthehorse,"The boy, the man, and the horse",Story
story_doyoulikemystory,Do you like my story?,Story
story_truehighwayscarystory,True Highway Scary Story,Story
story_hide,Hide,Story
story_ifiwasagamblingman,If I Was A Gambling Man,Story
story_isthiseverhappenedtoyou,Is this ever happened to you,Story
story_ilostmyfathertotherestaurantinthefog,I lost my father to the restaurant in the fog,Story
story_mygrandmotherwarnedusnevertobatheoutsideatnightineverbelievedheruntiltherivercalledmyname,My grandmother warned us never to bathe outside at night. I never believed her—until the river called my name.,Story
story_iwokeuptomywifewatchingdemontruescarysleepnightmarestoriesandashadowinourroom,I Woke Up to My Wife Watching Demon | True Scary Sleep Nightmare Stories | and a Shadow in Our Room,Story
story_thehousewiththeyellowspire,The House With the Yellow Spire,Story
story_iopenedmyeyesinthehospitalandsawmybodyonastretcher,I Opened My Eyes in the Hospital and Saw My Body on a Stretcher,Story
story_bookclub,Book Club 📚,Story
story_wherethelightfell,Where the Light Fell,Story
story_poorhelenfinal,Poor Helen (Final),Story
story_wasicatfished,Was I catfished?,Story
story_ithinkiateadevilforbreakfastpartviii,"I Think I Ate a Devil for Breakfast, PART VIII",Story
story_thewhistleoutsidemywindowsrightnow,The whistle outside my windows right now,Story
story_mygrandmotherwarnedusnevertobatheatnightifinallyunderstandwhy,My Grandmother Warned Us Never to Bathe at Night. I Finally Understand Why.,Story
story_intherearviewmirror,IN THE REARVIEW MIRROR,Story
story_scarymythsdonotforceanyonetoreadthis,Scary Myths: Do not force anyone to read this,Story
story_southofthetracks,South of the Tracks,Story
story_tifubynotcleaningupmynailclippingspart4,TIFU By Not Cleaning Up My Nail Clippings [Part 4],Story
story_hundredsofeyes,Hundreds of eyes,Story
story_ninehours,Nine hours,Story
story_arcanegroveacademyalegacyofthehiddenfolkchapter1,Arcane Grove Academy: A Legacy of the Hidden Folk (chapter1),Story
story_thehiddenfolkchapter6,The Hidden Folk (chapter 6),Story
story_thehiddenfolkchapter5,The Hidden Folk (chapter 5),Story
story_thehiddenfolkchapter4,The hidden folk (chapter 4),Story
story_thehiddenfolkchapter3,The Hidden Folk (chapter 3),Story
story_ithoughtiwassmarterthanthedesertiwaswrong,"I thought I was smarter than the desert, i was wrong",Story
story_foundahauntedspotputitonthedamnmap,Found a haunted spot? Put it on the damn map,Story
story_cursedwaters,Cursed Waters,Story
story_tifubynotcleaningupmynailclippingspart3,TIFU By Not Cleaning Up My Nail Clippings [Part 3],Story
story_iwaslookingforatherapistandnowtheresapsychomimichuntingme,I Was Looking For A Therapist And Now Theres A Psycho Mimic Hunting Me,Story
story_behindthebasementwallpart2,Behind the basement wall. part 2,Story
story_iwanttoknowwhatstorieskeepyouupatnightihaveheardmostofthembynowithinkbutbonuspointstowhoeverhasanythatihaventheardorreadaboutyet,"I want to know what stories keep you up at night. I have heard most of them by now I think, but bonus points to whoever has any that I haven’t heard or read about yet!",Story
story_thehiddenfolkchapter2,The Hidden Folk (chapter 2),Story
story_thehiddenfolkchapter1,The Hidden Folk (chapter 1),Story
story_thisscaredmesobad,This Scared Me So Bad!,Story
story_stalker,Stalker,Story
story_iboughtapossesseddolloffofebaynowihavenightmares,"I bought a possessed doll off of eBay, now I have nightmares.",Story
story_theinkofborrowedwords,The Ink of Borrowed Words,Story
story_theuniversewheretimestartedtobleedisawthefirstdropandnowicantmoveanymore,"The Universe Where Time Started to Bleed — I saw the first drop, and now I cant move anymore.",Story
story_thealleysofabsolutionpart2,The Alleys of Absolution (part2),Story
story_thealleysofabsolutionpart1,The Alleys of Absolution (part1),Story
story_scarystorychannel,Scary story channel,Story
story_lure,Lure,Story
story_weweresenttoinvestigatealostoutpostinafghanistanwhatwefoundwasnthuman,We Were Sent to Investigate a Lost Outpost in Afghanistan. What We Found Wasn’t Human.,Story
story_myneightborarentthesameanymorepart2,My neightbor arent the same anymore [Part 2],Story
story_behindthebasementwall,Behind the basement wall,Story
story_mymomkilledherselfwheniwas11butisawherinmytherapysessionandiknowillbewithhersoon,My Mom Killed Herself When I Was 11. But I Saw Her In My Therapy Session And I Know Ill Be With Her Soon.,Story
story_werebuildingatransmediahorrorexperiencewanttohelpussolveamystery,We’re building a transmedia horror experience. Want to help us solve a mystery?,Story
story_deartrevor,Dear Trevor,Story
story_iswearshewasthere,I swear she was there!,Story
story_codeoftheflesh,Code of the Flesh,Story
story_saltinthewound,Salt In The Wound,Story
story_3terrifyingtruestoriesofpeopleoutsideyourhome,3 Terrifying TRUE Stories of People Outside Your Home,Story
story_oceanofsorrowpart1,Ocean Of Sorrow: Part 1,Story
story_apartment1413,Apartment 1413,Story
story_tifubynotcleaningupmynailclippingspart2,TIFU By Not Cleaning Up My Nail Clippings [Part 2],Story
story_theshadowinthenewhomepart4,The Shadow in the New Home (part 4),Story
story_theshadowinthenewhomepart3,The Shadow in the New Home (part 3),Story
story_theshadowinthenewhomepart2,The Shadow in the New Home (part 2),Story
story_theshadowinthenewhomepart1,The Shadow in the New Home (part 1),Story
story_wheredoyoufeelfear,Where do you feel fear?,Story
story_doyouknowwhoiam,Do you know who I am?,Story
story_thelonelyleftsockgroveofanglesea,The Lonely Left Sock Grove of Anglesea.,Story
story_thegrinningman,The Grinning Man,Story
story_thisisnotmybeautifulhouse,This is Not My Beautiful House,Story
story_iworkasadebtcollectorandthethingsicollectareverystrangepart3,I work as a debt collector and the things I collect are very strange (Part 3),Story
story_theyulegoat,The Yule Goat,Story
story_thevampiremyth,The Vampire Myth,Story
story_erasedbygooglepart1lostidentity,Erased by Google (Part 1: Lost Identity),Story
story_thespirithovered,The Spirit Hovered,Story
story_adelheid,Adelheid,Story
story_seeingbutterflies,Seeing Butterflies,Story
story_thecaligulamurderspart23,The Caligula Murders [PART 23],Story
story_fortunecookie,Fortune Cookie,Story
story_thisisthefictionhorrorstoryonmediumpleasehavealook,This is the fiction horror story on Medium. Please have a look.,Story
story_tophatferrets,Top hat & ferrets,Story
story_teasept4,Tease Pt. 4,Story
story_dogkiller,Dog Killer,Story
story_imovedtoaruralaustraliantownforpeaceandquietifoundanythingbut,I moved to a rural Australian town for peace and quiet. I found anything but...,Story
story_ifoundtheplaceiwaslookingfor,I found the place I was looking for,Story
story_areyoucominghome,are you coming home…?,Story
story_ithoughtshediedbutshehasayoutubechannel,I thought she died but she has a YouTube channel,Story
story_thecaligulamurderspart22,The Caligula Murders [PART 22],Story
story_cryofpterror,Cry of Pterror,Story
story_thehusbandwhocametodinner,The Husband Who Came to Dinner,Story
story_indonesiaish,Indonesia-ish,Story
story_thebigfootencounter,The Bigfoot Encounter,Story
story_imsocold,Im So Cold.,Story
story_ikeptseeingthisshadowfigurewheniwaslittle,i kept seeing this shadow figure when i was little,Story
story_thecallofthebreachpart2,The Call of the Breach [Part 2],Story
story_followtheleader,Follow The Leader,Story
story_cretaceoussurvivorssynergy,Cretaceous Survivors Synergy,Story
story_mydreamtriptoaustraliabecameanightmare,My dream trip to Australia became a nightmare,Story
story_worsthotelexperienceiveeverhad,Worst Hotel Experience I’ve ever had,Story
story_wellwaterpart2,Well Water (Part 2),Story
story_wellwaterpart1,Well Water (Part 1),Story
story_quetzalcoatl,Quetzalcoatl,Story
story_thecaligulamurderspart21,The Caligula Murders [PART 21],Story
story_iwasahighwaypatrolmanfor20yearsthisisoneofmyworstexperiences,"I was a highway patrolman for 20 years, this is one of my worst experiences",Story
story_translocatingcolossus,Translocating Colossus,Story
story_peopleareeatingthemselvespart2,People are eating themselves (Part 2),Story
story_slytherin,Slytherin,Story
story_bloodmoonrisingafarmersreckoningpart1of2,Blood Moon Rising - A Farmers Reckoning (Part 1 of 2),Story
story_theharvestp123,"The Harvest P1,2,3",Story
story_thecallofthebreachpart1,The Call of the Breach [Part 1],Story
story_ithinkmyschoolhaunted,I think my school haunted,Story
story_coincidenceorwhat,Coincidence or what?,Story
story_somethingisawwheniwasakid,Something I saw when I was a kid,Story
story_adarlinglittleroadtrip,A Darling Little Road Trip,Story
story_myencounterswithapossiblewendigo,My encounters with a possible Wendigo,Story
story_mrwillis,Mr. Willis,Story
story_annihilationpt2,Annihilation PT 2,Story
story_thecaligulamurderspart20,The Caligula Murders [PART 20],Story
story_avisittohellbyaaronpurser,“A VISIT TO HELL” by AARON PURSER,Story
story_patient26interview2,Patient 26 Interview #2,Story
story_wemessedup,We messed up,Story
story_therearestrangersinmyhousepart4,There Are Strangers In My House (Part 4),Story
story_thepsychicthatalwaysgetsitwrong,The psychic that always gets it wrong,Story
story_thewaytheworldworks,The Way the World Works,Story
story_imanarsonistandineedtosharewhativeseenlatelypart2,Im an arsonist and I need to share what I’ve seen lately part 2,Story
story_therearestrangersinmyhousepart3,There Are Strangers In My House (part 3),Story
story_canweshowourfacesnow,Can We Show Our Faces Now?,Story
story_therearestrangersinmyhousepart2,There Are Strangers In My House (Part 2),Story
story_ilookedintotheabyssbuttheabyssneverlookedbackbecauseitsautistic,I looked into the abyss but the abyss never looked back because its autistic,Story
story_arepostersacrossukbusstopsgivingreallifetipstosinnerstomakeamendswhatdoescamdentownbeerhavetodowiththeendpurposeoflife,Are posters across UK bus stops giving REAL life tips to Sinners to make AMENDS? What does Camden Town Beer have to do with the end purpose of life?,Story
story_twistedmetalcreepypastathelostfiles,Twisted Metal Creepypasta- The Lost Files,Story
story_therearestrangersinmyhousepart1,There Are Strangers In My House (Part 1),Story
story_ilostmydogafewyearsagohesuddenlyshoweduponourporchafewweeksback,I lost my dog a few years ago. He suddenly showed up on our porch a few weeks back.,Story
story_paranoiahorrorstory,Paranoia… (Horror Story),Story
story_imalwayschasingrainbows,Im Always Chasing Rainbows,Story
story_redditscarystoryinreallife,Reddit scary story in real life,Story
story_gotlostandsawacult,Got lost and saw a cult,Story
story_creativesacrifice,Creative Sacrifice,Story
story_dontyouhearittoo,Dont you hear it too?,Story
story_darkmatch,Dark Match,Story
story_doyoubelieveinghosts,Do you believe in ghosts?,Story
story_doctorwhoisshit,Doctor who is shit,Story
story_railreplacementservice,Rail Replacement Service,Story
story_theglob,The Glob,Story
story_imaretiredenglishteacherandreadingonlinestoriesusedtobemyfavouritehobbybutnowineedanewhobby,"Im a retired English teacher, and reading online stories used to be my favourite hobby. But now I need a new hobby.",Story
story_therewaspoundingonthebasementceiling,There was pounding on the basement ceiling!,Story
story_martinhastoldmethatleonislessracistthanhewas10minutesago,Martin has told me that Leon is less racist than he was 10 minutes ago,Story
story_theplaceiusedtoliveinwashaunted,The place I used to live in was haunted.,Story
story_neverlookatthebrightsideoflife,Never look at the bright side of life,Story
story_slippingthroughmyfingers,Slipping through my fingers,Story
story_strangeneighbourgoesmissing,Strange Neighbour Goes Missing,Story
story_prideandhomophobictribes,Pride and Homophobic tribes,Story
story_rustland,Rustland,Story
story_annabellenotthetruestoryijustnameditthis,Annabelle (Not the true story!!! I just named it this),Story
story_havingnoemotionsorfeelingsisnowillegal,Having no emotions or feelings is now illegal,Story
story_kapalika,Kapalika,Story
story_thebiggestmistake,THE BIGGEST MISTAKE,Story
story_maryofblood,Mary Of Blood,Story
story_howpoliceofficersgettrained,How police officers get trained,Story
story_seejohn,See John….,Story
story_homealonebangtruestory,Home Alone Bang (True Story),Story
story_aithforgaslightingmywifeabouttheghostsinourhouse,AITH for gaslighting my wife about the ghosts in our house?,Story
story_horrorinspace,Horror in space,Story
story_thisyearssexiestdeadmanwinnergoesto,This years sexiest dead man winner goes to.....,Story
story_ithinksomeonebrokeintomyhotelroomatnight,I think someone broke into my hotel room at night,Story
story_scarystoryfake,Scary story (fake),Story
story_cowsatnightinthefog,cows at night in the fog,Story
story_myscaryghostexperience,My scary ghost experience,Story
story_2031journalentry,2031 journal entry,Story
story_curiositykilledthecat,Curiosity killed the cat,Story
story_letmeknowwhatshappening,Let me know what’s happening,Story
story_doppleganger,Dopple ganger,Story
story_ithinkiwentsomewhereinmydream,I think I went somewhere in my dream.,Story
story_neighbor,Neighbor,Story
story_fortellingorcoincidence,Fortelling or coincidence,Story
story_hasanyoneeverfalleninlovewiththedevil,Has anyone ever fallen in love with the devil?,Story
story_incidentfile002,Incident File-002,Story
story_blackthorn,Blackthorn,Story
story_mommasboy,Mommas boy,Story
story_itripped,i TRIPPED,Story
story_weirdthinghappenedwheniwasgroceryshopping,Weird thing happened when i was grocery shopping,Story
story_headcave,Head / Cave,Story
story_incidentreport001,Incident Report-001,Story
story_ifinallysawademonduringmysleepparalysis,I finally saw a demon during my sleep paralysis.,Story
story_thetickettohell,The ticket to hell,Story
story_theslumberparty,The Slumber Party,Story
story_glitchinthematrix,Glitch in the matrix,Story
story_amoonlitencounterwithaskinwalker,A Moonlit Encounter with A Skinwalker,Story
story_theloop,The Loop,Story
story_bloodbathhometown,Bloodbath home town,Story
story_scarychristmastalesthread,Scary Christmas tales (Thread ⬇️),Story
story_childhooddollscare,Childhood Doll Scare,Story
story_3yearoldme,3 year old me,Story
story_theweeper,The Weeper,Story
story_whoareyou,Who are you?,Story
story_possiblesleepparalysisasachildhatman,Possible sleep paralysis as a child? “Hat Man”??,Story
story_hauntedbasement,Haunted basement,Story
story_hypnagogue,Hypnagogue,Story
story_thepostfindoncloseddeepwebpart1,The post find on closed deepweb.(part 1),Story
story_meandmyhusbandneverthoughtofowningpetsbeforeastrangedogappearedinourfrontlawn,Me and my husband never thought of owning pets before a strange dog appeared in our front lawn.,Story
story_scary,scary,Story
story_lastchristmasiwatchedmyentiretownvanishonehauntingmelodyatatime,"Last Christmas, I watched my entire town vanish, one haunting melody at a time.",Story
story_allisonsunderland,Allisons Underland,Story
story_ihadaghostinmyhousejustforonenight,"I had a ghost in my house, just for one night",Story
story_iwasstrandedintheaustralianoutbacksomethinghuntedmepart1,"I Was Stranded in the Australian Outback, Something Hunted Me (Part 1)",Story
story_nevergotothecemeteryatnight,Never go to the cemetery at night,Story
story_asummernightrun,A Summer Night Run,Story
story_ouroboros,Ouroboros,Story
story_thehangingman,The Hanging Man,Story
story_whatdidisee,What did I see?,Story
story_isawthepastwhileiwasatwork,I saw the past while I was at work,Story
story_theladyinwhiterealstory,The lady in white (real story),Story
story_cookingtimmy,Cooking Timmy,Story
story_mybloodisblackandotherweirdthingstruestory,"My blood is black, and other weird things. (True Story)",Story
story_throwingeyesatyou,Throwing eyes at you,Story
story_vivandtheman,Viv and the man,Story
story_longhairedgirl,Long-haired Girl,Story
story_hallofscreams,Hall of Screams,Story
story_ihikedalongatrailiwontforget,I hiked along a trail I wont forget,Story
story_leftinthedark,Left in the Dark,Story
story_thething,The Thing,Story
story_lifeofluxuryhorrorparody,Life of Luxury horror parody,Story
story_themayorsspecialevent,The Mayors Special Event,Story
story_photographycantakeyourlifeawayjustlikeanythingelsecan,Photography can take your life away just like anything else can.,Story
story_ignorancecankill,Ignorance can kill,Story
story_basedontrueeventsstory2,Based on true events story-2,Story
story_basedontrueevents,Based on true events,Story
story_bloodymary,Bloody Mary,Story
story_crestwoodhighschool,Crestwood high school,Story
story_thelonglongroadtrip,The long long road trip,Story
story_thejinn,The jinn,Story
story_letsplay,Lets Play,Story
story_scarystoryformygame,Scary Story For My Game,Story
story_withjustonebite,With Just One Bite,Story
story_igotgroundedforhearingsteps,I got grounded for hearing steps,Story
story_ihatedchristmasafterthishappened,I hated Christmas after this happened!,Story
story_garyfallsoffthewagon,Gary Falls Off the Wagon,Story
story_shipwrecked,Shipwrecked,Story
story_ihaverecentlystarteddreamingaboutmychildhooddog,I have recently started dreaming about my childhood dog,Story
story_itookanoldhighwayasashortcutwhatisawwillforeverhauntme,I took an old highway as a short cut. What I saw will forever haunt me.,Story
story_mysteriousartifacts,Mysterious artifacts,Story
story_bloodsville,Bloodsville,Story
story_whispersoftheshadowsthehouseofeternaltorment,Whispers of the Shadows: The House of Eternal Torment,Story
story_whispersoftheforgottenwoodspart1,Whispers of the Forgotten Woods Part 1,Story
story_myoldhauntedhouse,my old haunted house,Story
story_wokeuptopoltergeistplayingat3am,Woke up to Poltergeist playing at 3am,Story
story_somebodyplshelp,Somebody pls help!,Story
story_oldscaryvideo,Old scary video,Story
story_mystalker,My Stalker...,Story
story_skinwalkerranch,Skinwalker ranch,Story
story_updateparttwo,"Update, part two",Story
story_iwasnotalone,I was not alone,Story
story_thedarksideofpageantry,The dark side of pageantry,Story
story_whatisthemostdisturbingthingyouhaveeverwitnessedfirsthand,What is the most disturbing thing you have ever witnessed firsthand?,Story
story_updated,Updated,Story
story_ikeepseeingmydeadgrandmother,I keep seeing my dead grandmother,Story
story_truedisturbinghorrorstories,True Disturbing Horror Stories,Story
story_alotofkillerssomehowwanttokillmeandidontknowwhythisismythirdstoryandihavemanymore,a lot of killers somehow want to kill me and i dont know why this is my third story and i have many more,Story
story_shechasedmeoutofmysleep,she chased me out of my sleep,Story
story_scarythingthatmayhavesavedmylife,Scary thing that may have saved my life…,Story
story_kuchisakeotokotheslitmouthedman,Kuchisake Otoko: The Slit-Mouthed Man,Story
story_weirdstorymymomtoldmewhiledrunk,Weird story my mom told me while drunk!,Story
story_falseawakeningloopdream,False Awakening?? Loop Dream??,Story
story_funnynoise,Funny Noise,Story
story_disapearingbucketman,Disapearing Bucket Man,Story
story_cryptidsarespooky,cryptids are spooky,Story
story_underthestairs,Under The Stairs,Story
story_dontstayuptoolate,Dont stay up too late,Story
story_thedevil,The devil,Story
story_iamfuckedburneraccount,I am fucked(burner account),Story
story_thewhalescall,The Whales Call,Story
story_thishappenedtomewheniwas6,This happened to me when i was 6,Story
story_newytchanelaboutparanormal,New yt Chanel about paranormal,Story
story_thewendigo,The Wendigo,Story
story_anunwantedhallucination,An unwanted hallucination,Story
story_thetree,The tree,Story
story_searchingforastory,Searching for a story,Story
story_ineedsomeadviceandclearanceasihaventsleptthewholenightthinkingaboutit,I need some advice and clearance as i havent slept the whole night thinking about it,Story
story_classroom,Classroom,Story
story_mygirlfriendwaspeekingatme,My girlfriend was peeking at me,Story
story_ascarystory,A scary story,Story
story_whenthetallmancomestotown,When The Tall Man Comes to Town,Story
story_itsmine,It’s mine.,Story
story_ghostknockingdoor,Ghost/Knocking door,Story
story_thebadplace,The Bad Place,Story
story_tilldeathdoustogether,Till Death Do Us Together,Story
story_windikouk,Windikouk,Story
story_anairbnbexperienceillneverforget,An Airbnb Experience Ill Never Forget,Story
story_vanity,Vanity,Story
story_onceuponatimeinhollywoodchapter3part1,"Once upon a time in Hollywood - Chapter 3, part 1",Story
story_myresponsetotheviralraskredditwhatisasecretthatwouldruinyourlifeifrevealed,"My response to the viral r/AskReddit What is a secret that would ruin your life, if revealed?",Story
story_stayinsidesurvivingtheunseenapocalypse,STAY INSIDE : SURVIVING THE UNSEEN APOCALYPSE,Story
story_themcnightmare,The mcnightmare,Story
story_ifoundoutihaveastalkerthroughtiktoklive,I found out I have a stalker through TikTok Live,Story
story_thetitanaboa,The titanaboa,Story
story_thedollmaker,The Doll Maker,Story
story_thecultural,The cultural,Story
story_thejonesfamily,The Jones Family,Story
story_thedevilinthecloset,The Devil In The Closet,Story
story_ableakdiagnosis,A Bleak Diagnosis,Story
story_whendaybreaks,When Day Breaks,Story
story_iloveyoumost,I love you most,Story
story_thewindowstothesoultheveneratesyndicate,The Windows to the Soul: The Venerate Syndicate,Story
story_thewindowstothesoulallianceofalliances,The Windows to the Soul: Alliance of Alliances,Story
story_thewindowstothesoulalliesassimilation,The Windows to the Soul: Allies Assimilation,Story
story_thewindowstothesoulshilohsfinalbattle,The Windows to the Soul: Shilohs Final Battle,Story
story_ikeepfindingcamerasaroundmyhouse,I keep finding cameras around my house,Story
story_imaguardstationedatasecretgovernmentprisonahouragotherewasamajorbreakout,"Im a guard stationed at a secret government prison. A hour ago, there was a major breakout.",Story
story_anormalnight,A normal night,Story
story_notmyfriend,Not my friend,Story
story_anewpresident,A new President,Story
story_weirdwebsite,Weird website,Story
story_chances,chances,Story
story_hewasntokay,He wasn’t okay,Story
story_rulesforlookingafteranna,Rules for looking after Anna,Story
story_whyisthereaominouslargeblackentityoutsidestaringatme,Why is there a ominous large black entity outside staring at me?,Story
story_rulesongoingtothebathroominthemiddleofthenightpt2,rules on going to the bathroom in the middle of the night. pt2,Story
story_obscureoccurrencesthemurdermysteryofthemiyazawafamily,Obscure Occurrences : The Murder Mystery of The Miyazawa family,Story
story_shewasnotmysister,She was not my sister.,Story
story_door29,Door 29,Story
story_windtheorywintercreepypasta,Wind theory. (Winter creepypasta),Story
story_thekeyboard,The Key board,Story
story_whosthat,Who’s that,Story
story_homealone,Home alone,Story
story_itscoldoutside,Its cold outside...,Story
story_ifyouseethispleasereadit,if you see this please read it,Story
story_howiturnedouttobeacrazyperson,How I turned out to be a crazy person,Story
story_thekittycatkillerletmeknowifitsucks,The Kitty Cat Killer ( Let me know if it sucks),Story
story_rulesongoingtothebathroominthemiddleofthenight,rules on going to the bathroom in the middle of the night.,Story
story_area51isaredherringthenorthernalaskanbaseiswhatyoushouldworryaboutpt2,"Area 51 is a red herring, the northern Alaskan base is what you should worry about Pt.2",Story
story_mom,Mom…?,Story
story_iwishididnthaveatv,I wish I didn’t have a TV.,Story
story_thealdermandiariesentryone,The Alderman Diaries (Entry One),Story
story_thebasement,The basement.,Story
story_themanpartthefinale,THE MAN PART THE FINALE,Story
story_thedurhamfamilycurse,The Durham Family Curse,Story
story_thedoorman,The Door Man,Story
story_wheresthecamera,Where’s the camera,Story
story_diana,Diana,Story
story_sendinyourscarybirthdaystories,Send in your Scary birthday stories,Story
story_acrazyandscarystorywheniwasayoungchild,"A crazy, and scary story when I was A young child.",Story
story_thenoiseintheattic,The noise in the attic….,Story
story_thethinginthedistance,The thing in the distance.,Story
story_itwasawarning,It was a warning,Story
story_theycamefromafar,They came from afar,Story
story_2sentencehorrorstory,2 sentence horror story,Story
story_thispartywashorrible,This party was horrible,Story
story_imstuckinmyroom,Im stuck in my room,Story
story_schrdingersbox,Schrödingers Box,Story
story_obscureoccurrencesthemurdercaseofthehammersmithghost,Obscure Occurrences : The Murder Case of The Hammersmith Ghost,Story
story_chapter1,Chapter 1  ? ? ? ,Story
story_wheniusethisphoneiseelinesinmyvisionalmostfeelslikeatranswhenimdrawntoit,when i use this phone i see lines in my vision almost feels like a trans when im drawn to it,Story
story_theresabackroombutnotwhatwethinkitlooks,theres a backroom but not what we think it looks,Story
story_guysishouldnthavebeenalifegaurdsharkstory,Guys i shouldnt have been a lifegaurd (shark story),Story
story_soundsoutsidemyroomwindow,sounds outside my room window,Story
story_part1thethundercries,Part 1: The Thunder Cries,Story
story_thefriendthatnooneelsecouldsee,The Friend That No One Else Could See,Story
story_babyitscoldoutside,"Baby, Its Cold Outside",Story
story_him,Him...,Story
story_bunkbuddies,Bunk buddies..?,Story
story_dontdonateyourbodytoscience,Dont Donate Your Body to Science,Story
story_theticking,the ticking...,Story
story_themanintheattic,The man in the attic,Story
story_ghostorhuman,Ghost? or Human?,Story
story_imnevergoingbacktothatcabin,I’m never going back to that cabin,Story
story_thiscarridewasoff,This car ride was off,Story
story_mydadoncesaidtome,My dad once said to me.,Story
story_imhiding,I’m hiding….,Story
story_readthispls,Read this pls!,Story
story_beckiandherhusband,Becki and Her Husband,Story
story_howtoplaywitchhunt,How to play Witch Hunt,Story
story_horrifichauntingsthedemonofthebrownsvilleroad,Horrific Hauntings : The Demon of the Brownsville Road,Story
story_isurvivedy2konterrafirmawithsomeonefromanotherplanetpart11,I survived Y2K on Terra Firma with someone from another planet (Part 11),Story
story_boyfriendgavemehisspotifyunspeakablethingshavehappened,"Boyfriend gave me his Spotify, unspeakable things have happened.",Story
story_asecretroomatmygrandparentsoldhouse,A secret room at my grandparents old house.,Story
story_incidentatthestanley,Incident At The Stanley,Story
story_bewarethetextil,Beware… the textil—,Story
story_familyguy,family guy,Story
story_womanclaimstohitskinwalkerwithcar,Woman claims to hit skinwalker with car,Story
story_nicelittlenightwalk,nice little night walk...,Story
story_bainbridgementalinstitutionpart3of3,Bainbridge mental institution part 3 of 3,Story
story_bainbridgementalinstitutionpart2of3,Bainbridge mental institution part 2 of 3,Story
story_bainbridgementalinstitutionpart1of3,Bainbridge mental institution part 1 of 3,Story
story_strawmanch10home,Strawman Ch10: Home,Story
story_scarystory,Scary story,Story
story_myoldhouse,My Old House.,Story
story_doppelganger,Doppelganger,Story
story_theredhillbrothersvol2part1oldmcredhill,"The Redhill Brothers Vol. 2, Part 1: Old McRedhill",Story
story_thedevilinmyroom,The Devil In My Room,Story
story_mineandmysistersroom,Mine and my sisters room,Story
story_isurvivedy2konterrafirmawithsomeonefromanotherplanetpart10,I survived Y2K on Terra Firma with someone from another planet (Part 10),Story
story_myexboyfriendismystalker,my ex-boyfriend is my stalker,Story
story_alongandnarrowhallway,A Long And Narrow Hallway,Story
story_whatonlywecanseepartthree,What Only We Can See (part three),Story
story_helpiseesomething,HELP I SEE SOMETHING,Story
story_getintheoven,Get in the oven,Story
story_5creepilytruescarystories,5 Creepily TRUE Scary Stories,Story
story_hahahahhahahaha,HAHAHAHHAHAHAHA!,Story
story_nightmaredreamstory,Nightmare dream story,Story
story_onesilentmorning,One Silent Morning.,Story
story_isawahumanlikebrightfigureandidontknowwhatthiswas,I saw a human-like bright figure and i dont know what this was.,Story
story_theearbuds,The Ear Buds,Story
story_beastly,Beastly,Story
story_theendofthelinept1,The End Of The Line (PT.1),Story
story_hadthisweirddreamthismorningandineedhelpfiguringoutwhatitmeansitsaboutalittleboygoingmissing,Had this weird dream this morning and I need help figuring out what it means ( it’s about a little boy going missing),Story
story_waitwasthatadream,"Wait , was that a dream !",Story
story_mysteryobject,mystery object,Story
story_theend,The End?,Story
story_thethingthathauntedmyhouse,The thing that haunted my house,Story
story_isurvivedy2konterrafirmawithsomeonefromanotherplanetpart9,I survived Y2K on Terra Firma with someone from another planet (Part 9),Story
story_alwayonmymind,Alway on my mind,Story
story_lantern,Lantern,Story
story_wantwhimzy,Want & Whimzy,Story
story_insomniac,Insomniac,Story
story_themanmonstersfearpart1,The man monsters fear. [Part 1],Story
story_wewantyourspookystories,We want your spooky stories!,Story
story_mygoexperienceinelementaryschool,My go experience in Elementary school,Story
story_pleasereadscreamingcreatureonmountsterlingnorthcarolina,PLEASE READ: Screaming creature on mount sterling North Carolina,Story
story_uninvited,Uninvited,Story
story_flesh,Flesh,Story
story_myonefear,My One Fear,Story
story_washefeyor,Was he Fey or,Story
story_isurvivedy2konterrafirmawithsomeonefromanotherplanetpart8,I survived Y2K on Terra Firma with someone from another planet (Part 8),Story
story_itcomesatmidnight,It comes at midnight,Story
story_whothefuckmovedthechair,Who the fuck moved the chair,Story
story_ifoundthisletterinarubbleheapcansomeonehelpmemakesenseofit,I found this letter in a rubble heap. Can someone help me make sense of it?,Story
story_highschoolhorrormovie,High school horror movie.,Story
story_scarystoryline,Scary storyline,Story
story_mychildhoodhome,My childhood home,Story
story_forevermine,Forever mine,Story
story_thedevilmademedoit,The Devil Made Me Do It,Story
story_theman,The Man,Story
story_theworkstalker,The work stalker,Story
story_themeninblack,The men in black,Story
story_thumbnail,Thumbnail,Story
story_chussshchussshchusssh,"Chusssh, chusssh, chusssh.",Story
story_iamafullygrownmanandiamstuckinatrolleychildseat,I am a fully grown man and I am stuck in a trolley child seat,Story
story_igotstuckinthebackoomscreepypasta,I Got Stuck In The Backooms | Creepypasta,Story
story_isurvivedy2konterrafirmawithsomeonefromanotherplanetpart7,I survived Y2K on Terra Firma with someone from another planet (Part 7),Story
story_themosttraumaticthingthatshappenedtomeandiamstilltraumatizedtodayifyouhaveanyquestionsfeelfreetoaskiwilltrytoanswerindetailbutthiswas14yearsagosoimaymissoutsomethingsbutiwilltrymybest,The most traumatic thing thats happened to me and I am still traumatized today (If you have any questions feel free to ask I will try to answer in detail but this was 14 years ago so I may miss out somethings but I will try my best),Story
story_mydadsexperiencewithsomeonesummoningghosttruestoryicangetcredits,"My Dad’s experience with someone summoning ghost (True story, I can get credits)",Story
story_beastatikea,BEAST AT IKEA,Story
story_scarystoryimadesorryifitsnotgood,scary story I made. sorry if its not good.,Story
story_polybius,POLYBIUS,Story
story_themonkies,The monkies,Story
story_achristmasstory,A Christmas Story,Story
story_revengetheboywhogrindedforrevenge,REVENGE:THE BOY WHO GRINDED FOR REVENGE,Story
story_scarystoryabouttheredstar,Scary Story About The Red Star,Story
story_psychosis,Psychosis,Story
story_theroom,The room,Story
story_theotherch1,The Other - Ch 1,Story
story_scaryhours,Scary Hours,Story
story_theknife,The Knife,Story
story_terrorsduringchildhood,Terrors during childhood,Story
story_cansomeonepleasetellmeifthisisnormal,can someone please tell me if this is normal.,Story
scp_scp002,"SCP-002 (""The Living Room"")",SCP
origin_scpfoundation,SCP Foundation,Origin
countermeasure_euclid,Euclid,Countermeasure
source_scpfoundationwiki,SCP Foundation Wiki,Source
location_euclid,euclid,Location
location_featured,featured,Location
location_structure,structure,Location
location_transfiguration,transfiguration,Location
scp_scp003,"SCP-003 (""Biological Motherboard"")",SCP
location_biological,biological,Location
location_computer,computer,Location
location_directormoose,director-moose,Location
location_kclassscenario,k-class-scenario,Location
location_mindaffecting,mind-affecting,Location
location_organic,organic,Location
location_radioactive,radioactive,Location
location_rewrite,rewrite,Location
location_selfreplicating,self-replicating,Location
location_telepathic,telepathic,Location
location_thermal,thermal,Location
scp_scp004,"SCP-004 (""The 12 Rusty Keys and the Door"")",SCP
location_key,key,Location
location_portal,portal,Location
location_spacetime,spacetime,Location
location_temporal,temporal,Location
scp_scp005,"SCP-005 (""Skeleton Key"")",SCP
countermeasure_safe,Safe,Countermeasure
location_adaptive,adaptive,Location
location_metallic,metallic,Location
location_safe,safe,Location
location_sentient,sentient,Location
scp_scp006,"SCP-006 (""Fountain of Youth"")",SCP
location_liquid,liquid,Location
location_location,location,Location
location_medical,medical,Location
location_selfrepairing,self-repairing,Location
scp_scp007,"SCP-007 (""Abdominal Planet"")",SCP
location_humanoid,humanoid,Location
location_miniature,miniature,Location
location_planet,planet,Location
scp_scp008,"SCP-008 (""Zombie Plague"")",SCP
location_biohazard,biohazard,Location
location_contagion,contagion,Location
location_reanimation,reanimation,Location
scp_scp009,"SCP-009 (""Red Ice"")",SCP
scp_scp010,"SCP-010 (""Collars of Control"")",SCP
location_artifact,artifact,Location
location_compulsion,compulsion,Location
location_electronic,electronic,Location
scp_scp011,"SCP-011 (""Sentient Civil War Memorial Statue"")",SCP
location_autonomous,autonomous,Location
location_military,military,Location
location_sapient,sapient,Location
location_statue,statue,Location
scp_scp012,"SCP-012 (""A Bad Composition"")",SCP
location_cognitohazard,cognitohazard,Location
location_document,document,Location
location_musical,musical,Location
location_visual,visual,Location
scp_scp013,"SCP-013 (""Blue Lady Cigarettes"")",SCP
location_sensory,sensory,Location
scp_scp014,"SCP-014 (""The Concrete Man"")",SCP
scp_scp015,"SCP-015 (""Pipe Nightmare"")",SCP
scp_scp016,"SCP-016 (""Sentient Micro-Organism"")",SCP
countermeasure_keter,Keter,Countermeasure
location_keter,keter,Location
location_species,species,Location
scp_scp017,"SCP-017 (""Shadow Person"")",SCP
location_hostile,hostile,Location
location_light,light,Location
location_shadow,shadow,Location
scp_scp018,"SCP-018 (""Super Ball"")",SCP
location_ectoentropic,ectoentropic,Location
location_sphere,sphere,Location
location_toy,toy,Location
scp_scp019,"SCP-019 (""The Monster Pot"")",SCP
location_container,container,Location
scp_scp020,"SCP-020 (""Unseen Mold"")",SCP
location_fungus,fungus,Location
scp_scp021,"SCP-021 (""Skin Wyrm"")",SCP
location_artistic,artistic,Location
location_parasitic,parasitic,Location
location_reptilian,reptilian,Location
scp_scp022,"SCP-022 (""The Morgue"")",SCP
location_building,building,Location
location_cadaver,cadaver,Location
scp_scp023,"SCP-023 (""Black Shuck"")",SCP
location_animal,animal,Location
location_canine,canine,Location
location_fire,fire,Location
location_intangible,intangible,Location
location_sun,sun,Location
location_teleportation,teleportation,Location
scp_scp024,"SCP-024 (""Game Show of Death"")",SCP
location_game,game,Location
location_media,media,Location
location_recording,recording,Location
scp_scp025,"SCP-025 (""A Well-Worn Wardrobe"")",SCP
location_clothing,clothing,Location
location_furniture,furniture,Location
location_predictive,predictive,Location
scp_scp026,"SCP-026 (""Afterschool Retention"")",SCP
location_sleep,sleep,Location
scp_scp027,"SCP-027 (""The Vermin God"")",SCP
location_insect,insect,Location
location_murine,murine,Location
scp_scp028,"SCP-028 (""Knowledge"")",SCP
location_eventfeatured,event-featured,Location
location_knowledge,knowledge,Location
scp_scp029,"SCP-029 (""Daughter of Shadows"")",SCP
scp_scp030,"SCP-030 (""The Homunculus"")",SCP
location_clay,clay,Location
location_language,language,Location
scp_scp031,"SCP-031 (""What is Love?"")",SCP
location_amorphous,amorphous,Location
location_hallucination,hallucination,Location
location_mariajones,maria-jones,Location
location_metamorphic,metamorphic,Location
location_mimetic,mimetic,Location
location_predatory,predatory,Location
scp_scp032,"SCP-032 (""Brothers Bride"")",SCP
location_brothersofdeath,brothers-of-death,Location
scp_scp033,"SCP-033 (""The Missing Number"")",SCP
location_mathematical,mathematical,Location
scp_scp034,"SCP-034 (""Obsidian Ritual Knife"")",SCP
location_stone,stone,Location
location_tool,tool,Location
location_weapon,weapon,Location
scp_scp035,"SCP-035 (""Possessive Mask"")",SCP
scp_scp036,"SCP-036 (""The Reincarnation Pilgrimage of the Yazidi (Kiras Guhorîn)"")",SCP
location_religious,religious,Location
location_vehicle,vehicle,Location
scp_scp037,"SCP-037 (""Dwarf Star"")",SCP
location_airborne,airborne,Location
location_extraterrestrial,extraterrestrial,Location
scp_scp038,"SCP-038 (""The Everything Tree"")",SCP
location_arboreal,arboreal,Location
location_plant,plant,Location
location_thesculpture,the-sculpture,Location
scp_scp039,"SCP-039 (""Monkey Brain"")",SCP
countermeasure_unknown,Unknown,Countermeasure
location_simian,simian,Location
scp_scp040,"SCP-040 (""Evolutions Child"")",SCP
countermeasure_anomalous,Anomalous,Countermeasure
location_esotericclass,esoteric-class,Location
scp_scp041,"SCP-041 (""Thought-Broadcasting Patient"")",SCP
scp_scp042,"SCP-042 (""A Formerly Winged Horse"")",SCP
location_equine,equine,Location
scp_scp043,"SCP-043 (""The Beatle"")",SCP
scp_scp044,"SCP-044 (""World War II Era Molecular-Fission Cannon"")",SCP
location_mechanical,mechanical,Location
location_theadministrator,the-administrator,Location
scp_scp045,"SCP-045 (""Atmospheric Converter"")",SCP
location_chemical,chemical,Location
location_extradimensional,extradimensional,Location
location_geological,geological,Location
location_polyhedral,polyhedral,Location
scp_scp046,"SCP-046 (""Predatory Holly Bush"")",SCP
location_carnivorous,carnivorous,Location
location_infohazard,infohazard,Location
scp_scp047,"SCP-047 (""Microbial Mutagen"")",SCP
location_gaseous,gaseous,Location
scp_scp048,"SCP-048 (""The Cursed SCP Number"")",SCP
countermeasure_none,None,Countermeasure
location_meta,meta,Location
location_probability,probability,Location
scp_scp049,"SCP-049 (""Plague Doctor"")",SCP
location_audio,audio,Location
location_coauthored,co-authored,Location
location_plaguedoctor,plague-doctor,Location
location_tactile,tactile,Location
scp_scp050,"SCP-050 (""To The Cleverest"")",SCP
location_indestructible,indestructible,Location
scp_scp051,"SCP-051 (""Japanese Obstetrical Model"")",SCP
location_reproductive,reproductive,Location
scp_scp052,"SCP-052 (""Time-Traveling Train"")",SCP
location_loop,loop,Location
location_subterranean,subterranean,Location
scp_scp053,"SCP-053 (""Young Girl"")",SCP
scp_scp054,"SCP-054 (""Water Nymph"")",SCP
scp_scp055,"SCP-055 (""[unknown]"")",SCP
location_antimemetic,antimemetic,Location
location_memoryaffecting,memory-affecting,Location
scp_scp056,"SCP-056 (""A Beautiful Person"")",SCP
location_observational,observational,Location
scp_scp057,"SCP-057 (""The Daily Grind"")",SCP
scp_scp058,"SCP-058 (""Heart of Darkness"")",SCP
location_auditory,auditory,Location
location_bovine,bovine,Location
scp_scp059,"SCP-059 (""Radioactive Mineral"")",SCP
scp_scp060,"SCP-060 (""Infernal Occult Skeleton"")",SCP
location_skeletal,skeletal,Location
scp_scp061,"SCP-061 (""Auditory Mind Control"")",SCP
location_foundationmade,foundation-made,Location
scp_scp062,"SCP-062 (""Quantum Computer"")",SCP
scp_scp063,"SCP-063 (""The Worlds Best TothBrush"")",SCP
scp_scp064,"SCP-064 (""Flawed von Neumann Structure"")",SCP
scp_scp065,"SCP-065 (""Destroyed Organic Catalyst"")",SCP
location_genetic,genetic,Location
location_globaloccultcoalition,global-occult-coalition,Location
scp_scp066,"SCP-066 (""Erics Toy"")",SCP
countermeasure_safeprodest,Safe-prodest,Countermeasure
location_eric,eric,Location
scp_scp067,"SCP-067 (""The Artists Pen"")",SCP
location_instrument,instrument,Location
scp_scp068,"SCP-068 (""The Wire Figure"")",SCP
scp_scp069,"SCP-069 (""Second Chance"")",SCP
scp_scp070,"SCP-070 (""Iron Wings"")",SCP
scp_scp071,"SCP-071 (""Degenerative Metamorphic Entity"")",SCP
location_sexual,sexual,Location
scp_scp072,"SCP-072 (""The Foot of the Bed"")",SCP
location_extremity,extremity,Location
scp_scp073,"SCP-073 (""Cain"")",SCP
location_able,able,Location
location_cain,cain,Location
location_engraved,engraved,Location
scp_scp074,"SCP-074 (""Quantum Woodlouse"")",SCP
location_arthropod,arthropod,Location
location_physics,physics,Location
scp_scp075,"SCP-075 (""Corrosive Snail"")",SCP
location_corrosive,corrosive,Location
scp_scp076,"SCP-076 (""Able"")",SCP
scp_scp077,"SCP-077 (""Rot Skull"")",SCP
location_ritual,ritual,Location
scp_scp078,"SCP-078 (""Guilt"")",SCP
location_electrical,electrical,Location
scp_scp079,"SCP-079 (""Old AI"")",SCP
location_hardtokillreptile,hard-to-kill-reptile,Location
scp_scp080,"SCP-080 (""Dark Form"")",SCP
scp_scp081,"SCP-081 (""Spontaneous Combustion Virus"")",SCP
location_uncontained,uncontained,Location
location_virus,virus,Location
scp_scp082,"SCP-082 (""Fernand the Cannibal"")",SCP
scp_scp083,"SCP-083 (""An Abandoned Row Home"")",SCP
scp_scp084,"SCP-084 (""Static Tower"")",SCP
scp_scp085,"SCP-085 (""Hand-drawn Cassy"")",SCP
location_inscription,inscription,Location
location_mobile,mobile,Location
scp_scp086,"SCP-086 (""The Office of Dr. [REDACTED]"")",SCP
location_appliance,appliance,Location
scp_scp087,"SCP-087 (""The Stairwell"")",SCP
location_acoustic,acoustic,Location
scp_scp088,"SCP-088 (""The Lizard King"")",SCP
location_toxic,toxic,Location
scp_scp089,"SCP-089 (""Tophet"")",SCP
scp_scp090,"SCP-090 (""Apocorubiks Cube"")",SCP
location_cube,cube,Location
scp_scp091,"SCP-091 (""Nostalgia"")",SCP
scp_scp092,"SCP-092 (""The Best of The 5th Dimension"")",SCP
location_arewecoolyet,are-we-cool-yet,Location
location_telekinetic,telekinetic,Location
scp_scp093,"SCP-093 (""Red Sea Object"")",SCP
scp_scp094,"SCP-094 (""Miniature Event Horizon"")",SCP
scp_scp095,"SCP-095 (""The Atomic Adventures of Ronnie Ray-Gun"")",SCP
scp_scp096,"SCP-096 (""The Shy Guy"")",SCP
location_doctordan,doctor-dan,Location
scp_scp097,"SCP-097 (""Old Fairgrounds"")",SCP
scp_scp098,"SCP-098 (""Surgeon Crabs"")",SCP
scp_scp099,"SCP-099 (""The Portrait"")",SCP
scp_scp100,"SCP-100 (""Jamaican Joes Junkyard Jubilee"")",SCP
location_automaton,automaton,Location
scp_scp101,"SCP-101 (""Hungry Bag"")",SCP
scp_scp102,"SCP-102 (""Property of Marshall, Carter, and Dark Ltd."")",SCP
location_marshallcarteranddark,marshall-carter-and-dark,Location
scp_scp103,"SCP-103 (""The Never-Hungry Man"")",SCP
scp_scp104,"SCP-104 (""The Lonely Ball"")",SCP
location_glass,glass,Location
location_wooden,wooden,Location
scp_scp105,"SCP-105 (""Iris"")",SCP
location_iristhompson,iris-thompson,Location
location_photographic,photographic,Location
scp_scp106,"SCP-106 (""The Old Man"")",SCP
location_theoldman,the-old-man,Location
scp_scp107,"SCP-107 (""The Turtle Shell"")",SCP
location_chelonian,chelonian,Location
location_meteorological,meteorological,Location
scp_scp108,"SCP-108 (""Extradimensional Nasal Cavity"")",SCP
scp_scp109,"SCP-109 (""Infinite Canteen"")",SCP
scp_scp110,"SCP-110 (""Subterranean City"")",SCP
location_city,city,Location
location_future,future,Location
scp_scp111,"SCP-111 (""Dragon-Snails™"")",SCP
location_drwondertainment,dr-wondertainment,Location
location_invertebrate,invertebrate,Location
scp_scp112,"SCP-112 (""The Variable Coaster"")",SCP
scp_scp113,"SCP-113 (""The Gender-Switcher"")",SCP
scp_scp114,"SCP-114 (""Bringer of Conflict"")",SCP
scp_scp115,"SCP-115 (""Miniature Dump Truck"")",SCP
scp_scp116,"SCP-116 (""The Brittle Boy"")",SCP
scp_scp117,"SCP-117 (""Complete Multitool"")",SCP
scp_scp118,"SCP-118 (""Nuclear Protists"")",SCP
location_aquatic,aquatic,Location
location_microscopic,microscopic,Location
scp_scp119,"SCP-119 (""Timecrowave"")",SCP
scp_scp120,"SCP-120 (""Teleporting Paddling Pool"")",SCP
scp_scp121,"SCP-121 (""Concrete Cradle"")",SCP
scp_scp122,"SCP-122 (""No More Monsters"")",SCP
location_rewritable,rewritable,Location
scp_scp123,"SCP-123 (""Contained Miniature Black Hole"")",SCP
location_gravity,gravity,Location
scp_scp124,"SCP-124 (""Fertile Soil"")",SCP
scp_scp125,"SCP-125 (""Contagious Reflection"")",SCP
location_ocular,ocular,Location
scp_scp126,"SCP-126 (""Invisible Friend"")",SCP
scp_scp127,"SCP-127 (""The Living Gun"")",SCP
location_dental,dental,Location
scp_scp128,"SCP-128 (""Kinetic Energy Entity"")",SCP
scp_scp129,"SCP-129 (""Progressive Fungal Infection"")",SCP
scp_scp130,"SCP-130 (""Post Office"")",SCP
scp_scp131,"SCP-131 (""The Eye Pods"")",SCP
location_empathic,empathic,Location
scp_scp132,"SCP-132 (""Broken Desert"")",SCP
scp_scp133,"SCP-133 (""Instant Hole"")",SCP
location_factory,factory,Location
scp_scp134,"SCP-134 (""Star-Eyed Child"")",SCP
scp_scp135,"SCP-135 (""Universal Carcinogen"")",SCP
scp_scp136,"SCP-136 (""Naked Doll"")",SCP
scp_scp137,"SCP-137 (""The Real Toy"")",SCP
scp_scp138,"SCP-138 (""The Ever-Living Man"")",SCP
scp_scp139,"SCP-139 (""All Eyes on Lucian 👁"")",SCP
scp_scp140,"SCP-140 (""An Incomplete Chronicle"")",SCP
location_daevite,daevite,Location
scp_scp141,"SCP-141 (""Codex Damnatio"")",SCP
scp_scp142,"SCP-142 (""One-Armed Bandit"")",SCP
scp_scp143,"SCP-143 (""The Bladewood Grove"")",SCP
scp_scp144,"SCP-144 (""Tibetan Rope to Heaven"")",SCP
scp_scp145,"SCP-145 (""Man-Absorbing Phone"")",SCP
scp_scp146,"SCP-146 (""Bronze Head of Shame"")",SCP
scp_scp147,"SCP-147 (""Anachronistic Television"")",SCP
scp_scp148,"SCP-148 (""The Telekill Alloy"")",SCP
location_prometheus,prometheus,Location
scp_scp149,"SCP-149 (""The Blood Flies"")",SCP
scp_scp150,"SCP-150 (""Ship of Theseus"")",SCP
location_neurological,neurological,Location
scp_scp151,"SCP-151 (""The Painting"")",SCP
scp_scp152,"SCP-152 (""Book of Endings"")",SCP
scp_scp153,"SCP-153 (""Drain Worms"")",SCP
location_vermian,vermian,Location
scp_scp154,"SCP-154 (""Offensive Bracelets"")",SCP
location_jewelry,jewelry,Location
scp_scp155,"SCP-155 (""Infinite Speed Computer"")",SCP
scp_scp156,"SCP-156 (""Reanimating Pomegranate"")",SCP
location_food,food,Location
scp_scp157,"SCP-157 (""Mimetic Predator"")",SCP
location_swarm,swarm,Location
scp_scp158,"SCP-158 (""Soul Extractor"")",SCP
scp_scp159,"SCP-159 (""The Perfect Lock"")",SCP
scp_scp160,"SCP-160 (""Predator Drone"")",SCP
scp_scp161,"SCP-161 (""Pinwheel of Doom!"")",SCP
scp_scp162,"SCP-162 (""Ball of Sharp"")",SCP
scp_scp163,"SCP-163 (""An Old Castaway"")",SCP
scp_scp164,"SCP-164 (""Squid Tumors"")",SCP
location_cephalopodic,cephalopodic,Location
scp_scp165,"SCP-165 (""The Creeping, Hungry Sands of Tule"")",SCP
scp_scp166,"SCP-166 (""Just a Teenage Gaea"")",SCP
location_cervine,cervine,Location
location_doctorclef,doctor-clef,Location
location_doctorlight,doctor-light,Location
scp_scp167,"SCP-167 (""Infinite Labyrinth"")",SCP
scp_scp168,"SCP-168 (""Sentient Calculator"")",SCP
scp_scp169,"SCP-169 (""The Leviathan"")",SCP
scp_scp170,"SCP-170 (""A Tube of Superglue"")",SCP
scp_scp171,"SCP-171 (""Collective Brain Foam"")",SCP
location_hivemind,hive-mind,Location
scp_scp172,"SCP-172 (""The Gearman"")",SCP
location_clockwork,clockwork,Location
scp_scp173,"SCP-173 (""The Original"")",SCP
location_sculpture,sculpture,Location
scp_scp174,"SCP-174 (""Ventriloquists Dummy"")",SCP
location_performance,performance,Location
scp_scp175,"SCP-175 (""Treasure Map"")",SCP
location_map,map,Location
scp_scp176,"SCP-176 (""Observable Time Loop"")",SCP
scp_scp177,"SCP-177 (""Checkmate"")",SCP
scp_scp178,"SCP-178 (""3-D Specs"")",SCP
scp_scp179,"SCP-179 (""Sauelsuesor"")",SCP
location_electromagnetic,electromagnetic,Location
location_international,international,Location
location_thaumiel,thaumiel,Location
location_transmission,transmission,Location
scp_scp180,"SCP-180 (""Identity Thieving Hat"")",SCP
scp_scp181,"SCP-181 (""Lucky"")",SCP
scp_scp182,"SCP-182 (""Rider"")",SCP
scp_scp183,"SCP-183 (""Weaver"")",SCP
scp_scp184,"SCP-184 (""The Architect"")",SCP
scp_scp185,"SCP-185 (""The Radio"")",SCP
scp_scp186,"SCP-186 (""To End All Wars"")",SCP
scp_scp187,"SCP-187 (""Double Vision"")",SCP
scp_scp188,"SCP-188 (""The Craftsman"")",SCP
scp_scp189,"SCP-189 (""Hair-Imitating Parasite"")",SCP
scp_scp190,"SCP-190 (""A Prize Toybox"")",SCP
location_hermanfuller,herman-fuller,Location
scp_scp191,"SCP-191 (""Cyborg Child"")",SCP
location_doctorglass,doctor-glass,Location
scp_scp192,"SCP-192 (""Flawless X-Ray Machine"")",SCP
scp_scp193,"SCP-193 (""The Tissue Snail"")",SCP
scp_scp194,"SCP-194 (""Thank You For Your Cooperation"")",SCP
location_concept,concept,Location
location_ontokinetic,ontokinetic,Location
scp_scp195,"SCP-195 (""A Medicinal Whiskey"")",SCP
scp_scp196,"SCP-196 (""Time Paradox"")",SCP
location_paradox,paradox,Location
scp_scp197,"SCP-197 (""The Greenhouse"")",SCP
scp_scp198,"SCP-198 (""Cup of Joe"")",SCP
scp_scp199,"SCP-199 (""Spy Ferns"")",SCP
countermeasure_plant,Plant,Countermeasure
scp_scp200,"SCP-200 (""Chrysalis"")",SCP
scp_scp201,"SCP-201 (""The Empty World"")",SCP
scp_scp202,"SCP-202 (""The Rewind Man"")",SCP
scp_scp203,"SCP-203 (""Tortured Iron Soul"")",SCP
scp_scp204,"SCP-204 (""The Protector"")",SCP
scp_scp205,"SCP-205 (""Shadow Lamps"")",SCP
scp_scp206,"SCP-206 (""The Voyager"")",SCP
scp_scp207,"SCP-207 (""Cola Bottles"")",SCP
scp_scp208,"SCP-208 (""Bes"")",SCP
scp_scp209,"SCP-209 (""The Sadists Tumbler"")",SCP
location_addictive,addictive,Location
scp_scp210,"SCP-210 (""Flooded House"")",SCP
scp_scp211,"SCP-211 (""Paper-Covered Building"")",SCP
scp_scp212,"SCP-212 (""The Improver"")",SCP
scp_scp213,"SCP-213 (""Anti-Matter Parasite"")",SCP
scp_scp214,"SCP-214 (""Hemotopian Virus"")",SCP
scp_scp215,"SCP-215 (""Paranoia-Inducing Spectacles"")",SCP
scp_scp216,"SCP-216 (""The Safe"")",SCP
scp_scp217,"SCP-217 (""The Clockwork Virus"")",SCP
location_brokengod,broken-god,Location
scp_scp218,"SCP-218 (""Lamprey-Mass Organism"")",SCP
scp_scp219,"SCP-219 (""Resonance Engine"")",SCP
location_vibration,vibration,Location
scp_scp220,"SCP-220 (""Twos Company"")",SCP
scp_scp221,"SCP-221 (""Compulsion Tweezers"")",SCP
scp_scp222,"SCP-222 (""Clone Coffin"")",SCP
scp_scp223,"SCP-223 (""A Photo Album"")",SCP
scp_scp224,"SCP-224 (""Grandfather Clock"")",SCP
location_timepiece,timepiece,Location
scp_scp225,"SCP-225 (""Unstoppable and Immovable"")",SCP
location_satellite,satellite,Location
scp_scp226,"SCP-226 (""Puzzle Of Terror"")",SCP
scp_scp227,"SCP-227 (""Complete Antikythera Mechanism"")",SCP
scp_scp228,"SCP-228 (""Psychiatric Diagnostic Tool"")",SCP
scp_scp229,"SCP-229 (""Wire Weed"")",SCP
scp_scp230,"SCP-230 (""The Gayest Man Alive"")",SCP
scp_scp232,"SCP-232 (""Jack Protons Atomic Zapper"")",SCP
scp_scp233,"SCP-233 (""23-Sided Polyhedron"")",SCP
scp_scp234,"SCP-234 (""Extradimensional Fish"")",SCP
location_piscine,piscine,Location
scp_scp235,"SCP-235 (""Phonographic Records"")",SCP
scp_scp236,"SCP-236 (""Mimic Crabs"")",SCP
scp_scp237,"SCP-237 (""Self-Made Man"")",SCP
scp_scp238,"SCP-238 (""Building Complex"")",SCP
location_grudivisionp,gru-division-p,Location
location_judithlow,judith-low,Location
location_memoriaadytum,memoria-adytum,Location
location_sarkic,sarkic,Location
scp_scp239,"SCP-239 (""The Witch Child"")",SCP
location_sigurros,sigurros,Location
scp_scp240,"SCP-240 (""Breath-Powered Flying Machine"")",SCP
location_inscribed,inscribed,Location
location_unusualincidentsunit,unusual-incidents-unit,Location
scp_scp241,"SCP-241 (""Good Home Cooking"")",SCP
scp_scp242,"SCP-242 (""Self Cleaning Pool"")",SCP
scp_scp243,"SCP-243 (""Animation"")",SCP
scp_scp244,"SCP-244 (""Ice Fog Jar"")",SCP
location_chaosinsurgency,chaos-insurgency,Location
scp_scp245,"SCP-245 (""SCP-RPG"")",SCP
location_interactive,interactive,Location
location_narrative,narrative,Location
location_prizefeature,prize-feature,Location
scp_scp246,"SCP-246 (""Prophetic Projector"")",SCP
scp_scp247,"SCP-247 (""A Harmless Kitten"")",SCP
location_feline,feline,Location
scp_scp248,"SCP-248 (""110%"")",SCP
scp_scp249,"SCP-249 (""The Random Door"")",SCP
scp_scp250,"SCP-250 (""Most of an Allosaurus"")",SCP
location_dinosaurian,dinosaurian,Location
scp_scp251,"SCP-251 (""The Deceptive Snow Globe"")",SCP
scp_scp252,"SCP-252 (""Humboldt Squid"")",SCP
scp_scp253,"SCP-253 (""The Cancer Plague"")",SCP
scp_scp254,"SCP-254 (""Employee of the Month"")",SCP
scp_scp255,"SCP-255 (""Base Eleven Disorder"")",SCP
scp_scp256,"SCP-256 (""Trapped in the Typewriter"")",SCP
scp_scp257,"SCP-257 (""Professor William Woodsworth’s Collection of Curiosities"")",SCP
scp_scp258,"SCP-258 (""Weeping Frog"")",SCP
location_ranine,ranine,Location
scp_scp259,"SCP-259 (""The Weisenglass Spiral"")",SCP
scp_scp260,"SCP-260 (""The Tracking Stone"")",SCP
scp_scp261,"SCP-261 (""Pan-Dimensional Vending"")",SCP
location_exchange,exchange,Location
scp_scp262,"SCP-262 (""A Coat of Many Arms"")",SCP
scp_scp263,"SCP-263 (""Cash or Ash"")",SCP
scp_scp264,"SCP-264 (""Skeleton Temple"")",SCP
scp_scp265,"SCP-265 (""Black Volga"")",SCP
scp_scp266,"SCP-266 (""Will o the Wisp"")",SCP
location_thermodynamic,thermodynamic,Location
scp_scp267,"SCP-267 (""Tumorvore"")",SCP
scp_scp268,"SCP-268 (""Cap of Neglect"")",SCP
location_serpentshand,serpents-hand,Location
scp_scp269,"SCP-269 (""Dialysis Bracelet"")",SCP
scp_scp270,"SCP-270 (""Secluded Telephone"")",SCP
scp_scp271,"SCP-271 (""Inscribed Disc"")",SCP
scp_scp272,"SCP-272 (""An Old Iron Nail"")",SCP
scp_scp273,"SCP-273 (""Human Phoenix"")",SCP
scp_scp274,"SCP-274 (""Graffito"")",SCP
scp_scp275,"SCP-275 (""Ironskin"")",SCP
scp_scp276,"SCP-276 (""Time Schooner"")",SCP
scp_scp277,"SCP-277 (""Chalkland"")",SCP
scp_scp278,"SCP-278 (""A Large Mechanical Spider"")",SCP
location_arachnid,arachnid,Location
scp_scp279,"SCP-279 (""Meandering Man"")",SCP
scp_scp280,"SCP-280 (""Eyes in the Dark"")",SCP
scp_scp281,"SCP-281 (""The Snooze Alarm"")",SCP
scp_scp282,"SCP-282 (""Ritual Devil Sticks"")",SCP
scp_scp283,"SCP-283 (""A Rock That Falls Sideways"")",SCP
scp_scp284,"SCP-284 (""The Twins"")",SCP
scp_scp285,"SCP-285 (""A Hack Job"")",SCP
location_gamersagainstweed,gamers-against-weed,Location
location_mister,mister,Location
scp_scp286,"SCP-286 (""The Brothers Game"")",SCP
scp_scp287,"SCP-287 (""Clarks Third Favorite Sword"")",SCP
scp_scp288,"SCP-288 (""The Stepford Marriage Rings"")",SCP
scp_scp289,"SCP-289 (""Inertial Amplifier"")",SCP
scp_scp290,"SCP-290 (""The Picasso Machine"")",SCP
scp_scp291,"SCP-291 (""Disassembler/Reassembler"")",SCP
scp_scp292,"SCP-292 (""Egg Timer of Déjà Vu"")",SCP
scp_scp293,"SCP-293 (""Obsession"")",SCP
scp_scp294,"SCP-294 (""The Coffee Machine"")",SCP
scp_scp295,"SCP-295 (""Cauterpillers"")",SCP
scp_scp296,"SCP-296 (""Armed Containment Site-03"")",SCP
countermeasure_primary,Primary,Countermeasure
scp_scp297,"SCP-297 (""Steely Dan"")",SCP
scp_scp298,"SCP-298 (""The Blood Organ"")",SCP
scp_scp299,"SCP-299 (""Infectious Tree"")",SCP
scp_scp300,"SCP-300 (""A World in a Bottle"")",SCP
location_professoraw,professor-aw,Location
scp_scp301,"SCP-301 (""Teleporter"")",SCP
location_gustatory,gustatory,Location
location_olfactory,olfactory,Location
scp_scp302,"SCP-302 (""Ant Sculpture"")",SCP
location_formic,formic,Location
scp_scp303,"SCP-303 (""The Doorman"")",SCP
scp_scp304,"SCP-304 (""The Signal"")",SCP
scp_scp305,"SCP-305 (""The Whisperer"")",SCP
scp_scp306,"SCP-306 (""The Frogs"")",SCP
scp_scp307,"SCP-307 (""Carnivorous Ivy"")",SCP
scp_scp308,"SCP-308 (""Aztec Burial Sarcophagus"")",SCP
scp_scp309,"SCP-309 (""Plush Toy"")",SCP
scp_scp310,"SCP-310 (""Eternal Flame"")",SCP
scp_scp311,"SCP-311 (""Tactile Displacement Gloves"")",SCP
scp_scp312,"SCP-312 (""Atmospheric Jellyfish"")",SCP
scp_scp313,"SCP-313 (""Powerful Hand Dryer"")",SCP
scp_scp314,"SCP-314 (""Motion-Seeking Blade"")",SCP
scp_scp315,"SCP-315 (""The Recorded Man"")",SCP
scp_scp316,"SCP-316 (""Color-Draining Light"")",SCP
scp_scp317,"SCP-317 (""Cretaceous Physicist"")",SCP
scp_scp318,"SCP-318 (""Soul Press"")",SCP
scp_scp319,"SCP-319 (""A Curious Device"")",SCP
location_blackwood,blackwood,Location
scp_scp320,"SCP-320 (""Higgs Field Acceleration Manipulator"")",SCP
scp_scp321,"SCP-321 (""Child of Man"")",SCP
scp_scp322,"SCP-322 (""Grow Your Own Castle Kit"")",SCP
scp_scp323,"SCP-323 (""Wendigo Skull"")",SCP
scp_scp324,"SCP-324 (""Eulogy Shrub"")",SCP
scp_scp325,"SCP-325 (""The Detergent"")",SCP
scp_scp326,"SCP-326 (""A Chinese Peasant"")",SCP
scp_scp327,"SCP-327 (""The Mermaid"")",SCP
scp_scp328,"SCP-328 (""Alien Disc"")",SCP
location_crystalline,crystalline,Location
scp_scp329,"SCP-329 (""The Cancer Garden"")",SCP
scp_scp330,"SCP-330 (""Take Only Two"")",SCP
scp_scp331,"SCP-331 (""Tumbles"")",SCP
scp_scp332,"SCP-332 (""The 1976 Kirk Lonwood High School Marching Band"")",SCP
location_classof76,class-of-76,Location
scp_scp333,"SCP-333 (""City in a Symphony"")",SCP
scp_scp334,"SCP-334 (""Stellar Vulpine"")",SCP
location_vulpine,vulpine,Location
scp_scp335,"SCP-335 (""One Hundred and Fifty 3.5 Floppy Disks"")",SCP
scp_scp336,"SCP-336 (""Lilith"")",SCP
scp_scp337,"SCP-337 (""Hairball"")",SCP
scp_scp338,"SCP-338 (""A Portable Radio"")",SCP
scp_scp339,"SCP-339 (""Be Silent, Be Still"")",SCP
scp_scp340,"SCP-340 (""Viral Rebreather Membrane"")",SCP
scp_scp341,"SCP-341 (""A Collection of Extra-Solar Orreries"")",SCP
scp_scp342,"SCP-342 (""A Ticket to Ride"")",SCP
scp_scp343,"SCP-343 (""God"")",SCP
location_allegedgod,alleged-god,Location
scp_scp344,"SCP-344 (""Schrödingers Can Opener"")",SCP
scp_scp345,"SCP-345 (""Stone Puzzle Cube"")",SCP
scp_scp346,"SCP-346 (""Pterry the Pterodactyl"")",SCP
location_avian,avian,Location
scp_scp347,"SCP-347 (""The Invisible Woman"")",SCP
location_doctorrights,doctor-rights,Location
scp_scp348,"SCP-348 (""A Gift from Dad"")",SCP
scp_scp349,"SCP-349 (""The Philosophers Stone and the Graveyard of the Immortals"")",SCP
scp_scp350,"SCP-350 (""Unbreakable Contract"")",SCP
scp_scp351,"SCP-351 (""Read-Only Memory"")",SCP
location_memetic,memetic,Location
scp_scp352,"SCP-352 (""Baba Yaga"")",SCP
scp_scp353,"SCP-353 (""Vector"")",SCP
scp_scp354,"SCP-354 (""The Red Pool"")",SCP
location_immobile,immobile,Location
scp_scp355,"SCP-355 (""The Serrated Lawn"")",SCP
scp_scp356,"SCP-356 (""Autointerrogation"")",SCP
countermeasure_neutralized,Neutralized,Countermeasure
location_neutralized,neutralized,Location
scp_scp357,"SCP-357 (""Hungry Clay"")",SCP
scp_scp358,"SCP-358 (""A Deserted Hospital"")",SCP
scp_scp359,"SCP-359 (""The Hawk"")",SCP
location_nocturnal,nocturnal,Location
scp_scp360,"SCP-360 (""Ascendance"")",SCP
scp_scp361,"SCP-361 (""Bronze Liver"")",SCP
scp_scp362,"SCP-362 (""A Cool T-Shirt"")",SCP
scp_scp363,"SCP-363 (""Not Centipedes"")",SCP
scp_scp364,"SCP-364 (""Ionian Drop Point"")",SCP
scp_scp365,"SCP-365 (""Pool Noodle"")",SCP
scp_scp366,"SCP-366 (""Carriage Grubs"")",SCP
scp_scp367,"SCP-367 (""Little Dog"")",SCP
location_omnivorous,omnivorous,Location
scp_scp368,"SCP-368 (""Paper Crane"")",SCP
scp_scp369,"SCP-369 (""Living Migratory Roadwork"")",SCP
scp_scp370,"SCP-370 (""A Key"")",SCP
scp_scp371,"SCP-371 (""Macrovirus"")",SCP
scp_scp372,"SCP-372 (""Peripheral Jumper"")",SCP
scp_scp373,"SCP-373 (""Ghost Record"")",SCP
scp_scp374,"SCP-374 (""Oracular Guillotine"")",SCP
scp_scp375,"SCP-375 (""Temporal Credit Union"")",SCP
scp_scp376,"SCP-376 (""The Traffic Light Tree"")",SCP
scp_scp377,"SCP-377 (""Accurate Fortune Cookies"")",SCP
scp_scp378,"SCP-378 (""Brainworm"")",SCP
countermeasure_thaumiel,Thaumiel,Countermeasure
location_asci,asci,Location
location_thetrashfire,the-trashfire,Location
scp_scp379,"SCP-379 (""Mechanical Pheromone"")",SCP
scp_scp380,"SCP-380 (""Biological Networking Device"")",SCP
scp_scp381,"SCP-381 (""The Pyrotechnic Polyphony"")",SCP
scp_scp382,"SCP-382 (""Haunted Baby Carriage"")",SCP
scp_scp383,"SCP-383 (""Variably Useful Flu"")",SCP
scp_scp384,"SCP-384 (""Let Her In"")",SCP
scp_scp385,"SCP-385 (""Personal Anti-Gravity Field Generator"")",SCP
scp_scp386,"SCP-386 (""Eternal Fungus"")",SCP
scp_scp387,"SCP-387 (""Living Lego"")",SCP
scp_scp388,"SCP-388 (""Ultimate Frisbee"")",SCP
scp_scp389,"SCP-389 (""Message in a Bottle"")",SCP
scp_scp390,"SCP-390 (""Ancient Death Ray"")",SCP
scp_scp391,"SCP-391 (""The Midas Owl"")",SCP
scp_scp392,"SCP-392 (""A Plant Now Found in Site-103, and Formerly Found in the Households of Nobility"")",SCP
scp_scp393,"SCP-393 (""The Memory Planner"")",SCP
scp_scp394,"SCP-394 (""Ear Candles"")",SCP
scp_scp395,"SCP-395 (""The Bottle Baby"")",SCP
scp_scp396,"SCP-396 (""And Suddenly, Chair"")",SCP
scp_scp397,"SCP-397 (""A Hominidae"")",SCP
scp_scp398,"SCP-398 (""The Greeting Hall"")",SCP
scp_scp399,"SCP-399 (""Atomic Manipulation Ring"")",SCP
scp_scp400,"SCP-400 (""Beautiful Babies"")",SCP
scp_scp401,"SCP-401 (""A Palm Tree"")",SCP
scp_scp402,"SCP-402 (""Obsidian Absorber"")",SCP
scp_scp403,"SCP-403 (""Escalating Lighter"")",SCP
scp_scp404,"SCP-404 (""Memories Lost, Memories Found"")",SCP
scp_scp405,"SCP-405 (""Telepathy Virus"")",SCP
scp_scp406,"SCP-406 (""Sleepwalkers Tunnel"")",SCP
scp_scp407,"SCP-407 (""The Song of Genesis"")",SCP
scp_scp408,"SCP-408 (""Illusory Butterflies"")",SCP
location_doctorkondraki,doctor-kondraki,Location
location_lepidopteran,lepidopteran,Location
scp_scp409,"SCP-409 (""Contagious Crystal"")",SCP
scp_scp410,"SCP-410 (""Editor Beetles"")",SCP
scp_scp411,"SCP-411 (""Ancient Precog"")",SCP
scp_scp412,"SCP-412 (""Mutagenic Mirror"")",SCP
scp_scp413,"SCP-413 (""Endless Garage"")",SCP
scp_scp414,"SCP-414 (""Regardless, I Might Prefer Myself Sick"")",SCP
location_kindness,kindness,Location
scp_scp415,"SCP-415 (""The Harvested Man"")",SCP
scp_scp416,"SCP-416 (""Infinite Forest"")",SCP
scp_scp417,"SCP-417 (""The Plague Tree"")",SCP
scp_scp418,"SCP-418 (""Human Jigsaw"")",SCP
scp_scp419,"SCP-419 (""Window to the World"")",SCP
scp_scp420,"SCP-420 (""Aggressive Skin Condition"")",SCP
scp_scp421,"SCP-421 (""Shoal of Driftwood"")",SCP
scp_scp422,"SCP-422 (""Patchwork Beast"")",SCP
scp_scp423,"SCP-423 (""Self-Inserting Character"")",SCP
location_fred,fred,Location
scp_scp424,"SCP-424 (""Nanomimes"")",SCP
scp_scp425,"SCP-425 (""The Infinity Broadcast"")",SCP
scp_scp426,"SCP-426 (""I am a Toaster"")",SCP
scp_scp427,"SCP-427 (""Lovecraftian Locket"")",SCP
scp_scp428,"SCP-428 (""The Crowd"")",SCP
scp_scp429,"SCP-429 (""Clockwork Teleporter"")",SCP
scp_scp430,"SCP-430 (""A Peasants Punishment"")",SCP
scp_scp431,"SCP-431 (""Dr. Gideon"")",SCP
scp_scp432,"SCP-432 (""Cabinet Maze"")",SCP
scp_scp433,"SCP-433 (""A Ritual"")",SCP
scp_scp434,"SCP-434 (""A Meeting with Myself"")",SCP
scp_scp435,"SCP-435 (""“He-Who-Made-Dark”"")",SCP
scp_scp436,"SCP-436 (""Error Locket"")",SCP
scp_scp437,"SCP-437 (""Summer of 91"")",SCP
scp_scp438,"SCP-438 (""Addictive Straitjacket of Espionage"")",SCP
scp_scp439,"SCP-439 (""Bone Hive"")",SCP
scp_scp440,"SCP-440 (""Sand-Based Ecology"")",SCP
scp_scp441,"SCP-441 (""Jacob Ram"")",SCP
location_ovine,ovine,Location
scp_scp442,"SCP-442 (""On-Time Piece"")",SCP
scp_scp443,"SCP-443 (""Thought-streaming Crayons"")",SCP
scp_scp444,"SCP-444 (""The Language of Global Harmony"")",SCP
scp_scp445,"SCP-445 (""Dr. Wondertainments Super Paper"")",SCP
location_collaboration,collaboration,Location
scp_scp446,"SCP-446 (""Human Mannequin"")",SCP
scp_scp447,"SCP-447 (""Ball of Green Slime"")",SCP
scp_scp448,"SCP-448 (""Jack-in-the-Box"")",SCP
scp_scp449,"SCP-449 (""Gut Dust"")",SCP
scp_scp450,"SCP-450 (""Abandoned Federal Penitentiary"")",SCP
scp_scp451,"SCP-451 (""Mister Lonely"")",SCP
scp_scp452,"SCP-452 (""Dreamcatcher Spider"")",SCP
scp_scp453,"SCP-453 (""Scripted Nightclub"")",SCP
scp_scp454,"SCP-454 (""Comic Book"")",SCP
scp_scp455,"SCP-455 (""Cargo Ship"")",SCP
scp_scp456,"SCP-456 (""Soporific Bedbugs"")",SCP
scp_scp457,"SCP-457 (""Burning Man"")",SCP
scp_scp458,"SCP-458 (""The Never-Ending Pizza Box"")",SCP
scp_scp459,"SCP-459 (""Interplanetary Thermostat"")",SCP
scp_scp460,"SCP-460 (""Séance Storm"")",SCP
scp_scp461,"SCP-461 (""ZICU-TV"")",SCP
scp_scp462,"SCP-462 (""The Getaway Car"")",SCP
scp_scp463,"SCP-463 (""A Spoon That Bends People"")",SCP
scp_scp464,"SCP-464 (""The Foundry"")",SCP
scp_scp465,"SCP-465 (""Party in a Box"")",SCP
scp_scp466,"SCP-466 (""Mobile Veins"")",SCP
location_ethicscommittee,ethics-committee,Location
scp_scp467,"SCP-467 (""Confessional Phone Booth"")",SCP
scp_scp468,"SCP-468 (""The Abacus"")",SCP
scp_scp469,"SCP-469 (""Many-Winged Angel"")",SCP
scp_scp470,"SCP-470 (""Nexus of Abandoned Places"")",SCP
scp_scp471,"SCP-471 (""A Satellite"")",SCP
scp_scp472,"SCP-472 (""The Bloodstone"")",SCP
scp_scp473,"SCP-473 (""Supai"")",SCP
scp_scp474,"SCP-474 (""℞FM"")",SCP
location_alexylva,alexylva,Location
location_jamcon2019,jam-con2019,Location
location_oneiroi,oneiroi,Location
scp_scp475,"SCP-475 (""Soap of a Pope"")",SCP
location_childrenofthetorch,children-of-the-torch,Location
location_fifthist,fifthist,Location
location_horizoninitiative,horizon-initiative,Location
location_scarletking,scarlet-king,Location
location_secondhytoth,second-hytoth,Location
scp_scp476,"SCP-476 (""Map to Nowhere"")",SCP
scp_scp477,"SCP-477 (""Fossil Sea"")",SCP
scp_scp478,"SCP-478 (""Tooth Fairies"")",SCP
scp_scp479,"SCP-479 (""Hallway 4, D-Class Dorms, Site 14"")",SCP
scp_scp480,"SCP-480 (""Recurring Nightmare Field"")",SCP
scp_scp481,"SCP-481 (""Scar Tissue"")",SCP
scp_scp482,"SCP-482 (""Mentally Mutating Straitjacket"")",SCP
scp_scp483,"SCP-483 (""Anti-Aging Placebos"")",SCP
scp_scp484,"SCP-484 (""Memory Stealing Drug"")",SCP
scp_scp485,"SCP-485 (""Death Pen"")",SCP
location_doctorbright,doctor-bright,Location
scp_scp486,"SCP-486 (""Coatlicue Skin"")",SCP
location_ophidian,ophidian,Location
scp_scp487,"SCP-487 (""The Impossible House"")",SCP
scp_scp488,"SCP-488 (""Meteor Attractor"")",SCP
scp_scp489,"SCP-489 (""1-555-BUG-BASH"")",SCP
scp_scp490,"SCP-490 (""Ice Cream Truck"")",SCP
scp_scp491,"SCP-491 (""Wrecking Light"")",SCP
scp_scp492,"SCP-492 (""Animated Cloth Dummy"")",SCP
scp_scp493,"SCP-493 (""Replicant"")",SCP
scp_scp494,"SCP-494 (""Matter Transference Gloves"")",SCP
scp_scp495,"SCP-495 (""Thingmaker"")",SCP
scp_scp496,"SCP-496 (""A Sunken Contagion"")",SCP
scp_scp497,"SCP-497 (""The Shell"")",SCP
scp_scp498,"SCP-498 (""11 Minute Snooze"")",SCP
scp_scp499,"SCP-499 (""Old Sun Man"")",SCP
scp_scp500,"SCP-500 (""Panacea"")",SCP
scp_scp501,"SCP-501 (""Monks Greed"")",SCP
scp_scp502,"SCP-502 (""The Surrogate Heart"")",SCP
scp_scp503,"SCP-503 (""The Luckiest Man in the World"")",SCP
scp_scp504,"SCP-504 (""Critical Tomatoes"")",SCP
scp_scp505,"SCP-505 (""Ink Stain"")",SCP
scp_scp506,"SCP-506 (""Instant-growing Plants"")",SCP
location_video,video,Location
scp_scp507,"SCP-507 (""Reluctant Dimension Hopper"")",SCP
location_grabnok,grabnok,Location
scp_scp508,"SCP-508 (""Random-dot Stereogram"")",SCP
scp_scp509,"SCP-509 (""Men Are Pigs"")",SCP
scp_scp510,"SCP-510 (""Soft Death"")",SCP
scp_scp511,"SCP-511 (""Basement Cat"")",SCP
scp_scp512,"SCP-512 (""Gravity-Nullifying Umbrella"")",SCP
scp_scp513,"SCP-513 (""A Cowbell"")",SCP
scp_scp514,"SCP-514 (""A Flock of Doves"")",SCP
location_mannacharitablefoundation,manna-charitable-foundation,Location
scp_scp515,"SCP-515 (""Sleeper"")",SCP
scp_scp516,"SCP-516 (""Intelligent Tank"")",SCP
scp_scp517,"SCP-517 (""Grammie Knows"")",SCP
scp_scp518,"SCP-518 (""The Transinformational Tomb of Asa Rutledge"")",SCP
scp_scp519,"SCP-519 (""Cheeky Phone Booth"")",SCP
scp_scp520,"SCP-520 (""Knife Switch"")",SCP
scp_scp521,"SCP-521 (""The Postbox"")",SCP
scp_scp522,"SCP-522 (""Blood-draining Carpet"")",SCP
scp_scp523,"SCP-523 (""The Most Unhelpful Object On Earth"")",SCP
scp_scp524,"SCP-524 (""Walter the Omnivorous Rabbit"")",SCP
location_leporine,leporine,Location
scp_scp525,"SCP-525 (""Eye Spiders"")",SCP
scp_scp526,"SCP-526 (""Valhalla Gate"")",SCP
scp_scp527,"SCP-527 (""Mr. Fish"")",SCP
location_mrfish,mr-fish,Location
scp_scp528,"SCP-528 (""Voodoo Putty"")",SCP
scp_scp529,"SCP-529 (""Josie the Half-Cat"")",SCP
scp_scp530,"SCP-530 (""Carl the Variable Dog"")",SCP
scp_scp531,"SCP-531 (""Paired Brass Guard Cats"")",SCP
scp_scp532,"SCP-532 (""Frost Bug"")",SCP
location_bacteria,bacteria,Location
scp_scp533,"SCP-533 (""Snake Necklace"")",SCP
scp_scp534,"SCP-534 (""Misplaced Blood"")",SCP
scp_scp535,"SCP-535 (""Communicative Beaker"")",SCP
scp_scp536,"SCP-536 (""Physical Law Testing Chamber"")",SCP
scp_scp537,"SCP-537 (""Singing Gramophone"")",SCP
scp_scp538,"SCP-538 (""Shadow Spiders"")",SCP
scp_scp539,"SCP-539 (""The Perfect Distraction"")",SCP
scp_scp540,"SCP-540 (""Tannenbombs"")",SCP
scp_scp541,"SCP-541 (""Living Thoracic System"")",SCP
scp_scp542,"SCP-542 (""Herr Chirurg"")",SCP
scp_scp543,"SCP-543 (""Noise"")",SCP
scp_scp544,"SCP-544 (""The New Voice"")",SCP
scp_scp545,"SCP-545 (""Liquid Life/Totenkinder"")",SCP
scp_scp546,"SCP-546 (""A Notebook"")",SCP
scp_scp547,"SCP-547 (""The Cartesian Business Card"")",SCP
scp_scp548,"SCP-548 (""Ice Spider"")",SCP
scp_scp549,"SCP-549 (""Ursa Minor"")",SCP
location_ursine,ursine,Location
scp_scp550,"SCP-550 (""The Ghûl"")",SCP
scp_scp551,"SCP-551 (""Impossible Puzzle"")",SCP
scp_scp552,"SCP-552 (""Ahead of His Time"")",SCP
scp_scp553,"SCP-553 (""Crystalline Butterflies"")",SCP
scp_scp554,"SCP-554 (""The Perfect Murder"")",SCP
scp_scp555,"SCP-555 (""Corpse Magnet"")",SCP
location_magnetic,magnetic,Location
scp_scp556,"SCP-556 (""Painted Aircraft"")",SCP
scp_scp557,"SCP-557 (""Ancient Containment Site"")",SCP
location_bibliothetic,bibliothetic,Location
scp_scp558,"SCP-558 (""Strange Contact Lenses"")",SCP
scp_scp559,"SCP-559 (""Birthday Time!"")",SCP
scp_scp560,"SCP-560 (""Bitwise Amoeba"")",SCP
scp_scp561,"SCP-561 (""A Passive Rip in Time"")",SCP
scp_scp562,"SCP-562 (""Revel Rousers"")",SCP
location_online,online,Location
scp_scp563,"SCP-563 (""An Abandoned Farm in China"")",SCP
scp_scp564,"SCP-564 (""Incomplete Primitive Cyborg"")",SCP
scp_scp565,"SCP-565 (""Eds Head"")",SCP
scp_scp566,"SCP-566 (""Word a Day"")",SCP
scp_scp567,"SCP-567 (""The Dungeon"")",SCP
scp_scp568,"SCP-568 (""Dismemberment Strap"")",SCP
scp_scp569,"SCP-569 (""Heads"")",SCP
scp_scp570,"SCP-570 (""Puppet Show Gloves!!!"")",SCP
scp_scp571,"SCP-571 (""Self-Propagating Infectious Pattern"")",SCP
scp_scp572,"SCP-572 (""Katana of Apparent Invincibility"")",SCP
scp_scp573,"SCP-573 (""The Pied Pipe"")",SCP
scp_scp574,"SCP-574 (""The Dropera House"")",SCP
scp_scp575,"SCP-575 (""Predatory Darkness"")",SCP
scp_scp576,"SCP-576 (""Sleep Well"")",SCP
scp_scp577,"SCP-577 (""All Alone in the Moonlight"")",SCP
scp_scp578,"SCP-578 (""Blood Opals"")",SCP
scp_scp579,"SCP-579 (""[DATA EXPUNGED]"")",SCP
scp_scp580,"SCP-580 (""Shi Huang Tis Five Heaven Chariot"")",SCP
location_moon,moon,Location
scp_scp581,"SCP-581 (""The Equestrians Soul"")",SCP
scp_scp582,"SCP-582 (""A Bundle of Stories"")",SCP
scp_scp583,"SCP-583 (""Deathly Video Tape"")",SCP
scp_scp584,"SCP-584 (""Many Fingers, Many Toes"")",SCP
scp_scp585,"SCP-585 (""Sharpeners"")",SCP
scp_scp586,"SCP-586 (""Inscribable Object"")",SCP
countermeasure_scarf,Scarf,Countermeasure
scp_scp587,"SCP-587 (""A Model System"")",SCP
scp_scp588,"SCP-588 (""A Voracious Coin"")",SCP
location_currency,currency,Location
scp_scp589,"SCP-589 (""The Price of Obsession"")",SCP
scp_scp590,"SCP-590 (""He Feels Your Pain"")",SCP
scp_scp591,"SCP-591 (""Dr. Wondertainment Pretendo"")",SCP
scp_scp592,"SCP-592 (""Inaccurate History Book"")",SCP
scp_scp593,"SCP-593 (""Contagious Innumeracy"")",SCP
scp_scp594,"SCP-594 (""Electric Sheep"")",SCP
scp_scp595,"SCP-595 (""Teleporting Destroyer"")",SCP
scp_scp596,"SCP-596 (""Cursed Regeneration Statue"")",SCP
scp_scp598,"SCP-598 (""Sentient Color"")",SCP
scp_scp599,"SCP-599 (""Uncharted City"")",SCP
scp_scp600,"SCP-600 (""That Guy"")",SCP
scp_scp601,"SCP-601 (""Sophocles Chorus"")",SCP
scp_scp602,"SCP-602 (""The Sculptor of SoHo"")",SCP
scp_scp603,"SCP-603 (""Self-Replicating Computer Program"")",SCP
scp_scp604,"SCP-604 (""The Cannibals Banquet; A Corrupted Ritual"")",SCP
scp_scp605,"SCP-605 (""Living Storm Cloud"")",SCP
scp_scp606,"SCP-606 (""The Teacher"")",SCP
scp_scp607,"SCP-607 (""Dorian the Grey Cat"")",SCP
scp_scp608,"SCP-608 (""Fractal Tinsel"")",SCP
scp_scp609,"SCP-609 (""Dr. Wondertainments Ontological 6-Balls®"")",SCP
scp_scp610,"SCP-610 (""The Flesh that Hates"")",SCP
scp_scp611,"SCP-611 (""Parasitic Toothpick"")",SCP
scp_scp612,"SCP-612 (""Aggressive Cable"")",SCP
scp_scp613,"SCP-613 (""Wonder Bread!"")",SCP
scp_scp614,"SCP-614 (""IP Address 57.32.███.███"")",SCP
scp_scp615,"SCP-615 (""Stick Blob"")",SCP
scp_scp616,"SCP-616 (""The Vessel and the Gate"")",SCP
scp_scp617,"SCP-617 (""Pet Rocks"")",SCP
scp_scp618,"SCP-618 (""Spider on The Wall"")",SCP
scp_scp619,"SCP-619 (""Lucky Jeans"")",SCP
countermeasure_safeimpetus,Safe-impetus,Countermeasure
scp_scp620,"SCP-620 (""Time Keeps on Slipping"")",SCP
scp_scp621,"SCP-621 (""Hypnobulbs"")",SCP
scp_scp622,"SCP-622 (""Desert in a Can"")",SCP
scp_scp623,"SCP-623 (""One Groovy Room"")",SCP
scp_scp624,"SCP-624 (""Personal Music Player"")",SCP
scp_scp625,"SCP-625 (""Anklebiters"")",SCP
countermeasure_euclidflecto,Euclid-flecto,Countermeasure
scp_scp626,"SCP-626 (""Vision-Altering Sculpture"")",SCP
scp_scp627,"SCP-627 (""Perpetual Circle"")",SCP
scp_scp628,"SCP-628 (""Flute Copse"")",SCP
scp_scp629,"SCP-629 (""Mr. Brass"")",SCP
location_doctoreverwood,doctor-everwood,Location
location_wonderfulworld,wonderful-world,Location
scp_scp630,"SCP-630 (""Black Glacier"")",SCP
scp_scp631,"SCP-631 (""Nyctophobic Nocturnal Predator"")",SCP
scp_scp632,"SCP-632 (""Intrusive Arachnid Thoughts"")",SCP
scp_scp633,"SCP-633 (""Ghost In The Machine"")",SCP
scp_scp634,"SCP-634 (""Forgetful Goldfish"")",SCP
scp_scp635,"SCP-635 (""Medieval Bootstrap Program"")",SCP
scp_scp636,"SCP-636 (""Elevator to Nowhere"")",SCP
scp_scp637,"SCP-637 (""Viral Cat"")",SCP
scp_scp638,"SCP-638 (""The 1914 Chicago Federal Reserve Heist"")",SCP
location_chicagospirit,chicago-spirit,Location
location_richardchappell,richard-chappell,Location
scp_scp639,"SCP-639 (""Distorted Man"")",SCP
scp_scp640,"SCP-640 (""Lucent Beams"")",SCP
scp_scp641,"SCP-641 (""The Pacifier"")",SCP
location_doctorheiden,doctor-heiden,Location
scp_scp642,"SCP-642 (""Hot Springs"")",SCP
scp_scp643,"SCP-643 (""Delicious Chocolates"")",SCP
location_esterberg,esterberg,Location
location_from120sarchives,from-120s-archives,Location
scp_scp644,"SCP-644 (""Mr. Hot"")",SCP
scp_scp645,"SCP-645 (""Mouth of Truth"")",SCP
scp_scp646,"SCP-646 (""Birth Worm"")",SCP
scp_scp647,"SCP-647 (""Hungry Box"")",SCP
scp_scp648,"SCP-648 (""The Labyrinth"")",SCP
scp_scp649,"SCP-649 (""Matchbox Full of Winter"")",SCP
scp_scp650,"SCP-650 (""Startling Statue"")",SCP
scp_scp651,"SCP-651 (""Tissue-fusing virus"")",SCP
scp_scp652,"SCP-652 (""Meteorological Dog"")",SCP
scp_scp653,"SCP-653 (""The Boomerang"")",SCP
scp_scp654,"SCP-654 (""Thunderhorn"")",SCP
location_cetacean,cetacean,Location
location_faeowynnwilson,faeowynn-wilson,Location
location_wilsonswildlife,wilsons-wildlife,Location
scp_scp655,"SCP-655 (""Biological Disinformation Campaign"")",SCP
scp_scp656,"SCP-656 (""Home Edition"")",SCP
scp_scp657,"SCP-657 (""Death-predicting Man"")",SCP
scp_scp658,"SCP-658 (""Botflies"")",SCP
scp_scp659,"SCP-659 (""Communal Avian Intelligence"")",SCP
scp_scp660,"SCP-660 (""Earthen Womb"")",SCP
scp_scp661,"SCP-661 (""Salesman, Too Good to Be True"")",SCP
scp_scp662,"SCP-662 (""Butlers Hand Bell"")",SCP
scp_scp663,"SCP-663 (""Living Water Filter"")",SCP
scp_scp664,"SCP-664 (""The Floor to Nowhere"")",SCP
scp_scp665,"SCP-665 (""The Garbage Man"")",SCP
scp_scp666,"SCP-666 (""Spirit Lodge"")",SCP
scp_scp667,"SCP-667 (""Fairy Kudzu"")",SCP
scp_scp668,"SCP-668 (""13 Chefs Knife"")",SCP
scp_scp669,"SCP-669 (""A Didactic Perspective"")",SCP
scp_scp670,"SCP-670 (""Family of Cotton"")",SCP
scp_scp671,"SCP-671 (""Deconstructing Ants"")",SCP
scp_scp672,"SCP-672 (""Rock Coral"")",SCP
scp_scp673,"SCP-673 (""Tissues"")",SCP
scp_scp674,"SCP-674 (""The Exposition Gun"")",SCP
scp_scp675,"SCP-675 (""Shadows Through the Window"")",SCP
scp_scp676,"SCP-676 (""Unnatural Hot Spring"")",SCP
scp_scp677,"SCP-677 (""Unpredictable Pogo Stick"")",SCP
scp_scp678,"SCP-678 (""Trauma Harvester"")",SCP
scp_scp679,"SCP-679 (""Eyerot"")",SCP
scp_scp680,"SCP-680 (""Clockwork Skull"")",SCP
scp_scp681,"SCP-681 (""Hostile Helium"")",SCP
scp_scp682,"SCP-682 (""Hard-to-Destroy Reptile"")",SCP
scp_scp683,"SCP-683 (""Refrigerator Art"")",SCP
scp_scp684,"SCP-684 (""The Caretaken"")",SCP
scp_scp685,"SCP-685 (""Non-Bottomless Pit"")",SCP
scp_scp686,"SCP-686 (""Infectious Lactation"")",SCP
scp_scp687,"SCP-687 (""NOIR"")",SCP
scp_scp688,"SCP-688 (""Hole Dwellers"")",SCP
scp_scp689,"SCP-689 (""Haunter in the Dark"")",SCP
scp_scp690,"SCP-690 (""Joke Bandages"")",SCP
scp_scp691,"SCP-691 (""A Cowards Way Out"")",SCP
scp_scp692,"SCP-692 (""Revives the Colours"")",SCP
scp_scp693,"SCP-693 (""Knotty Stalker"")",SCP
scp_scp694,"SCP-694 (""The Definition of Insanity"")",SCP
scp_scp696,"SCP-696 (""Abyssal Typewriter"")",SCP
scp_scp697,"SCP-697 (""Toxic Terraforming"")",SCP
scp_scp698,"SCP-698 (""Judgmental Turtle"")",SCP
scp_scp699,"SCP-699 (""Mystery Box"")",SCP
scp_scp700,"SCP-700 (""Graffiti Factory"")",SCP
scp_scp701,"SCP-701 (""The Hanged Kings Tragedy"")",SCP
location_alagadda,alagadda,Location
location_hangedking,hanged-king,Location
scp_scp702,"SCP-702 (""The Traders Residence"")",SCP
scp_scp703,"SCP-703 (""Into The Closet"")",SCP
scp_scp704,"SCP-704 (""Dangerous Curves"")",SCP
scp_scp705,"SCP-705 (""Militaristic Play-Doh"")",SCP
scp_scp706,"SCP-706 (""Perfect Porcelain Doll"")",SCP
scp_scp707,"SCP-707 (""Nesting Dolls"")",SCP
scp_scp708,"SCP-708 (""The Big Orange Forklift"")",SCP
scp_scp709,"SCP-709 (""Eye of the Forest"")",SCP
scp_scp710,"SCP-710 (""Disappearance"")",SCP
scp_scp711,"SCP-711 (""Paradoxical Insurance Policy"")",SCP
scp_scp712,"SCP-712 (""The Impossible Colors"")",SCP
scp_scp713,"SCP-713 (""Click Anywhere Computer"")",SCP
scp_scp714,"SCP-714 (""The Jaded Ring"")",SCP
scp_scp715,"SCP-715 (""My Face That I May Be"")",SCP
location_directoraktus,director-aktus,Location
scp_scp716,"SCP-716 (""The Train"")",SCP
scp_scp717,"SCP-717 (""The Ambassador"")",SCP
scp_scp718,"SCP-718 (""Eyeball"")",SCP
scp_scp719,"SCP-719 (""Light-Bringer"")",SCP
scp_scp720,"SCP-720 (""Panopticon"")",SCP
countermeasure_electronic,Electronic,Countermeasure
location_arcadia,arcadia,Location
scp_scp721,"SCP-721 (""Factory Toys"")",SCP
scp_scp722,"SCP-722 (""Jörmungandr"")",SCP
scp_scp723,"SCP-723 (""Aging Staircase"")",SCP
scp_scp724,"SCP-724 (""Procyon stentor"")",SCP
scp_scp725,"SCP-725 (""Parrot Whale"")",SCP
scp_scp726,"SCP-726 (""Reconstructive Maggots"")",SCP
scp_scp727,"SCP-727 (""Hephaestuss Forge"")",SCP
scp_scp728,"SCP-728 (""The Forever Room"")",SCP
scp_scp729,"SCP-729 (""Marble Bath"")",SCP
scp_scp730,"SCP-730 (""Decerebrating Plague"")",SCP
scp_scp731,"SCP-731 (""Rathole Cover"")",SCP
scp_scp732,"SCP-732 (""The Fan-Fic Plague"")",SCP
countermeasure_ke,Ke,Countermeasure
scp_scp733,"SCP-733 (""A Pair of Scissors"")",SCP
scp_scp734,"SCP-734 (""The Baby"")",SCP
scp_scp735,"SCP-735 (""Insult Box"")",SCP
scp_scp736,"SCP-736 (""The Iapetus Anomaly"")",SCP
scp_scp737,"SCP-737 (""Hungry Train"")",SCP
scp_scp738,"SCP-738 (""The Devils Deal"")",SCP
location_sheldonkatz,sheldon-katz,Location
scp_scp739,"SCP-739 (""A Mirrored Booth"")",SCP
location_patternscreamer,pattern-screamer,Location
scp_scp740,"SCP-740 (""The Hindenburg Photograph"")",SCP
scp_scp741,"SCP-741 (""Mysterious Russian Submarine"")",SCP
scp_scp742,"SCP-742 (""Retrovirus"")",SCP
scp_scp743,"SCP-743 (""A Chocolate Fountain"")",SCP
scp_scp744,"SCP-744 (""Assembly Required"")",SCP
scp_scp745,"SCP-745 (""The Headlights"")",SCP
scp_scp746,"SCP-746 (""Pseudo-Avian"")",SCP
scp_scp747,"SCP-747 (""Children and Dolls"")",SCP
scp_scp748,"SCP-748 (""Industrial Dissolution"")",SCP
scp_scp749,"SCP-749 (""Rain Drops"")",SCP
scp_scp750,"SCP-750 (""A Different Outlook on Life"")",SCP
scp_scp751,"SCP-751 (""Organ Eater"")",SCP
scp_scp752,"SCP-752 (""Altruistic Utopia"")",SCP
scp_scp753,"SCP-753 (""Automatic Artist"")",SCP
scp_scp754,"SCP-754 (""Illustrated Climbing Vine"")",SCP
scp_scp755,"SCP-755 (""Watch for the white bird"")",SCP
scp_scp756,"SCP-756 (""Miniature Solar System"")",SCP
scp_scp757,"SCP-757 (""The Fruit Tree"")",SCP
scp_scp758,"SCP-758 (""Vasili"")",SCP
scp_scp759,"SCP-759 (""Sourdough Starter"")",SCP
scp_scp760,"SCP-760 (""The Groomers"")",SCP
scp_scp761,"SCP-761 (""Slightly Less Dangerous Trampoline"")",SCP
scp_scp762,"SCP-762 (""Immortal Iron Maiden"")",SCP
scp_scp763,"SCP-763 (""Human Beowulf Cluster"")",SCP
scp_scp764,"SCP-764 (""The Obscene Show"")",SCP
scp_scp765,"SCP-765 (""Duck Pond"")",SCP
scp_scp766,"SCP-766 (""Human-Shaped Anomaly in Space"")",SCP
scp_scp767,"SCP-767 (""Crime Scene Photographs"")",SCP
scp_scp768,"SCP-768 (""Long-Range Alarm Clock"")",SCP
scp_scp769,"SCP-769 (""Ancient Encyclopedia"")",SCP
scp_scp770,"SCP-770 (""Nuclear Slime"")",SCP
scp_scp771,"SCP-771 (""Self-Repairing Biological AI"")",SCP
scp_scp772,"SCP-772 (""Giant Parasitoid Wasps"")",SCP
scp_scp773,"SCP-773 (""Voodoo Dartboard"")",SCP
scp_scp774,"SCP-774 (""Whistlebones"")",SCP
scp_scp775,"SCP-775 (""Hungry Ticks"")",SCP
scp_scp776,"SCP-776 (""The Youth Cult"")",SCP
scp_scp777,"SCP-777 (""Kingdom of Sand"")",SCP
scp_scp778,"SCP-778 (""Paradise Falls"")",SCP
scp_scp779,"SCP-779 (""Brownies"")",SCP
location_apian,apian,Location
scp_scp780,"SCP-780 (""Seed Bead"")",SCP
scp_scp781,"SCP-781 (""Unwitting Dreamshaper"")",SCP
scp_scp782,"SCP-782 (""All-New You"")",SCP
scp_scp783,"SCP-783 (""There Was A Crooked Man"")",SCP
scp_scp784,"SCP-784 (""Christmas Cheer"")",SCP
scp_scp785,"SCP-785 (""A Chain Restaurant"")",SCP
scp_scp786,"SCP-786 (""Funnel Factor Twelve"")",SCP
scp_scp787,"SCP-787 (""The Plane That Never Was"")",SCP
scp_scp788,"SCP-788 (""Magma Carp"")",SCP
scp_scp789,"SCP-789 (""Internet Predator"")",SCP
scp_scp790,"SCP-790 (""Blood?"")",SCP
scp_scp791,"SCP-791 (""Water Orb"")",SCP
scp_scp792,"SCP-792 (""The Body Farm"")",SCP
scp_scp793,"SCP-793 (""The Ghost Sickness"")",SCP
scp_scp794,"SCP-794 (""Desert Shipwreck"")",SCP
scp_scp795,"SCP-795 (""Reality-Bending Cat"")",SCP
scp_scp796,"SCP-796 (""River Cat"")",SCP
scp_scp797,"SCP-797 (""Curious Poltergeist"")",SCP
scp_scp798,"SCP-798 (""Cortex Rat"")",SCP
scp_scp799,"SCP-799 (""Carnivorous Blanket"")",SCP
scp_scp800,"SCP-800 (""An Eastern History"")",SCP
scp_scp801,"SCP-801 (""Seven Furs"")",SCP
scp_scp802,"SCP-802 (""Musical Tank"")",SCP
scp_scp803,"SCP-803 (""Predatory Parasols"")",SCP
scp_scp804,"SCP-804 (""World Without Man"")",SCP
location_doctorsorts,doctor-sorts,Location
scp_scp805,"SCP-805 (""Poison Wood Foal"")",SCP
scp_scp806,"SCP-806 (""Resurrection Projection"")",SCP
scp_scp807,"SCP-807 (""Heart Attack on a Plate"")",SCP
scp_scp808,"SCP-808 (""The Mechanical Choir"")",SCP
scp_scp809,"SCP-809 (""Combat Boots"")",SCP
scp_scp810,"SCP-810 (""The Never-want Lamp"")",SCP
scp_scp811,"SCP-811 (""Swamp Woman"")",SCP
scp_scp812,"SCP-812 (""A Big Box of River"")",SCP
scp_scp813,"SCP-813 (""Glass Shard"")",SCP
scp_scp814,"SCP-814 (""Pure Tones"")",SCP
scp_scp815,"SCP-815 (""Snake Nut Can"")",SCP
scp_scp816,"SCP-816 (""Darwins Erector Set"")",SCP
scp_scp817,"SCP-817 (""Random Metamorphism"")",SCP
scp_scp818,"SCP-818 (""An Abandoned Project"")",SCP
scp_scp819,"SCP-819 (""Vital Suckers"")",SCP
scp_scp820,"SCP-820 (""Las Langostas Pintadas"")",SCP
scp_scp821,"SCP-821 (""Dixie Funland"")",SCP
scp_scp822,"SCP-822 (""Landmine Cacti"")",SCP
location_cactaceous,cactaceous,Location
scp_scp823,"SCP-823 (""Carnival of Horrors"")",SCP
scp_scp824,"SCP-824 (""Active Weed Control"")",SCP
countermeasure_euclidalterier,Euclid-alterier,Countermeasure
scp_scp825,"SCP-825 (""Helmet of Disturbing Visions"")",SCP
scp_scp826,"SCP-826 (""Draws You into the Book"")",SCP
scp_scp827,"SCP-827 (""The Soup"")",SCP
scp_scp828,"SCP-828 (""ᖃᓪᓗᐱᓪᓗᐃᑦ"")",SCP
scp_scp829,"SCP-829 (""Bloodthirsty Nail Polish"")",SCP
scp_scp830,"SCP-830 (""Inky Quicksand"")",SCP
scp_scp831,"SCP-831 (""Tinkerbug"")",SCP
scp_scp832,"SCP-832 (""Accountants Coin"")",SCP
scp_scp833,"SCP-833 (""Charity Worms"")",SCP
scp_scp834,"SCP-834 (""Marked"")",SCP
scp_scp836,"SCP-836 (""Structural Cancer"")",SCP
scp_scp837,"SCP-837 (""Multiplying Clay"")",SCP
scp_scp838,"SCP-838 (""The Dream Job"")",SCP
scp_scp839,"SCP-839 (""Candied Worms"")",SCP
scp_scp840,"SCP-840 (""Drain Feeder"")",SCP
scp_scp841,"SCP-841 (""Reverse Mirror Voodoo Doll Stick Puppet"")",SCP
scp_scp842,"SCP-842 (""Operations Table"")",SCP
scp_scp843,"SCP-843 (""Cow Seeds"")",SCP
scp_scp844,"SCP-844 (""Crybaby"")",SCP
scp_scp845,"SCP-845 (""Liquid Polecat"")",SCP
scp_scp846,"SCP-846 (""Robo-Dude"")",SCP
scp_scp847,"SCP-847 (""The Mannequin"")",SCP
location_d7294,d-7294,Location
scp_scp848,"SCP-848 (""Interdimensional Spider Web"")",SCP
scp_scp849,"SCP-849 (""A Perfect Day"")",SCP
scp_scp850,"SCP-850 (""School of Fish"")",SCP
scp_scp851,"SCP-851 (""Lullabugs"")",SCP
scp_scp852,"SCP-852 (""Lunar Anomaly"")",SCP
scp_scp853,"SCP-853 (""Weather Preserves"")",SCP
scp_scp854,"SCP-854 (""Dream Bridge"")",SCP
scp_scp855,"SCP-855 (""The Film Hall"")",SCP
scp_scp856,"SCP-856 (""Leopotamus"")",SCP
scp_scp857,"SCP-857 (""Human-Based Ecosystem"")",SCP
scp_scp858,"SCP-858 (""Gravitys Rainbow"")",SCP
scp_scp859,"SCP-859 (""Arachnophobic Orb"")",SCP
scp_scp860,"SCP-860 (""Blue Key"")",SCP
scp_scp861,"SCP-861 (""A Fallen Angel"")",SCP
scp_scp862,"SCP-862 (""Rats"")",SCP
scp_scp863,"SCP-863 (""Patchwork Crabs"")",SCP
scp_scp864,"SCP-864 (""Efficient Washbasin"")",SCP
scp_scp865,"SCP-865 (""The Gentlemans Lash"")",SCP
scp_scp866,"SCP-866 (""Supercomputer"")",SCP
scp_scp867,"SCP-867 (""Blood Spruce"")",SCP
scp_scp868,"SCP-868 (""Mnemonic Meme"")",SCP
countermeasure_euclidnuntii,Euclid-nuntii,Countermeasure
scp_scp869,"SCP-869 (""Summer of 48"")",SCP
scp_scp870,"SCP-870 (""The Maybe There Monsters"")",SCP
scp_scp871,"SCP-871 (""Self-Replacing Cake"")",SCP
scp_scp872,"SCP-872 (""The Tattered Farmer"")",SCP
scp_scp873,"SCP-873 (""Russian Crystal Ball"")",SCP
scp_scp874,"SCP-874 (""Abyssal Fluid"")",SCP
scp_scp875,"SCP-875 (""War Criminals"")",SCP
scp_scp876,"SCP-876 (""Element-Switching Pills"")",SCP
scp_scp877,"SCP-877 (""University Microchips"")",SCP
scp_scp878,"SCP-878 (""The Actor"")",SCP
scp_scp879,"SCP-879 (""Colonial Cetacean"")",SCP
scp_scp880,"SCP-880 (""Trapped Winter"")",SCP
scp_scp881,"SCP-881 (""Little People"")",SCP
scp_scp882,"SCP-882 (""A Machine"")",SCP
scp_scp883,"SCP-883 (""Extradimensional Beehive"")",SCP
scp_scp884,"SCP-884 (""A Shaving Mirror"")",SCP
location_agentlament,agent-lament,Location
scp_scp885,"SCP-885 (""Living Vacuum"")",SCP
scp_scp886,"SCP-886 (""Nanny"")",SCP
scp_scp887,"SCP-887 (""Hypergraphia"")",SCP
scp_scp888,"SCP-888 (""Memory Stones"")",SCP
scp_scp889,"SCP-889 (""Hybridization"")",SCP
scp_scp890,"SCP-890 (""The Rocket Surgeon"")",SCP
scp_scp891,"SCP-891 (""California Field"")",SCP
scp_scp892,"SCP-892 (""Everyones Spreadsheet"")",SCP
scp_scp893,"SCP-893 (""Asexual"")",SCP
scp_scp894,"SCP-894 (""Speak No, Hear No, See No"")",SCP
scp_scp895,"SCP-895 (""Camera Disruption"")",SCP
scp_scp896,"SCP-896 (""Online Role Playing Game"")",SCP
scp_scp897,"SCP-897 (""Voodoo Organ Transplant"")",SCP
scp_scp898,"SCP-898 (""Memetic Counter-Agent"")",SCP
scp_scp899,"SCP-899 (""Lost Children"")",SCP
scp_scp900,"SCP-900 (""City of the Sun"")",SCP
scp_scp901,"SCP-901 (""The Building on the Square"")",SCP
scp_scp902,"SCP-902 (""The Final Countdown"")",SCP
scp_scp903,"SCP-903 (""Tunnel of Infinite Possibility"")",SCP
scp_scp904,"SCP-904 (""A Short Poem"")",SCP
scp_scp905,"SCP-905 (""Mr. Chameleon"")",SCP
scp_scp906,"SCP-906 (""Scouring Hive"")",SCP
scp_scp907,"SCP-907 (""An Exploratory Vehicle"")",SCP
scp_scp908,"SCP-908 (""Colocated Rock"")",SCP
scp_scp909,"SCP-909 (""Mr. Forgetful"")",SCP
scp_scp910,"SCP-910 (""Dust, Embodied"")",SCP
scp_scp911,"SCP-911 (""Egyptian Book of the Dead"")",SCP
scp_scp912,"SCP-912 (""Autonomous SWAT Armor"")",SCP
scp_scp913,"SCP-913 (""Mr. Hungry"")",SCP
scp_scp914,"SCP-914 (""The Clockworks"")",SCP
scp_scp915,"SCP-915 (""The Mechanotesseractic Computer"")",SCP
scp_scp916,"SCP-916 (""Mans Best Friend"")",SCP
scp_scp917,"SCP-917 (""Mr. Moon"")",SCP
scp_scp918,"SCP-918 (""Baby Mill"")",SCP
scp_scp919,"SCP-919 (""Needy Mirror"")",SCP
scp_scp920,"SCP-920 (""Mr. Lost"")",SCP
scp_scp921,"SCP-921 (""Museum of Memories"")",SCP
scp_scp922,"SCP-922 (""Another Version of the Truth"")",SCP
scp_scp923,"SCP-923 (""A Useful Tool"")",SCP
scp_scp924,"SCP-924 (""The Ice Water Men"")",SCP
scp_scp925,"SCP-925 (""The Mushroom Cultist"")",SCP
scp_scp926,"SCP-926 (""Guqin"")",SCP
scp_scp927,"SCP-927 (""Contagious House"")",SCP
scp_scp928,"SCP-928 (""The White King"")",SCP
countermeasure_euclidexsequi,Euclid-exsequi,Countermeasure
scp_scp929,"SCP-929 (""The Cuckoo"")",SCP
scp_scp930,"SCP-930 (""Seagull Island"")",SCP
scp_scp931,"SCP-931 (""A Rice Bowl"")",SCP
scp_scp932,"SCP-932 (""Night Feeder"")",SCP
scp_scp933,"SCP-933 (""Duct Tape"")",SCP
scp_scp934,"SCP-934 (""Inland Lighthouse"")",SCP
scp_scp935,"SCP-935 (""Ancient Playing Cards"")",SCP
location_generalbowe,general-bowe,Location
scp_scp936,"SCP-936 (""Fruit of Man"")",SCP
scp_scp937,"SCP-937 (""Walking Sticks"")",SCP
scp_scp938,"SCP-938 (""Blood and Thunder"")",SCP
scp_scp939,"SCP-939 (""With Many Voices"")",SCP
scp_scp940,"SCP-940 (""Araneae Marionettes"")",SCP
scp_scp941,"SCP-941 (""Sick of Motion"")",SCP
scp_scp942,"SCP-942 (""Blood Candy"")",SCP
scp_scp943,"SCP-943 (""Repayment in Kind"")",SCP
scp_scp944,"SCP-944 (""Mirror Maze"")",SCP
scp_scp945,"SCP-945 (""Box of Shawabti"")",SCP
scp_scp946,"SCP-946 (""A Formal Discussion"")",SCP
scp_scp947,"SCP-947 (""Son of a [EXPLETIVE REDACTED]"")",SCP
scp_scp948,"SCP-948 (""The Workaholic"")",SCP
scp_scp949,"SCP-949 (""Wondertainment Land"")",SCP
scp_scp950,"SCP-950 (""Clothes Dryer"")",SCP
scp_scp951,"SCP-951 (""My Friend LUCAS"")",SCP
scp_scp952,"SCP-952 (""NP Rock"")",SCP
location_veronicafitzroy,veronica-fitzroy,Location
scp_scp953,"SCP-953 (""Polymorphic Humanoid"")",SCP
scp_scp954,"SCP-954 (""Vocalizing Frogs"")",SCP
scp_scp955,"SCP-955 (""Mr. Sillybug"")",SCP
scp_scp956,"SCP-956 (""The Child-Breaker"")",SCP
scp_scp957,"SCP-957 (""Baiting"")",SCP
scp_scp958,"SCP-958 (""General-Beep"")",SCP
scp_scp959,"SCP-959 (""The Bogeyman"")",SCP
scp_scp960,"SCP-960 (""Inspiration"")",SCP
scp_scp961,"SCP-961 (""University Sundial"")",SCP
scp_scp962,"SCP-962 (""Tower of Babble"")",SCP
scp_scp963,"SCP-963 (""Immortality"")",SCP
scp_scp964,"SCP-964 (""Indescribable Polymorph"")",SCP
scp_scp965,"SCP-965 (""The Face In The Window"")",SCP
scp_scp966,"SCP-966 (""Sleep Killer"")",SCP
scp_scp967,"SCP-967 (""Infinite Scrapyard"")",SCP
scp_scp968,"SCP-968 (""Tar Baby"")",SCP
scp_scp969,"SCP-969 (""█████ Brand Mosquito Repellent"")",SCP
scp_scp970,"SCP-970 (""The Recursive Room"")",SCP
scp_scp971,"SCP-971 (""Exotic Fast Food Delivery"")",SCP
scp_scp972,"SCP-972 (""Immunity"")",SCP
scp_scp973,"SCP-973 (""Smokey"")",SCP
scp_scp974,"SCP-974 (""Treehouse Predator"")",SCP
scp_scp975,"SCP-975 (""Subway Frogs"")",SCP
scp_scp976,"SCP-976 (""Anomalous Hard Drive"")",SCP
scp_scp977,"SCP-977 (""The Security Station"")",SCP
scp_scp978,"SCP-978 (""Desire Camera"")",SCP
scp_scp979,"SCP-979 (""Stoneware Rabbit"")",SCP
scp_scp980,"SCP-980 (""An Absence of Detail"")",SCP
scp_scp981,"SCP-981 (""The Directors Cut"")",SCP
scp_scp982,"SCP-982 (""Chicago Loop"")",SCP
scp_scp983,"SCP-983 (""The Birthday Monkey"")",SCP
scp_scp984,"SCP-984 (""A Public Restroom"")",SCP
scp_scp985,"SCP-985 (""Lost Luggage Claim"")",SCP
scp_scp986,"SCP-986 (""Faulkners Last Manuscript"")",SCP
scp_scp987,"SCP-987 (""Gruesome Gallery"")",SCP
scp_scp988,"SCP-988 (""Unopenable Chest"")",SCP
scp_scp989,"SCP-989 (""Self-Defense Sugar"")",SCP
scp_scp990,"SCP-990 (""Dream Man"")",SCP
scp_scp991,"SCP-991 (""A Syringe"")",SCP
scp_scp992,"SCP-992 (""Gaias Emissary"")",SCP
scp_scp993,"SCP-993 (""Bobble the Clown"")",SCP
location_bobbletheclown,bobble-the-clown,Location
scp_scp994,"SCP-994 (""Some Silver Dishes"")",SCP
scp_scp995,"SCP-995 (""Under The Couch"")",SCP
scp_scp996,"SCP-996 (""Broken Topology"")",SCP
scp_scp997,"SCP-997 (""Vermin Suppressor"")",SCP
scp_scp998,"SCP-998 (""Missing Aircraft"")",SCP
scp_scp999,"SCP-999 (""The Tickle Monster"")",SCP
scp_scp1000,"SCP-1000 (""Bigfoot"")",SCP
location_1000,1000,Location
location_childrenofthenight,children-of-the-night,Location
story_ifyourearmedandattheglenmontmetropleaseshootme,"If You’re Armed and at the Glenmont Metro, Please Shoot Me",Story
origin_global,Global,Origin
location_drugsandaddictions,Drugs and Addictions,Location
location_madness,Madness,Location
location_paranoia,Paranoia,Location
location_andmentalillness,and Mental Illness,Location
location_psychologicalhorror,Psychological Horror,Location
location_scienceandexperimentation,Science and Experimentation,Location
location_sciencefictionandaliens,Science Fiction and Aliens,Location
location_drugtrials,drug trials,Location
location_drugs,drugs,Location
location_experimentation,experimentation,Location
location_experiments,experiments,Location
location_peterfrostdavid,peter frost david,Location
location_psychological,psychological,Location
location_scifi,sci-fi,Location
location_science,science,Location
location_sciencefiction,science fiction,Location
location_time,time,Location
source_creepypastawiki,Creepypasta Wiki,Source
story_ashatteredlife,A Shattered Life,Story
location_monsters,Monsters,Location
location_creatures,Creatures,Location
location_andcryptids,and Cryptids,Location
location_disease,disease,Location
location_entities,entities,Location
location_mattdymerski,matt dymerski,Location
location_paranormal,paranormal,Location
location_supernatural,supernatural,Location
location_timetravel,time travel,Location
story_myfatherpunishedmewhenitalkedtoghosts,My Father Punished Me When I Talked to Ghosts,Story
location_abductionsandkidnappings,Abductions and Kidnappings,Location
location_childrenandchildhood,Children and Childhood,Location
location_deaths,Deaths,Location
location_murders,Murders,Location
location_anddisappearances,and Disappearances,Location
location_investigationsandcrimes,Investigations and Crimes,Location
location_abductions,abductions,Location
location_blindness,blindness,Location
location_childabuse,child abuse,Location
location_childhood,childhood,Location
location_children,children,Location
location_crimes,crimes,Location
location_deception,deception,Location
location_investigations,investigations,Location
location_kidnappings,kidnappings,Location
location_kids,kids,Location
location_lies,lies,Location
story_distortedwarningsignals,Distorted Warning Signals,Story
location_beingsandentities,Beings and Entities,Location
location_occult,Occult,Location
location_magic,Magic,Location
location_andwitchcraft,and Witchcraft,Location
location_survivalhorror,Survival Horror,Location
location_suspenseandthrillers,Suspense and Thrillers,Location
location_ashleyrosewellman,ashley rose wellman,Location
story_hewhowanders,He Who Wanders,Story
location_simonsimonian,simon simonian,Location
story_thelivinghistoryproject,The Living History Project,Story
location_artifactsandobjects,Artifacts and Objects,Location
location_historicalfiction,Historical Fiction,Location
location_journalsanddiaries,Journals and Diaries,Location
location_locationsandsites,Locations and Sites,Location
location_militaryandwarfare,Military and Warfare,Location
location_strangeandunexplained,Strange and Unexplained,Location
location_technology,Technology,Location
location_theinternet,the Internet,Location
location_andthedeepweb,and the Deep Web,Location
location_christineoneill,christine oneill,Location
location_diaries,diaries,Location
location_dying,dying,Location
location_history,history,Location
location_letters,letters,Location
location_memories,memories,Location
location_projects,projects,Location
location_radios,radios,Location
location_recordings,recordings,Location
location_school,school,Location
location_students,students,Location
location_suicides,suicides,Location
location_teachers,teachers,Location
location_war,war,Location
location_warstories,war stories,Location
location_wars,wars,Location
story_ifoundaletterfrommystalker,I Found a Letter From My Stalker,Story
location_bodyhorror,Body Horror,Location
location_messages,messages,Location
location_ministerofowls,ministerofowls,Location
location_mutilations,mutilations,Location
location_notes,notes,Location
location_stalkers,stalkers,Location
story_dontletthemin,Don’t Let Them In,Story
location_addictions,addictions,Location
location_alcoholics,alcoholics,Location
location_alcoholism,alcoholism,Location
location_domesticabuse,domestic abuse,Location
location_drugabuse,drug abuse,Location
location_maddiekate,maddie kate,Location
location_mentalillness,mental illness,Location
location_mothers,mothers,Location
location_parents,parents,Location
location_substanceabuse,substance abuse,Location
location_suspense,suspense,Location
story_whathappenswhenthestarsgoout,What Happens When the Stars Go Out,Story
location_feelspastasandhappyendings,Feelspastas and Happy Endings,Location
location_hellandtheafterlife,Hell and the Afterlife,Location
location_afterlife,afterlife,Location
location_feelspastas,feelspastas,Location
location_jesseclark,jesse clark,Location
location_life,life,Location
location_love,love,Location
location_marriage,marriage,Location
story_theseerofpossibilities,The Seer of Possibilities,Story
location_thomaso,thomas o.,Location
story_actsofvengeance,Acts of Vengeance,Story
location_demonsandpossession,Demons and Possession,Location
location_slashersandgore,Slashers and Gore,Location
location_artifacts,artifacts,Location
location_books,books,Location
location_curses,curses,Location
location_glbouwman,g.l. bouwman,Location
location_gore,gore,Location
location_hauntedobjects,haunted objects,Location
location_insanity,insanity,Location
location_objects,objects,Location
location_possession,possession,Location
location_revenge,revenge,Location
location_slashers,slashers,Location
story_mommysleepsinthebasement,Mommy Sleeps in the Basement,Story
location_disappearances,disappearances,Location
location_haleyhendershot,haley hendershot,Location
location_mysteries,mysteries,Location
location_schools,schools,Location
story_charlesbonnetsyndrome,Charles Bonnet Syndrome,Story
location_sphickey,s.p. hickey,Location
story_sniff,Sniff,Story
location_folkloreandfolktales,Folklore and Folktales,Location
location_mythsandlegends,Myths and Legends,Location
location_folklore,folklore,Location
location_folktales,folktales,Location
location_legends,legends,Location
location_mythology,mythology,Location
location_myths,myths,Location
location_nickyexposito,nicky exposito,Location
story_turnitoff,Turn It Off,Story
location_polumchill,polum chill,Location
location_videonarrativesok,video narratives ok,Location
story_bound,Bound,Story
location_natureandtheoutdoors,Nature and the Outdoors,Location
location_bnlala,bnlala,Location
location_cryptids,cryptids,Location
location_deals,deals,Location
location_outdoors,outdoors,Location
location_pacts,pacts,Location
location_sacrifices,sacrifices,Location
location_woods,woods,Location
story_themelancholyofherbertsolomon,The Melancholy of Herbert Solomon,Story
location_michaelwhitehouse,michael whitehouse,Location
story_bedtime,Bedtime,Story
location_famouscreepypasta,Famous Creepypasta,Location
location_bedtimeseries,bedtime series,Location
location_beings,beings,Location
story_sisters,Sisters,Story
location_religionandspirituality,Religion and Spirituality,Location
location_churches,churches,Location
location_demonicpossession,demonic possession,Location
location_illness,illness,Location
location_illnesses,illnesses,Location
location_nuns,nuns,Location
location_periodpieces,period pieces,Location
location_periodstories,period stories,Location
location_religion,religion,Location
location_sickness,sickness,Location
location_sorennarnia,soren narnia,Location
location_spirituality,spirituality,Location
story_idriveforcerber,I Drive for Cerber,Story
location_ghostsandspirits,Ghosts and Spirits,Location
location_apps,apps,Location
location_cars,cars,Location
location_driving,driving,Location
location_ghosts,ghosts,Location
location_internet,internet,Location
location_jobs,jobs,Location
location_mofucious,mofucious,Location
location_mythicalcreatures,mythical creatures,Location
location_occupational,occupational,Location
location_occupations,occupations,Location
location_spirits,spirits,Location
location_taxicabs,taxi cabs,Location
location_taxis,taxis,Location
location_uber,uber,Location
story_thequietsky,The Quiet Sky,Story
location_aliens,aliens,Location
location_ryanbrennaman,ryan brennaman,Location
story_forgetme,Forget Me,Story
location_emotional,emotional,Location
location_ghoststories,ghost stories,Location
location_watchtheaftermath,watchthe-aftermath,Location
story_thefairies,The Fairies,Story
location_anonymouslyauthored,anonymously authored,Location
location_fairies,fairies,Location
story_ascension,Ascension,Story
location_marklannin,mark lannin,Location
story_slum,Slum,Story
story_mygrandfathersfinalinvention,My Grandfather’s Final Invention,Story
location_alicethompson,alice thompson,Location
story_threefriendsdiner,Three Friends Diner,Story
story_thefaceoffear,The Face of Fear,Story
story_inthewalls,In the Walls,Story
story_artificial,Artificial,Story
location_christophergideon,christopher gideon,Location
story_thedevilgame,The Devil Game,Story
location_ritesandrituals,Rites and Rituals,Location
location_caseypierce,casey pierce,Location
location_infernalnightmare333,infernalnightmare333,Location
story_onahill,On a Hill,Story
story_mrwidemouth,Mr. Widemouth,Story
location_misterwidemouth,mister widemouth,Location
location_mrwidemouth,mr. wide mouth,Location
location_mrwidemouthcreepypasta,mr. widemouth creepypasta,Location
location_mrwidemouthcreepypastastory,mr. widemouth creepypasta story,Location
location_mrwidemouthoriginalstory,mr. widemouth original story,Location
location_mrwidemouthstory,mr. widemouth story,Location
location_perfectcircle35,perfectcircle35,Location
story_theartofjacobemory,The Art Of Jacob Emory,Story
location_art,art,Location
location_douglasgreenwood,douglas greenwood,Location
location_magicwands,magic wands,Location
location_peterdivine,peter divine,Location
story_thegiftofmercy,The Gift Of Mercy,Story
location_spaceandcosmichorror,Space and Cosmic Horror,Location
location_cosmic,cosmic,Location
location_space,space,Location
location_warnings,warnings,Location
story_dust,Dust,Story
location_cameronsuey,cameron suey,Location
location_josefk,josef k.,Location
story_thepromise,The Promise,Story
location_guardianangels,guardian angels,Location
location_pastlives,past lives,Location
location_premonitions,premonitions,Location
location_protectors,protectors,Location
location_reincarnation,reincarnation,Location
location_stephaniescissom,stephanie scissom,Location
location_strange,strange,Location
location_unexplainedpleasewait,unexplainedplease wait...,Location
story_thewhistlersbillsaccount,The Whistlers: Bill’s Account,Story
location_amityargot,amity argot,Location
location_forests,forests,Location
location_journals,journals,Location
location_nature,nature,Location
location_thewhistlersseries,the whistlers series,Location
location_unexplained,unexplained,Location
story_dandelions,Dandelions,Story
location_flowers,flowers,Location
location_happyendings,happy endings,Location
location_lovestories,love stories,Location
location_missingpersons,missing persons,Location
location_outofbodyexperiences,out-of-body experiences,Location
story_thelastmanoffaith,The Last Man of Faith,Story
location_alextaylor,alex taylor,Location
story_blindness,Blindness,Story
location_homeintruders,home intruders,Location
location_homeinvasion,home invasion,Location
location_intruders,intruders,Location
location_moonlitcove,moonlit_cove,Location
story_thelostcosmonaut,The Lost Cosmonaut,Story
location_alapanamo,alapanamo,Location
location_historicalhorror,historical horror,Location
story_theperfectlybehavedboy,The Perfectly Behaved Boy,Story
location_christmasandholidays,Christmas and Holidays,Location
location_christmas,christmas,Location
location_christmasstories,christmas stories,Location
location_holidays,holidays,Location
location_seasonallyspooky,seasonally spooky,Location
location_xmas,xmas,Location
story_thecatsofjunipervalley,The Cats of Juniper Valley,Story
story_thefourthchild,The Fourth Child,Story
location_blackeyedchildren,black-eyed children,Location
story_promises,Promises,Story
story_sadie,Sadie,Story
location_illnessandinjuries,Illness and Injuries,Location
location_soundsandvoices,Sounds and Voices,Location
location_urbanlegends,Urban Legends,Location
location_videogamesandgaming,Video Games and Gaming,Location
location_frequencies,frequencies,Location
location_games,games,Location
location_gaming,gaming,Location
location_hauntedgames,haunted games,Location
location_lavendertown,lavender town,Location
location_mentalhealth,mental health,Location
location_pokemon,pokemon,Location
location_pokepastas,pokepastas,Location
location_sounds,sounds,Location
location_videogames,video games,Location
story_thesandman,The Sandman,Story
location_tamlin,tam lin,Location
story_thesystelienspecter,The Systelien Specter,Story
location_hauntedgameswritingcontest,haunted games writing contest,Location
location_thehootax,thehootax,Location
story_pretend,Pretend,Story
location_boys,boys,Location
location_redbullreptar,redbullreptar,Location
story_thetulpa,The Tulpa,Story
location_manifestation,manifestation,Location
location_manifesting,manifesting,Location
location_scienceexperiments,science experiments,Location
location_thoughtforms,thought forms,Location
location_tulpas,tulpas,Location
story_lightning,Lightning,Story
story_anegg,An Egg,Story
story_survivalguide,Survival Guide,Story
location_darkcomedy,Dark Comedy,Location
location_humor,Humor,Location
location_andparodies,and Parodies,Location
location_parodies,parodies,Location
story_thebodyfarm,The Body Farm,Story
location_brianmartinez,brian martinez,Location
story_thetwitchstream,The Twitch Stream,Story
location_connorphillips,connor phillips,Location
location_livestreams,live streams,Location
location_livestreaming,livestreaming,Location
location_streaming,streaming,Location
location_twitch,twitch,Location
story_tedthecaver,Ted the Caver,Story
location_blogs,blogs,Location
location_cavediving,cave diving,Location
location_caves,caves,Location
location_claustrophobia,claustrophobia,Location
location_creepypastaclassics,creepypasta classics,Location
location_locations,locations,Location
location_sites,sites,Location
location_spelunking,spelunking,Location
location_tedhegemann,ted hegemann,Location
location_tedthecaver,ted the caver,Location
location_tedthecavercreepypasta,ted the caver creepypasta,Location
location_tedthecaveroriginalstory,ted the caver original story,Location
location_tedthecaverstory,ted the caver story,Location
story_whensciencefoundgod,When Science Found God,Story
location_god,god,Location
location_matrix,matrix,Location
location_philosophy,philosophy,Location
location_quantumcomputers,quantum computers,Location
location_quantumphysics,quantum physics,Location
location_universe,universe,Location
location_zachariusfrost,zacharius frost,Location
story_magda,Magda,Story
story_theblaganschlor,The Blaganschlor,Story
location_creepypastacontestwinners,creepypasta contest winners,Location
story_maisiewentmissinglastyear,Maisie Went Missing Last Year,Story
location_relationships,relationships,Location
location_spuk,spuk,Location
story_thepastelman,The Pastel Man,Story
location_vincentvenacava,vincent vena cava,Location
story_thedeafening,The Deafening,Story
location_arianemd,ariane m.d.,Location
story_seventeen,Seventeen,Story
story_forgottenvalentine,Forgotten Valentine,Story
location_valentinesday,valentines day,Location
story_inthelandofblackandwhite,In The Land of Black and White,Story
location_stephandharris,stephan d. harris,Location
story_dearabby,Dear Abby,Story
story_ickbarrbigelsteine,Ickbarr Bigelsteine,Story
location_toysanddolls,Toys and Dolls,Location
location_dolls,dolls,Location
location_toys,toys,Location
story_therussiansleepexperiment,The Russian Sleep Experiment,Story
location_conspiraciesandgovernment,Conspiracies and Government,Location
location_medicalandhospitals,Medical and Hospitals,Location
location_tortureandcannibalism,Torture and Cannibalism,Location
location_conspiracies,conspiracies,Location
location_government,government,Location
location_russiansleepexperiment,russian sleep experiment,Location
location_sleeping,sleeping,Location
location_soldiers,soldiers,Location
location_therussiansleepexperiment,the russian sleep experiment,Location
story_midnightintexas,Midnight in Texas,Story
location_cannibalism,cannibalism,Location
location_cannibals,cannibals,Location
location_starlessandbibleblack,starlessandbibleblack,Location
story_apeculiarkindofmadness,A Peculiar Kind of Madness,Story
location_bell,bell,Location
story_secretbar,Secret Bar,Story
location_demons,demons,Location
location_devil,devil,Location
location_hell,hell,Location
location_kbanningkellum,k. banning-kellum,Location
location_satan,satan,Location
location_secret,secret,Location
location_secretive,secretive,Location
story_thekillersinterview,The Killer’s Interview,Story
location_dfulkerson,d. fulkerson,Location
location_darkness,darkness,Location
story_thefinalfateofmaryford,The Final Fate of Mary Ford,Story
story_whengodsblink,When Gods Blink,Story
location_charminglyshallow,charminglyshallow,Location
story_theskinwalker,The Skinwalker,Story
location_hunters,hunters,Location
location_hunting,hunting,Location
location_maxminton,max minton,Location
story_thecrawlspace,The Crawlspace,Story
location_kaitieh,kaitie h.,Location
story_julialegare,Julia Legare,Story
story_mywivesdontgetalong,My Wives Don’t Get Along,Story
location_tobiaswade,tobias wade,Location
story_thegirltheuniverseforgot,The Girl the Universe Forgot,Story
location_ddhowardpleasewait,d.d. howardplease wait...,Location
story_daughtersdrawings,Daughter’s Drawings,Story
location_daughters,daughters,Location
location_drawings,drawings,Location
location_nickboticpleasewait,nick boticplease wait...,Location
story_thewhistlersruthsaccount,The Whistlers: Ruth’s Account,Story
location_trees,trees,Location
location_woodspleasewait,woodsplease wait...,Location
story_playpen,Playpen,Story
location_computers,computers,Location
location_darkweb,dark web,Location
location_deepweb,deep web,Location
location_haydendalby,hayden dalby,Location
location_unfriended,unfriended,Location
story_thereapersscythe,The Reaper’s Scythe,Story
location_grimreaper,grim reaper,Location
location_reaper,reaper,Location
location_scythe,scythe,Location
story_rosepart1,Rose – Part 1,Story
location_lakk,lakk,Location
location_theroseseries,the rose series,Location
story_familyofthreeplusone,Family of Three Plus One,Story
story_cryingnumbers,Crying Numbers,Story
location_ashleyfranzholzmann,ashley franz holzmann,Location
story_toolongatthecliff,Too Long at the Cliff,Story
location_timvankessel,tim van kessel,Location
location_tvank,tvank,Location
story_brighteyes,Bright Eyes,Story
story_thepursuitinstitute,The Pursuit Institute,Story
location_liamvickers,liam vickers,Location
story_mary,Mary,Story
location_thefoxgod,the fox god,Location
story_achristmasfeast,A Christmas Feast,Story
story_faceyourfears,Face Your Fears,Story
story_iamtheapocalypse,I Am the Apocalypse,Story
location_apocalypticanddystopian,Apocalyptic and Dystopian,Location
location_zombiesandtheundead,Zombies and the Undead,Location
location_apocalyptic,apocalyptic,Location
location_dystopian,dystopian,Location
location_famouscharacters,famous characters,Location
location_fanfiction,fan fiction,Location
location_lichtjunger,lichtjunger,Location
location_postapocolyptic,post apocolyptic,Location
location_residentevil,resident evil,Location
location_undead,undead,Location
location_zombieapocalypse,zombie apocalypse,Location
location_zombies,zombies,Location
story_fenterwoods,Fenter Woods,Story
story_somethinghappenedduringahostagenegotiationicantexplain,Something Happened During a Hostage Negotiation I Can’t Explain,Story
location_jobsandoccupations,Jobs and Occupations,Location
location_alternaterealities,alternate realities,Location
location_cops,cops,Location
location_criminals,criminals,Location
location_foreshadowing,foreshadowing,Location
location_heists,heists,Location
location_hostages,hostages,Location
location_kyleharrison,kyle harrison,Location
location_lotteries,lotteries,Location
location_lottery,lottery,Location
location_negotiations,negotiations,Location
location_parallelrealities,parallel realities,Location
location_phonecalls,phone calls,Location
location_phones,phones,Location
location_police,police,Location
location_policeofficers,police officers,Location
location_prophecies,prophecies,Location
location_robberies,robberies,Location
location_secondchances,second chances,Location
location_standoffs,standoffs,Location
location_timetravelers,time travelers,Location
location_timetraveling,time traveling,Location
location_visionspleasewait,visionsplease wait...,Location
story_astoryfromtheblackguard,A Story From the BlackGuard,Story
location_darkfantasy,Dark Fantasy,Location
location_cyberpunk,cyberpunk,Location
location_fantasy,fantasy,Location
location_justinreinarz,justin reinarz,Location
location_shapeshifters,shapeshifters,Location
location_steampunk,steampunk,Location
location_vampires,vampires,Location
location_werewolves,werewolves,Location
story_talesfromthegasstation,Tales From the Gas Station,Story
location_bizarre,bizarre,Location
location_comedies,comedies,Location
location_cults,cults,Location
location_gasstations,gas stations,Location
location_jacktownsend,jack townsend,Location
location_raccoons,raccoons,Location
location_talesfromthegasstation,tales from the gas station,Location
story_scorpionriver,Scorpion River,Story
location_arizona,arizona,Location
location_camping,camping,Location
location_canyons,canyons,Location
location_roxannewilds,roxanne wilds,Location
location_whispering,whispering,Location
story_willowcreek,Willow Creek,Story
story_12steps,12 Steps,Story
location_basedontrueevents,Based on True Events,Location
location_basedonatruestory,based on a true story,Location
location_kennethkohl,kenneth kohl,Location
story_threetruths,Three Truths,Story
story_thetollman,The Tollman,Story
location_anonymous,anonymous,Location
story_leo,Leo,Story
story_ubloo,Ubloo,Story
location_differentwind,differentwind,Location
location_ubloo,ubloo,Location
story_ithasnoface,It Has No Face,Story
location_ghosteyetree,ghost_eye_tree,Location
story_wendalllanediariesyoushouldnt,Wendall Lane Diaries: You Shouldn’t,Story
story_rabbitsinthecreek,Rabbits in the Creek,Story
story_thedoor,The Door,Story
location_dispater,dispater,Location
story_stringtheory,String Theory,Story
story_doors,Doors,Story
story_candlecove,Candle Cove,Story
location_televisionandlostepisodes,Television and Lost Episodes,Location
location_america,america,Location
location_candlecove,candle cove,Location
location_candlecovecreepypasta,candle cove creepypasta,Location
location_candlecovecreepypastastory,candle cove creepypasta story,Location
location_candlecoveoriginstory,candle cove origin story,Location
location_candlecoveoriginalstory,candle cove original story,Location
location_candlecovestory,candle cove story,Location
location_krisstraub,kris straub,Location
location_lostepisodes,lost episodes,Location
location_television,television,Location
location_televisionshows,television shows,Location
location_tv,tv,Location
location_tvshows,tv shows,Location
story_persuaded,Persuaded,Story
story_worldsbestschoolpsychologist,World’s Best School Psychologist,Story
location_counselors,counselors,Location
location_creepycarbs,creepycarbs,Location
location_neglect,neglect,Location
location_parenting,parenting,Location
location_psychologists,psychologists,Location
location_psychology,psychology,Location
location_schoolpsychologists,school psychologists,Location
location_schoolstories,school stories,Location
story_dawnintexas,Dawn in Texas,Story
story_mysoncommittedsuicideandmywifeblamesme,"My Son Committed Suicide, and My Wife Blames Me",Story
location_control,control,Location
location_mindcontrol,mind control,Location
location_robertkilmartin,robert kilmartin,Location
location_torture,torture,Location
story_restoration,Restoration,Story
location_angels,angels,Location
location_devlinriptide,devlin riptide,Location
location_rituals,rituals,Location
story_anopenlettertomydaughterskiller,An Open Letter To My Daughter’s Killer,Story
location_daughter,daughter,Location
location_father,father,Location
location_parent,parent,Location
story_humannature,Human Nature,Story
location_astronauts,astronauts,Location
location_nuclearwar,nuclear war,Location
location_shannonhigdon,shannon higdon,Location
story_barter,Barter,Story
location_katherinec,katherine c.,Location
story_razorgames,Razor Games,Story
story_smiledog,Smile Dog,Story
location_animalsandwildlife,Animals and Wildlife,Location
location_smiledog,smile dog,Location
location_smiledogcreepypasta,smile dog creepypasta,Location
location_smiledogcreepypastastory,smile dog creepypasta story,Location
location_smiledogoriginstory,smile dog origin story,Location
location_smiledogoriginal,smile dog original,Location
location_smiledogoriginalstory,smile dog original story,Location
story_theonlysensibleritualpasta,The Only Sensible Ritual Pasta,Story
story_sarahobannon,Sarah O’Bannon,Story
location_burials,burials,Location
location_buriedalive,buried alive,Location
location_cemeteries,cemeteries,Location
location_graveyards,graveyards,Location
location_zombiespleasewait,zombiesplease wait...,Location
story_knocking,Knocking,Story
location_doors,doors,Location
location_noises,noises,Location
location_stevenshorter,steven shorter,Location
location_voices,voices,Location
story_iamhalloween,I Am Halloween,Story
story_themagicshowfromhell,The Magic Show From Hell,Story
location_mysticalsilencer,mysticalsilencer,Location
story_thestrangecaseofedmonsonkentucky,"The Strange Case of Edmonson, Kentucky",Story
location_joeterrell,joe terrell,Location
story_devilinthedetails,Devil in the Details,Story
story_thethreedaydark,The Three Day Dark,Story
story_thespaceabovethecloset,The Space Above the Closet,Story
location_emeraldlee,emerald lee,Location
story_mrleaves,Mr. Leaves,Story
story_starlight,Star Light,Story
location_bencook,ben cook,Location
story_nearby,Nearby,Story
story_neveragain,Never Again,Story
story_myfearofwater,My Fear Of Water,Story
story_beyondvantablack,Beyond Vantablack,Story
location_color,color,Location
location_otherworldly,otherworldly,Location
location_williamdalphin,william dalphin,Location
story_allofourmistakesareneverforgotten,All of Our Mistakes Are Never Forgotten,Story
story_carlislepond,Carlisle Pond,Story
story_nightinatreestand,Night In A Tree Stand,Story
story_mycreation,My Creation,Story
story_ifoundadeadgirlsdiary,I Found a Dead Girl’s Diary,Story
location_lchanpleasewait,l. chanplease wait...,Location
story_yourenotafraid,You’re Not Afraid,Story
location_cousinspookynoodles,cousinspookynoodles,Location
story_thegrimeshome,The Grimes Home,Story
location_childrensshows,childrens shows,Location
location_puppets,puppets,Location
story_thestoryofherholdinganorangepartone,The Story of Her Holding an Orange: Part One,Story
location_thestoryofherholdinganorange,the story of her holding an orange,Location
story_thescuttler,The Scuttler,Story
location_anddisappearancespleasewait,and DisappearancesPlease wait...,Location
story_imacopandiinstitutionalizedsomeoneiknewwasntcrazy,"I’m a Cop, and I Institutionalized Someone I Knew Wasn’t Crazy",Story
location_psychwards,psych wards,Location
location_psychiatrichospitals,psychiatric hospitals,Location
location_psychiatricwards,psychiatric wards,Location
location_sfbarkley,s.f. barkley,Location
story_twistedteddy,Twisted Teddy,Story
story_violet,Violet,Story
location_sashabrokov,sasha brokov,Location
story_thevigil,The Vigil,Story
location_therake,the rake,Location
story_harlequinno7,Harlequin No.7,Story
location_harlequinseries,harlequin series,Location
story_mentality,Mentality,Story
story_eastgate,Eastgate,Story
location_ryanpeacock,ryan peacock,Location
story_freak,Freak,Story
location_danielhammonds,daniel hammonds,Location
story_missfortune,Miss Fortune,Story
location_michaelgilbert,michael gilbert,Location
story_thepassenger,The Passenger,Story
story_anna,Anna,Story
story_alackofempathy,A Lack of Empathy,Story
story_theportraitsakathecabininthewoods,The Portraits (a.k.a. The Cabin in the Woods),Story
location_cabins,cabins,Location
location_twistendings,twist endings,Location
story_theblindmansfavor,The Blind Man’s Favor,Story
story_theboywholovedtoread,The Boy Who Loved to Read,Story
story_thesonganddanceman,The Song and Dance Man,Story
location_dancing,dancing,Location
location_devils,devils,Location
location_dylancharles,dylan charles,Location
story_thebuzzards,The Buzzards,Story
location_crimescenes,crime scenes,Location
location_geoffsturtevant,geoff sturtevant,Location
location_golems,golems,Location
location_hoarders,hoarders,Location
story_ifoundadiarytuckedinabrickatanabandonedpsychhospital,I Found a Diary Tucked in a Brick at an Abandoned Psych Hospital,Story
location_alyssagallo,alyssa gallo,Location
location_hospitals,hospitals,Location
location_psychhospitals,psych hospitals,Location
location_psychiatrists,psychiatrists,Location
location_psychiatry,psychiatry,Location
story_uponthealtar,Upon The Altar,Story
story_deadmansbluff,Dead Man’s Bluff,Story
location_madman,mad man,Location
story_thelittlewoodenbox,The Little Wooden Box,Story
story_theragman,The Ragman,Story
story_frommetoyou,From Me to You,Story
location_andmentalillnesspleasewait,and Mental IllnessPlease wait...,Location
story_themontfordexperiment,The Montford Experiment,Story
story_bluelight,Blue Light,Story
location_bombings,bombings,Location
location_colinshomeforthedamned,colins home for the damned,Location
location_elementaryschools,elementary schools,Location
location_japan,japan,Location
location_nagasaki,nagasaki,Location
story_theniceguy,The Nice Guy,Story
location_managers,managers,Location
location_murphy1976,murphy1976,Location
location_wellheyproductions,wellhey productions,Location
location_workplace,workplace,Location
story_interference,Interference,Story
story_myfatherandicreatedadevicethatwarpsreality,My Father and I Created a Device That Warps Reality,Story
location_justinkylecutrermd,justin kyle cutrer md,Location
story_sheswaitinginthereflection,She’s Waiting in the Reflection,Story
location_micahedwards,micah edwards,Location
story_themanwhoreturned,The Man Who Returned,Story
location_classichorror,Classic Horror,Location
location_betrayal,betrayal,Location
location_classicstories,classic stories,Location
location_classics,classics,Location
location_edmondhamilton,edmond hamilton,Location
location_infidelity,infidelity,Location
location_jealousy,jealousy,Location
location_publicdomain,public domain,Location
story_boxfort,Box Fort,Story
location_hauntedhouses,haunted houses,Location
location_malloryeddy,mallory eddy,Location
story_ihuntdownthegovernmentsmistakes,I Hunt Down the Government’s Mistakes,Story
location_devinhoover,devin hoover,Location
story_ivehadthesamedreamfor26years,I’ve Had the Same Dream for 26 Years,Story
location_dreamsandnightmares,Dreams and Nightmares,Location
location_allanloe,allan loe,Location
location_dreams,dreams,Location
location_medium,medium,Location
location_nightmares,nightmares,Location
location_psychics,psychics,Location
story_wherepowerlies,Where Power Lies,Story
story_thelastpinebarrener,The Last Pine Barrener,Story
location_penphantom13pleasewait,pen_phantom13please wait...,Location
story_darkstar,Darkstar,Story
location_fae,fae,Location
location_myrretah,myrretah,Location
location_rapes,rapes,Location
location_shawntitherrien,shawnti therrien,Location
location_soulless,soulless,Location
location_souls,souls,Location
story_pastallhope,Past All Hope,Story
location_benjaminkrause,benjamin krause,Location
story_thewrongroom,The Wrong Room,Story
story_scratching,Scratching,Story
location_jacobnewell,jacob newell,Location
story_thenamelessone,The Nameless One,Story
location_bythefireslightseries,by the fires light series,Location
location_slenderman,slenderman,Location
location_starkindlerpleasewait,star kindlerplease wait...,Location
story_strangethingshappenovernightatlowes,Strange Things Happen Overnight at Lowe’s,Story
location_georgetrobertson,george t. robertson,Location
story_ilovenumbers,I Love Numbers,Story
location_murderers,murderers,Location
location_obsessions,obsessions,Location
location_obsessivecompulsivedisorder,obsessive-compulsive disorder,Location
location_ocd,ocd,Location
location_prisons,prisons,Location
location_serialkillers,serial killers,Location
location_tylerouellette,tyler ouellette,Location
story_stop115,STOP-115,Story
story_becomingakiller,Becoming a Killer,Story
story_oppression,Oppression,Story
location_aaronway,aaron way,Location
story_anhedonius,Anhedonius,Story
location_dawilcox,d.a. wilcox,Location
story_heavyrain,Heavy Rain,Story
location_naturaldisastersandstorms,Natural Disasters and Storms,Location
location_anomalies,anomalies,Location
location_anomalousfalls,anomalous falls,Location
location_lovecraftian,lovecraftian,Location
location_naturaldisasters,natural disasters,Location
location_rain,rain,Location
location_rainfall,rainfall,Location
location_storms,storms,Location
location_sundownsyndrome,sundown syndrome,Location
location_sundownerssyndrome,sundowners syndrome,Location
location_weather,weather,Location
story_deadmansrights,Dead Man’s Rights,Story
story_jack,Jack,Story
location_absintherose,absinthe rose,Location
story_visitor,Visitor,Story
story_lessonsfromtheshadowsofhiroshima,Lessons From the Shadows of Hiroshima,Story
location_stupiddialup,stupiddialup,Location
story_stairs,Stairs,Story
story_thenote,The Note,Story
story_raymondswill,Raymond’s Will,Story
location_benjaminjames,benjamin james,Location
story_mysoulisinapaperlantern,My Soul is in a Paper Lantern,Story
location_reflection,reflection,Location
location_soul,soul,Location
story_thedreamofeverydentist,The Dream of Every Dentist,Story
story_mrflysuitandthemandelaeffect,Mr. Flysuit and the Mandela Effect,Story
location_jameshunter,james hunter,Location
location_mandelaeffect,mandela effect,Location
story_faultywiring,Faulty Wiring,Story
story_listersrache,Listers Rache,Story
location_crappypastasuccessstories,crappypasta success stories,Location
story_therake,The Rake,Story
location_bryansomerville,bryan somerville,Location
story_mywifewontstopsleeptalking,My Wife Won’t Stop Sleep Talking,Story
location_christophermaxim,christopher maxim,Location
location_sleeptalking,sleep talking,Location
story_mirrored,Mirrored,Story
story_thesundayspecial,The Sunday Special,Story
story_kwaymoolthemonster,Kway Mool: The Monster,Story
location_danieldubois,daniel dubois,Location
story_safe,Safe,Story
location_basedontrueeventspleasewait,based on true eventsplease wait...,Location
story_andmore,And More,Story
story_theadventcalendar,The Advent Calendar,Story
story_thelittlepeople,The Little People,Story
location_spellblades,spellblades,Location
story_faithsgame,Faith’s Game,Story
story_breach,Breach,Story
story_mute,Mute,Story
story_thelasthalloween,The Last Halloween,Story
location_halloweenstories,Halloween Stories,Location
location_halloween,halloween,Location
location_williamdalphinpleasewait,william dalphinplease wait...,Location
story_comeandplay,Come and Play,Story
location_pablodickens,pablo dickens,Location
story_eustace,Eustace,Story
story_hellhounds,Hellhounds,Story
location_spencergjackson,spencer g. jackson,Location
story_theculling,The Culling,Story
location_bobgielow,bob gielow,Location
location_extraterrestrials,extraterrestrials,Location
story_rose,Rose,Story
story_myface,My Face,Story
story_littlesarah,Little Sarah,Story
story_somethingwasoffaboutmyfreshmanroommatepartone,Something Was Off About My Freshman Roommate – Part One,Story
location_freshmanroommateseries,freshman roommate series,Location
story_campfire,Campfire,Story
location_danielmartins,daniel martins,Location
location_sitespleasewait,sitesplease wait...,Location
story_static,Static,Story
location_omens,omens,Location
location_static,static,Location
location_whitenoisepleasewait,white noiseplease wait...,Location
story_mrlivingston,Mr. Livingston,Story
location_marianjohnson,marian johnson,Location
story_themusician,The Musician,Story
location_music,music,Location
location_sludgieboy,sludgieboy,Location
story_coloradofishingtrip,Colorado Fishing Trip,Story
story_3ply,3-Ply,Story
story_thewritersink,The Writer’s Ink,Story
location_ericambm,ericambm,Location
story_thesneak,The Sneak,Story
story_somethingwasoffaboutmyfreshmanroommatepartthreeepilogue,Something Was Off About My Freshman Roommate – Part Three & Epilogue,Story
story_bythefireslight,By the Fire’s Light,Story
location_starkindler,star kindler,Location
story_ineedsomebreadandcerealtoo,"I Need Some Bread and Cereal, Too",Story
story_betatest,Beta Test,Story
location_ai,ai,Location
location_artificialintelligence,artificial intelligence,Location
location_programmers,programmers,Location
location_programming,programming,Location
location_reality,reality,Location
location_simulationtheory,simulation theory,Location
location_simulations,simulations,Location
location_stephenmiller,stephen miller,Location
story_theagoraphobicjournals,The Agoraphobic Journals,Story
location_agoraphobia,agoraphobia,Location
location_fear,fear,Location
location_journalentries,journal entries,Location
location_nickbotic,nick botic,Location
location_phobia,phobia,Location
story_whiteout,White Out,Story
location_blizzard,blizzard,Location
location_shannonhigdonpleasewait,shannon higdonplease wait...,Location
story_nicki,Nicki,Story
story_thegirlhidinginmywalls,The Girl Hiding in My Walls,Story
location_coffeelover309,coffeelover309,Location
story_revelationssequeltothefortandsurvival,Revelations (Sequel to The Fort and Survival),Story
story_donotbuyanrt,Do Not Buy An RT,Story
story_omalleysfamilyrestaurant,O’Malley’s Family Restaurant,Story
location_mentalhospitals,mental hospitals,Location
story_pokmonblack,Pokémon Black,Story
story_thebaddream,The Bad Dream,Story
story_alone,Alone,Story
location_5yn,5yn,Location
location_animalattacks,animal attacks,Location
location_realityshows,reality shows,Location
location_realitytv,reality tv,Location
location_survival,survival,Location
location_tapes,tapes,Location
location_videotapes,video tapes,Location
story_thefavor,The Favor,Story
location_brendaader,brenda ader,Location
story_deeryard,Deer Yard,Story
story_onewordstory,One Word Story,Story
location_anthonynaranjo,anthony naranjo,Location
story_afavorforafavor,A Favor For A Favor,Story
story_creak,Creak,Story
story_thethingthatstalksthefields,The Thing That Stalks the Fields,Story
location_davidfeuling,david feuling,Location
story_theserialkillershowdown,The Serial Killer Showdown,Story
location_competitions,competitions,Location
story_pride,Pride,Story
story_mescalunesmobilecinema,Mescalune’s Mobile Cinema,Story
location_lexjoy,lex joy,Location
story_403,4:03,Story
story_benatruestory,Ben: A True Story,Story
story_gatewayofthemind,Gateway of the Mind,Story
story_patient0017983,Patient #0017983,Story
story_thereasonidontdocoldreadingsanymore,The Reason I Don’t Do Cold Readings Anymore,Story
location_fraud,fraud,Location
location_kevinthomas,kevin thomas,Location
location_newage,new age,Location
story_onelasttrickortreat,One Last Trick-or-Treat,Story
location_halloweennight,halloween night,Location
location_lchan,l. chan,Location
location_trickortreat,trick-or-treat,Location
location_trickortreaters,trick-or-treaters,Location
location_trickortreating,trick-or-treating,Location
story_projectatlantis,Project Atlantis,Story
location_atlantis,atlantis,Location
location_danc,dan c.,Location
story_ipickedupahitchhiker,I Picked Up a Hitchhiker,Story
location_blairdaniels,blair daniels,Location
location_hitchhikers,hitchhikers,Location
location_hitchhiking,hitchhiking,Location
location_strangers,strangers,Location
story_whispersinthedark,Whispers In The Dark,Story
story_someoneinthehouse,Someone in the House,Story
story_thenaera,The Naera,Story
story_iwanttogohome,I Want To Go Home,Story
story_theunseen,The Unseen,Story
story_thesleepingtownofsaluzar,The Sleeping Town of Saluzar,Story
story_candlecovedowninthedark,Candle Cove: Down in the Dark,Story
story_thestoryofherholdinganorangeparttwo,The Story of Her Holding an Orange: Part Two,Story
story_chat,Chat,Story
story_freshfaces,Fresh Faces,Story
story_thefamilyspirit,The Family Spirit,Story
location_ghost,ghost,Location
location_haunting,haunting,Location
location_spirit,spirit,Location
location_tobiaswadepleasewait,tobias wadeplease wait...,Location
story_betterfilms,Better Films,Story
location_filmsandfootage,Films and Footage,Location
location_dismemberment,dismemberment,Location
location_filmmakers,filmmakers,Location
location_filmmaking,filmmaking,Location
location_films,films,Location
location_footage,footage,Location
story_storiesformydaughter,Stories For My Daughter,Story
location_bedtimestories,bedtime stories,Location
location_hrhdaf,hrhdaf,Location
location_poison,poison,Location
location_poisonings,poisonings,Location
story_jeffthekillerreboot,Jeff the Killer (Reboot),Story
location_jeffthekiller,jeff the killer,Location
location_reboot,reboot,Location
location_remake,remake,Location
location_retelling,retelling,Location
story_thesallowman,The Sallow Man,Story
location_videonarrativesokpleasewait,video narratives okplease wait...,Location
story_redo,Redo,Story
story_karma,Karma,Story
story_inthekitchen,In the Kitchen,Story
story_thecreakofthedoor,The Creak of the Door,Story
location_aronhunt,aron hunt,Location
location_entitiespleasewait,entitiesplease wait...,Location
story_salvation,Salvation,Story
story_thezombiepitch,The Zombie Pitch,Story
location_tongueincheek,tongue in cheek,Location
story_encountered,Encountered,Story
story_thefort,The Fort,Story
story_itsthereinthedark,"It’s There, in the Dark",Story
location_jdlucien,j.d. lucien,Location
story_purified,Purified,Story
story_thedevilsjaws,The Devil’s Jaws,Story
location_darkmyth,darkmyth,Location
story_thelightsinthehousebelow,The Lights in the House Below,Story
story_talesofthecityparttwosuburbofthedead,"Tales of the City, Part Two: Suburb of the Dead",Story
location_talesofthecityseries,tales of the city series,Location
story_thehollowsandthehills,The Hollows and the Hills,Story
location_iansmith,ian smith,Location
location_vampirism,vampirism,Location
story_sophie,Sophie,Story
story_themanwhocouldntseemyguardian,The Man Who Couldn’t See (My Guardian),Story
location_jayvakarian,jay vakarian,Location
story_fireflies,Fireflies,Story
location_brandonmichaelcollinsworth,brandon michael collinsworth,Location
story_wounds,Wounds,Story
location_williamdavis,william davis,Location
story_sap,Sap,Story
story_nihil,Nihil,Story
location_joeturner,joe turner,Location
story_projections,Projections,Story
location_spencerjackson,spencer jackson,Location
story_crawl,Crawl,Story
story_thewhitefaceinthewindow,The White Face In The Window,Story
story_achangeinseasons,A Change in Seasons,Story
location_arscroggins,a.r. scroggins,Location
location_blood,blood,Location
story_myhauntingpast,My Haunting Past,Story
story_themidnightlockup,The Midnight Lock-Up,Story
location_boats,boats,Location
location_captains,captains,Location
location_sailing,sailing,Location
location_sailors,sailors,Location
location_ships,ships,Location
story_theclass,The Class,Story
story_love,Love,Story
story_attentionallshoppers,Attention All Shoppers,Story
location_goldenrule,golden rule,Location
location_shoppers,shoppers,Location
story_survival,Survival,Story
story_revival,Revival,Story
location_nelsonsmithpleasewait,nelson smithplease wait...,Location
story_drstoker,Dr. Stoker,Story
story_thereisamanbehindyou,There Is a Man Behind You,Story
story_pica,Pica,Story
location_strangeandunexplainedpleasewait,Strange and UnexplainedPlease wait...,Location
story_mygrandfatherknewwhywerunfromthedark,My Grandfather Knew Why We Run from the Dark,Story
story_thefacethatwatches,The Face That Watches,Story
story_willyouplaywithme,Will You Play With Me?,Story
location_apparitions,apparitions,Location
location_dsozolnieks,d.s. ozolnieks,Location
location_scarykids,scary kids,Location
story_theslenderman,The Slenderman?,Story
location_joshdean,josh dean,Location
story_atalkingcrowtaughtmetofly,A Talking Crow Taught Me to Fly,Story
location_abilities,abilities,Location
location_animals,animals,Location
location_birds,birds,Location
location_crows,crows,Location
location_davidmaloney,david maloney,Location
story_john,John,Story
location_erinbates,erin bates,Location
location_farms,farms,Location
location_husbands,husbands,Location
location_rural,rural,Location
location_skinwalkers,skinwalkers,Location
location_wives,wives,Location
story_acoldlovestory,A Cold Love Story,Story
story_supportcallid10015603,Support Call ID: 100156-03,Story
story_letterfromtheritual,Letter From the Ritual,Story
location_kevinsharp,kevin sharp,Location
story_hollow,Hollow,Story
location_tomfarr,tom farr,Location
story_inthemist,In the Mist,Story
location_hiking,hiking,Location
location_randomrooroo,randomrooroo,Location
location_scotland,scotland,Location
location_scottishhighlands,scottish highlands,Location
story_thehands,The Hands,Story
story_fog,Fog,Story
location_josefkpleasewait,josef k.please wait...,Location
story_themessage,The Message,Story
story_hoodiethehoodedman,Hoodie (The Hooded Man),Story
location_hoodie,hoodie,Location
location_hoodiecreepypasta,hoodie creepypasta,Location
location_hoodiecreepypastastory,hoodie creepypasta story,Location
location_hoodieoriginstory,hoodie origin story,Location
story_theanimalsonmyfarmalwayskilltheirnewborns,The Animals On My Farm Always Kill Their Newborns,Story
location_farmers,farmers,Location
location_livestock,livestock,Location
location_wildlife,wildlife,Location
story_thehiddenwebpage,The Hidden Webpage,Story
location_darknet,dark net,Location
location_jaredroberts,jared roberts,Location
location_webpages,webpages,Location
location_websites,websites,Location
story_ed,Ed,Story
location_ddhoward,d.d. howard,Location
story_imnottheonlyme,I’m Not the Only Me,Story
location_thejinx,thejinx,Location
story_existence,Existence,Story
story_neveranswerthedooratnight,Never Answer the Door at Night,Story
story_stompinggrounds,Stomping Grounds,Story
location_poemsandpoetry,Poems and Poetry,Location
location_poems,poems,Location
location_poetry,poetry,Location
story_somethingwasoffaboutmyfreshmanroommateparttwo,Something Was Off About My Freshman Roommate – Part Two,Story
story_chopthewillow,Chop the Willow,Story
story_justanothermidnight,Just Another Midnight,Story
story_chemical,Chemical,Story
story_theguardianangel,The Guardian Angel,Story
story_themolendinarburn,The Molendinar Burn,Story
location_kelpie,kelpie,Location
location_kelpies,kelpies,Location
location_michaelpaige,michael paige,Location
location_scottishhorror,scottish horror,Location
story_13thandelm,13th and Elm,Story
story_buyersremorse,Buyer’s Remorse,Story
story_theburnedphoto,The Burned Photo,Story
story_theblackfog,The Black Fog,Story
location_alexsorrow,alex sorrow,Location
location_fog,fog,Location
location_wolves,wolves,Location
story_angeleyes,Angel Eyes,Story
story_thecryinglady,The Crying Lady,Story
story_thewalkhome,The Walk Home,Story
story_welcometosandalwood,Welcome To Sandalwood,Story
story_darkness,Darkness,Story
story_thedissociativedeathofvictoralzwell,The Dissociative Death of Victor Alzwell,Story
story_nohope,No Hope,Story
story_thegirlinwhite,The Girl in White,Story
story_quiet,Quiet,Story
story_themaninthesnow,The Man in the Snow,Story
story_istolealaptop,I Stole a Laptop,Story
story_thepit,The Pit,Story
location_mutedvocal,muted vocal,Location
story_onefortheroad,One For the Road,Story
story_crimsongrove,Crimson Grove,Story
story_sil,Sil,Story
story_thestaircase,The Staircase,Story
story_thesealedbuilding,The Sealed Building,Story
story_miraclecity,Miracle City,Story
location_miraclecityseriespleasewait,miracle city seriesplease wait...,Location
story_thebabydoll,The Baby Doll,Story
story_talesfromanexconvict,Tales From an Ex-Convict,Story
location_guards,guards,Location
location_jail,jail,Location
location_nickrashell,nick rashell,Location
location_prison,prison,Location
story_themostterrifying911calliveeverreceived,The Most Terrifying 911 Call I’ve Ever Received,Story
location_911,911,Location
location_911calls,911 calls,Location
location_colelong,cole long,Location
location_dispatchers,dispatchers,Location
story_makharthesmall,Makhar the Small,Story
story_becoming,Becoming,Story
story_thegiftofmortality,The Gift of Mortality,Story
location_death,death,Location
location_immortality,immortality,Location
location_immortals,immortals,Location
location_matteoarts,matteoarts,Location
location_starfall,starfall,Location
story_stevie,Stevie,Story
story_detention,Detention,Story
location_chooseyourownadventure,choose your own adventure,Location
story_bugwatching,Bugwatching,Story
story_therivercountryfilm,The River Country Film,Story
location_disney,disney,Location
location_disneycreepypastas,disney creepypastas,Location
location_disneyworld,disney world,Location
location_waltdisney,walt disney,Location
location_waltdisneyworld,walt disney world,Location
story_newcityvillage,New City Village,Story
location_anonymouslyauthoredpleasewait,anonymously authoredplease wait...,Location
story_liars,Liars,Story
story_roomtospare,Room to Spare,Story
location_attractions,attractions,Location
location_ghosttours,ghost tours,Location
location_halloweenattractions,halloween attractions,Location
location_hauntedattractions,haunted attractions,Location
location_rhonniefordham,rhonnie fordham,Location
location_tours,tours,Location
story_whenthecircuscametotown,When the Circus Came to Town,Story
location_circuses,circuses,Location
story_deep,Deep,Story
location_oceans,oceans,Location
location_seamonsters,sea monsters,Location
location_seas,seas,Location
location_water,water,Location
story_iwasachristmaself,I Was a Christmas Elf,Story
location_elves,elves,Location
location_jessicacharle,jessica charle,Location
location_meltingalphabetpleasewait,meltingalphabetplease wait...,Location
story_howtoexityourbody,How To Exit Your Body,Story
location_astral,astral,Location
location_astralprojection,astral projection,Location
location_paralysis,paralysis,Location
location_portals,portals,Location
location_sleepparalysis,sleep paralysis,Location
story_michael,Michael,Story
story_howdoesthestoryend,How Does the Story End?,Story
location_thesplitpersonality,thesplitpersonality,Location
story_thefairfolk,The Fair Folk,Story
story_thecinematographer,The Cinematographer,Story
story_thewolfandtheblade,The Wolf and The Blade,Story
story_howtowriteavidyagaempasta,How to Write a Vidya Gaem Pasta,Story
story_thedemonwithin,The Demon Within,Story
story_thedarkroom,The Dark Room,Story
location_ismaelzuniga,ismael zuniga,Location
story_donttakemydoll,Don’t Take My Doll,Story
story_generationstory,Generation Story,Story
story_myaccount,My Account,Story
location_cthulhumythos,cthulhu mythos,Location
story_thekaleidoscope,The Kaleidoscope,Story
location_artifactsandobjectspleasewait,Artifacts and ObjectsPlease wait...,Location
story_fathercookecatsinthecradle,Father Cooke: Cat’s in the Cradle,Story
location_fathercookeseries,father cooke series,Location
location_heaven,heaven,Location
location_kglewis,k.g. lewis,Location
location_priests,priests,Location
location_rites,rites,Location
story_communion,Communion,Story
story_thegreatoccamcobb,The Great Occam Cobb,Story
location_magicians,magicians,Location
location_seithvale,seith vale,Location
location_vngelw,vngel w.,Location
story_themechanic,The Mechanic,Story
story_letmehearyourvoice,Let Me Hear Your Voice,Story
story_totersmaze,Toter’s Maze,Story
story_huntinggrounds,Hunting Grounds,Story
story_thoseeyes,Those Eyes,Story
story_sewers,Sewers,Story
story_itoldyoutosmile,I Told You To Smile,Story
story_fallout3numbersstation,Fallout 3: Numbers Station,Story
location_fallout,fallout,Location
location_fallout3,fallout 3,Location
story_aparentslove,A Parent’s Love,Story
story_fathercookepart5burningdownthehouse,Father Cooke: Part 5 – Burning Down the House,Story
story_someonealwayscomesalong,Someone Always Comes Along,Story
story_weshouldvecheckedthecarfax,We Should’ve Checked the CarFax,Story
story_aslightmisunderstanding,A Slight Misunderstanding,Story
story_offthebeatenpath,Off the Beaten Path,Story
story_thequantumman,The Quantum Man,Story
location_thesiliconlemming,the silicon lemming,Location
story_selfpreservation,Self Preservation,Story
story_roadwork,Roadwork,Story
story_ananthologyalphabeticallyorganized,An Anthology: Alphabetically Organized,Story
location_anthologies,anthologies,Location
location_collections,collections,Location
location_flashfiction,flash fiction,Location
location_micropastas,micropastas,Location
location_shortstories,short stories,Location
story_whyillneverworksecurityatdisneyworldagain,Why I’ll Never Work Security At Disney World Again,Story
location_amusementparks,amusement parks,Location
location_coverups,cover-ups,Location
location_disneysecurity,disneysecurity,Location
location_epcotcenter,epcot center,Location
location_families,families,Location
location_itsasmallworld,its a small world,Location
location_magickingdom,magic kingdom,Location
location_rides,rides,Location
location_security,security,Location
location_securityguards,security guards,Location
location_themeparks,theme parks,Location
story_thedesertroad,The Desert Road,Story
story_whatliesbelow,What Lies Below,Story
story_lisalynn,Lisa Lynn,Story
story_loonharbour,Loon Harbour,Story
location_keithdaniels,keith daniels,Location
story_cratersinherface,Craters in Her Face,Story
story_kystlichsyndrome,Kystlich Syndrome,Story
story_thestoryofherholdinganorangepartthree,The Story of Her Holding an Orange: Part Three,Story
story_dontgointothebasement,Don’t Go Into the Basement,Story
story_herprotection,Her Protection,Story
story_callmetomorrowokay,"Call Me Tomorrow, Okay?",Story
story_themachine,The Machine,Story
location_cartermilford,carter milford,Location
location_research,research,Location
story_thecontract,The Contract,Story
location_news,news,Location
location_newspaper,newspaper,Location
story_beta,Beta,Story
location_geneticengineering,genetic engineering,Location
story_bythelightofadyingfire,By The Light of a Dying Fire,Story
story_norhymenoreasonnoexplanation,"No Rhyme, No Reason, No Explanation",Story
story_busking,Busking,Story
story_warning,Warning,Story
story_herobrine,Herobrine,Story
location_glitches,glitches,Location
location_herobrine,herobrine,Location
location_herobrinecreepypasta,herobrine creepypasta,Location
location_minecraft,minecraft,Location
location_minecraftcreepypasta,minecraft creepypasta,Location
story_thedisneylandsuicidepact,The Disneyland Suicide Pact,Story
location_derekwalker,derek walker,Location
story_asherairranout,As Her Air Ran Out,Story
location_cagevenom,cagevenom,Location
location_drowning,drowning,Location
location_manipulation,manipulation,Location
story_desired,Desired,Story
story_areyoucomingupstairs,Are You Coming Upstairs?,Story
story_thefive,The Five,Story
story_tesla,Tesla,Story
story_foreverness,Foreverness,Story
story_hecomeszalgo,He Comes (Zalgo),Story
location_chrisphoenix,chris phoenix,Location
location_zalgo,zalgo,Location
story_transiberianexpress,Tran-Siberian Express,Story
story_tunnels,Tunnels,Story
story_impendingdoom,Impending Doom,Story
story_necropotence,Necropotence,Story
location_warofthedeadtrilogy,war of the dead trilogy,Location
story_violetpart2,Violet: Part 2,Story
location_sashabrokovpleasewait,sasha brokovplease wait...,Location
story_theartist,The Artist,Story
location_alocohol,alocohol,Location
location_arson,arson,Location
location_arsonists,arsonists,Location
location_artists,artists,Location
location_cjhenderson,c.j. henderson,Location
location_careers,careers,Location
location_painting,painting,Location
location_paintings,paintings,Location
location_pregnancy,pregnancy,Location
location_weirdpleasewait,weirdplease wait...,Location
story_thewormhole,The Wormhole,Story
location_interdimensional,interdimensional,Location
location_wormhole,wormhole,Location
story_whatdoyoulikeaboutplayingunderthebed,What Do You Like About Playing Under the Bed?,Story
story_thebog,The Bog,Story
location_rosemaryhamend,rosemary hamend,Location
story_capitalpunishment,Capital Punishment,Story
story_claustrophobia,Claustrophobia,Story
story_thegardengnome,The Garden Gnome,Story
story_bloodandoil,Blood and Oil,Story
story_apromiseoftheheart,A Promise of the Heart,Story
story_detachment,Detachment,Story
story_dirtypapermachines,Dirty Paper Machines,Story
story_thechristmastree,The Christmas Tree,Story
story_unknownnumber,Unknown Number,Story
story_spin,Spin,Story
story_themaskedman,The Masked Man,Story
story_thegrowths,The Growths,Story
story_itcamefromthehauntedhouseacrossthestreet,It Came From the Haunted House Across the Street,Story
location_sirscareme,sirscareme,Location
story_dontevertakeyoureyesoffyourchildrenthishalloween,Don’t Ever Take Your Eyes Off Your Children This Halloween,Story
location_michaelrichardson,michael richardson,Location
story_withinthedarkness,Within the Darkness,Story
location_davidknoppel,david knoppel,Location
location_encounters,encounters,Location
location_homealone,home alone,Location
location_lupuscreepus,lupus creepus,Location
location_monsterspleasewait,monstersplease wait...,Location
story_timesofdeparture,Times of Departure,Story
story_thestreet,The Street,Story
location_thomasanthonylay,thomas anthony lay,Location
story_nocontest,No Contest,Story
story_mygrandfathersufferedfromdementia,My Grandfather Suffered from Dementia,Story
location_joshmparker,josh m. parker,Location
story_nobodylivedinflatnumbersix,Nobody Lived In Flat Number Six,Story
story_thefleshmarket,The Flesh Market,Story
story_whispers,Whispers,Story
location_mikemacdee,mike macdee,Location
story_thedarkness,The Darkness,Story
story_apoemoffracturedmind,A poem of fractured mind,Story
story_thenightspringscemetery,The Night Springs Cemetery,Story
story_thesubwayride,The Subway Ride,Story
story_letmego,Let Me Go,Story
location_selfharm,self-harm,Location
location_suicideattempts,suicide attempts,Location
story_imettheratking,I Met the Rat King,Story
location_jamesoncurnick,jameson curnick,Location
location_rats,rats,Location
story_thefairdalekidsstayinside,The Fairdale Kids Stay Inside,Story
location_kbrown,k. brown,Location
story_themanorhouse,The Manor House,Story
location_alice1nwonder,alice1nwonder,Location
story_thefallen,The Fallen,Story
story_whiteowl,White Owl,Story
story_whatiforgot,What I Forgot,Story
story_talesofthecitypartfivegodofthefields,"Tales of the City, Part Five: God of the Fields",Story
story_thebanshee,The Banshee,Story
story_thirtydays,Thirty Days,Story
story_monstersarebetterthannightmares,Monsters Are Better Than Nightmares,Story
location_jeffgrimm,jeff grimm,Location
location_screams,screams,Location
location_voicespleasewait,voicesplease wait...,Location
story_hunter,Hunter,Story
story_thethiefintheyellowrobe,The Thief in the Yellow Robe,Story
story_eyelessjack,Eyeless Jack,Story
location_azelf5000,azelf5000,Location
location_eyelessjack,eyeless jack,Location
location_eyelessjackcreepypasta,eyeless jack creepypasta,Location
location_eyelessjackdrawing,eyeless jack drawing,Location
location_eyelessjackfanart,eyeless jack fanart,Location
location_eyelessjackmask,eyeless jack mask,Location
location_eyelessjackoriginstory,eyeless jack origin story,Location
location_eyelessjackoriginalstory,eyeless jack original story,Location
location_eyelessjackstory,eyeless jack story,Location
story_inspiration,Inspiration,Story
location_ritesandritualspleasewait,Rites and RitualsPlease wait...,Location
story_whitewithred,White with Red,Story
location_creepypastaclassic,creepypasta classic,Location
location_haunted,haunted,Location
location_hauntings,hauntings,Location
location_hotels,hotels,Location
location_motels,motels,Location
story_thestarrycrown,The Starry Crown,Story
location_marcefitch,marc e. fitch,Location
story_acatinthedark,A Cat in the Dark,Story
location_benjaminsites,benjamin sites,Location
location_cats,cats,Location
location_magicspells,magic spells,Location
location_spells,spells,Location
location_witchcraft,witchcraft,Location
location_witches,witches,Location
story_iwasraisedtobelieveiwasanandroid,I Was Raised to Believe I Was an Android,Story
location_androids,androids,Location
location_depthfiction,depth fiction,Location
location_kidspleasewait,kidsplease wait...,Location
story_writersblock,Writer’s Block,Story
story_sasaeng,Sasaeng,Story
story_onelonelonghaul,One Lone Long Haul,Story
story_thehotsprings,The Hot Springs,Story
story_amadmansguidetotheunrecommended,A Madman’s Guide to the Unrecommended,Story
location_danielzaturensky,daniel zaturensky,Location
story_ikidomari,Ikidomari,Story
story_eidetic,Eidetic,Story
story_martellato,Martellato,Story
story_jeffthekiller,Jeff the Killer,Story
location_bullies,bullies,Location
location_bullying,bullying,Location
location_sesseur,sesseur,Location
location_sociopaths,sociopaths,Location
location_sociopathy,sociopathy,Location
story_dontletthecoldmanin,Don’t Let The Cold Man In,Story
location_beingsandentitiespleasewait,Beings and EntitiesPlease wait...,Location
story_up,Up,Story
story_santasmagic,Santa’s Magic,Story
location_abuse,abuse,Location
location_amarisjgagnon,amaris j. gagnon,Location
location_thrillers,thrillers,Location
story_yellowledbetter,Yellow Ledbetter,Story
location_ndes,ndes,Location
location_neardeathexperiences,near-death experiences,Location
story_cursedsands,Cursed Sands,Story
story_crossroads,Crossroads,Story
story_themagician,The Magician,Story
story_thedoorgame,The Door Game,Story
location_blakelpatrick,blake l. patrick,Location
location_multipartstories,multi-part stories,Location
story_iveplumbedthiswholecity,I’ve Plumbed This Whole City,Story
story_theshreddermonkey,The Shredder Monkey,Story
story_theperipherypeople,The Periphery People,Story
story_undertheice,Under the Ice,Story
story_hoarding,Hoarding,Story
story_maryvery,Mary Very,Story
story_danceofflames,Dance of Flames,Story
story_thedibbukbox,The Dibbuk Box,Story
location_truescarystories,True Scary Stories,Location
location_dibbukbox,dibbuk box,Location
location_dibbuks,dibbuks,Location
location_realworldcreepy,real-world creepy,Location
story_imavigilanteonlinepredatorhunter,I’m a Vigilante Online Predator Hunter,Story
location_illegalactivities,illegal activities,Location
location_pedophiles,pedophiles,Location
location_pedophilia,pedophilia,Location
location_vigilantes,vigilantes,Location
story_thewitchofarlenafalls,The Witch of Arlena Falls,Story
location_lockdowns,lockdowns,Location
location_scyoung,s.c. young,Location
location_schoollockdowns,school lockdowns,Location
story_ivisitedthesevengatesofhell,I Visited the Seven Gates of Hell,Story
location_bpwrites,bpwrites,Location
story_lightsoutabeginnersguidetoplaying,Lights Out: A Beginner’s Guide to Playing,Story
story_secondhand,Second Hand,Story
story_thepainting,The Painting,Story
story_mermaid,Mermaid,Story
story_panicbutton,Panic Button,Story
story_higherpowers,Higher Powers,Story
story_candlecovedayofthedead,Candle Cove: Day of the Dead,Story
story_lastofthesparks,Last Of The Sparks,Story
story_talesofthecitypartthreeschism,"Tales of the City, Part Three : Schism",Story
story_yellowrainfever,Yellow Rain Fever,Story
story_annie,Annie,Story
story_thewashdaydemon,The Washday Demon,Story
story_origin,Origin,Story
story_thekindnessofstrangers,The Kindness of Strangers,Story
story_tapping,Tapping,Story
story_thetownhouseinwaterloo,The Townhouse in Waterloo,Story
story_thesmilingowl,The Smiling Owl,Story
story_theringing,The Ringing,Story
story_mydogdreamsaboutmydeath,My Dog Dreams About My Death,Story
location_armageddon,armageddon,Location
location_dogs,dogs,Location
location_endoftheworld,end of the world,Location
location_mindreading,mind reading,Location
location_pets,pets,Location
location_richardsaxon,richard saxon,Location
story_inourtown,In Our Town,Story
location_maddiekatepleasewait,maddie kateplease wait...,Location
story_toby,Toby,Story
location_bigfoot,bigfoot,Location
location_craigwaltman,craig waltman,Location
location_ireland,ireland,Location
location_irish,irish,Location
location_sasquatch,sasquatch,Location
location_scottish,scottish,Location
story_noendhouse,NoEnd House,Story
location_brianrussell,brian russell,Location
location_challenges,challenges,Location
location_houses,houses,Location
location_noendhouse,no end house,Location
location_noendhousemovie,no end house movie,Location
location_noendhousechannelzero,noend house channel zero,Location
location_noendhousecreepypasta,noend house creepypasta,Location
location_noendhouseseries,noend house series,Location
location_puzzles,puzzles,Location
story_mrghost,Mr. Ghost,Story
location_spiritspleasewait,spiritsplease wait...,Location
story_asunsetintexas,A Sunset in Texas,Story
story_fireandice,Fire and Ice,Story
location_adamaelovelace,ada mae lovelace,Location
story_myriadboardwalk,Myriad Boardwalk,Story
story_thereappearanceofcarriemae,The Reappearance of Carrie Mae,Story
story_dontpeek,Don’t Peek,Story
story_ifoundhislastpost,I Found His Last Post,Story
story_ashen,Ashen,Story
story_metroid2secretworlds,Metroid 2: Secret Worlds,Story
location_metroid,metroid,Location
story_talesofthecitypartfourthelaststop,"Tales of the City, Part Four: The Last Stop",Story
location_talesofthecityseriespleasewait,tales of the city seriesplease wait...,Location
story_ifyoulostalovedone,If You Lost a Loved One,Story
story_train,Train,Story
story_inthebayou,In the Bayou,Story
location_isolation,isolation,Location
location_nihilist,nihilist,Location
story_kisaragistation,Kisaragi Station,Story
story_theclosestenemy,The Closest Enemy,Story
story_onemorefortheorphan,One More For The Orphan,Story
story_thethingthatwillkillme,The Thing That Will Kill Me,Story
location_fortunetelllers,fortune telllers,Location
location_mediums,mediums,Location
location_threats,threats,Location
story_themanwhocheatedthedevil,The Man Who Cheated the Devil,Story
story_thebottomoftheninth,The Bottom of the Ninth,Story
location_baseball,baseball,Location
story_thepsychopath,The Psychopath,Story
location_makeup,make-up,Location
story_thecurse,The Curse,Story
story_thechimneyman,The Chimney Man,Story
location_penphantom13,pen_phantom13,Location
story_lucidparadise,Lucid Paradise,Story
story_thewarning,The Warning,Story
story_helllivesinside,Hell Lives Inside,Story
location_danielleelizabeth,danielle elizabeth,Location
story_thestoryofherholdinganorangepartfour,The Story of Her Holding an Orange: Part Four,Story
story_charlotte,Charlotte,Story
story_raincoat,Raincoat,Story
story_everythingwillbeokay,Everything Will Be Okay,Story
story_towerofsilence,Tower of Silence,Story
story_achildseyes,A Child’s Eyes,Story
story_theredwristband,The Red Wristband,Story
story_jesuscamp,Jesus Camp,Story
location_biblecamp,bible camp,Location
location_dustinchisam,dustin chisam,Location
location_rachelrouton,rachel routon,Location
location_summercamps,summer camps,Location
story_wherethebircheslean,Where the Birches Lean,Story
location_clmclendon,c.l. mclendon,Location
location_l0cked334,l0cked334,Location
location_nsfw,nsfw,Location
story_someonehasmadeitanannualtraditiontoamputateapartofmybody,Someone Has Made It An Annual Tradition to Amputate a Part of My Body,Story
location_amputations,amputations,Location
location_bodilyharm,bodily harm,Location
location_eigengraulogy,eigengraulogy,Location
location_traditions,traditions,Location
story_roommates,Roommates,Story
location_crazy,crazy,Location
story_ididnthaveavoiceuntilyoureadthis,I Didn’t Have a Voice Until You Read This,Story
story_theremover,The Remover,Story
story_notafraidofthedark,Not Afraid of the Dark,Story
story_mylastmeal,My Last Meal,Story
story_theroomstoryoneremember,"The Room, Story One: Remember",Story
story_thecrawlinghouseonblackpondroad,The Crawling House On Black Pond Road,Story
story_talesofthecitypartsixburntofferings,"Tales of the City, Part Six: Burnt Offerings",Story
story_thestoryofherholdinganorangepartfive,The Story of Her Holding an Orange: Part Five,Story
story_willyousleeptonight,Will You Sleep Tonight?,Story
story_jesus20,Jesus 2.0,Story
location_atheism,atheism,Location
location_heavensville,heavensville,Location
location_jesus,jesus,Location
location_lucifer,lucifer,Location
location_luciferians,luciferians,Location
location_sandravarela,sandra varela,Location
location_satanists,satanists,Location
story_noeyesnotonguenofingertips,"No Eyes, No Tongue, No Fingertips",Story
location_deformities,deformities,Location
location_mother,mother,Location
location_strangepleasewait,strangeplease wait...,Location
story_iremembersmugglerscreek,I Remember Smuggler’s Creek,Story
story_redlights,Red Lights,Story
story_witch,Witch,Story
story_themindgame,The Mind Game,Story
story_thedarknessoffarside,The Darkness of Farside,Story
story_somethingwasinmykitchenlastnight,Something Was in My Kitchen Last Night,Story
story_chefthegriller,Chef the Griller,Story
story_thegodmachineprologue,The God Machine (Prologue),Story
story_evaporation,Evaporation,Story
story_theresagiantpersoninthesky,There’s a Giant Person in the Sky,Story
location_agents,agents,Location
location_apocalypse,apocalypse,Location
location_cosmichorror,cosmic horror,Location
location_giants,giants,Location
location_governmentagencies,government agencies,Location
location_governmentagents,government agents,Location
location_rosstyson,ross tyson,Location
story_alive,Alive,Story
location_nikolajjanushev,nikolaj janushev,Location
story_mylocalcostcohasasecretbasement,My Local Costco Has a Secret Basement,Story
location_costco,costco,Location
location_cult,cult,Location
location_retail,retail,Location
story_anotherfairytale,Another Fairy Tale,Story
location_fairytale,fairy tale,Location
story_cruncheduppaperhouse,Crunched Up Paper House,Story
location_ullahshy,ullahshy,Location
story_thebus,The Bus,Story
story_thethingisawthedaymyfrienddied,The Thing I Saw the Day My Friend Died,Story
location_nightsecurity,night security,Location
location_sethraziel,seth raziel,Location
story_hellstrickster,Hell’s Trickster,Story
story_onthebus,On the Bus,Story
story_thewandererofblazes,The Wanderer of Blazes,Story
story_inthewall,In the Wall,Story
story_adreamcometrue,A Dream Come True,Story
story_iamsam,I Am Sam,Story
story_trickortreat,Trick or Treat,Story
location_justineanastasia,justine anastasia,Location
location_trickortreatingpleasewait,trick-or-treatingplease wait...,Location
story_theditch,The Ditch,Story
story_theoneaboutthepizzaguy,The One About The Pizza Guy,Story
story_payingitforward,Paying It Forward,Story
story_redpopsicles,Red Popsicles,Story
location_wankershim,wankershim,Location
story_thebirdsaresinging,The Birds Are Singing,Story
story_theoldmillofplayland,The Old Mill of Playland,Story
story_silenceintherain,Silence in the Rain,Story
location_slendermanpleasewait,slendermanplease wait...,Location
story_vitreous,Vitreous,Story
story_kerberos,Kerberos,Story
story_silence,Silence,Story
story_idontsleepanymore,I Don’t Sleep Anymore,Story
story_thegungame,The Gun Game,Story
story_buttonday,Button Day,Story
story_thedebtcollector,The Debt Collector,Story
location_scarypeople,scary people,Location
location_scaryperson,scary person,Location
location_uberpleasewait,uberplease wait...,Location
story_acurefortrauma,A Cure for Trauma,Story
story_appalachiaparttwo,Appalachia – Part Two,Story
location_appalachia,appalachia,Location
story_inthedark,In the Dark,Story
story_deathgavemeachoice,Death Gave Me a Choice,Story
story_thejoysofcatownership,The Joys of Cat Ownership,Story
story_donteverletthemin,Don’t Ever Let Them In,Story
story_icantsaythatimproud,I Can’t Say That I’m Proud,Story
story_themostbeautifulcreature,The Most Beautiful Creature,Story
story_broadcastinterruption,Broadcast Interruption,Story
story_tiredeyes,Tired Eyes,Story
story_theprincesfreshstart,The Prince’s Fresh Start,Story
story_notes,Notes,Story
story_thegpsgame,The GPS Game,Story
location_batteredgrove,battered grove,Location
location_gpsgame,gps game,Location
location_guide,guide,Location
location_howto,how to,Location
location_town,town,Location
story_thesiegeofinnsmouth,The Siege of Innsmouth,Story
location_artyomdereschuk,artyom dereschuk,Location
location_battles,battles,Location
location_warspleasewait,warsplease wait...,Location
story_oldmanwinter,Old Man Winter,Story
location_doctors,doctors,Location
location_jeffreyebright,jeffrey ebright,Location
location_patients,patients,Location
location_punishments,punishments,Location
location_santa,santa,Location
location_santaclaus,santa claus,Location
location_violence,violence,Location
story_neveruseavoicerecorderwhileyousleep,Never Use a Voice Recorder While You Sleep,Story
location_attic,attic,Location
location_basement,basement,Location
location_voicerecorders,voice recorders,Location
story_thequest,The Quest,Story
location_knights,knights,Location
location_medieval,medieval,Location
story_thewhitedoors,The White Doors,Story
story_drag,Drag,Story
location_timothyattewell,timothy attewell,Location
story_thecoralridgebypass,The Coral Ridge Bypass,Story
story_ifeltit,I Felt It,Story
story_themanoneasterisland,The Man on Easter Island,Story
story_drewersinn,Drewer’s Inn,Story
story_thecurlingflames,The Curling Flames,Story
story_jvk1166zesp,Jvk1166z.esp,Story
story_thefirstadmissionsoftheeye,The First Admissions Of The Eye,Story
story_stalked,Stalked,Story
story_hewaitsforyou,He Waits for You,Story
story_sleepparalysis,Sleep Paralysis,Story
story_blacksap,Black Sap,Story
location_essjay,essjay,Location
location_middleschool,middle school,Location
location_missingchildren,missing children,Location
story_itwasntareindeer,It Wasn’t a Reindeer,Story
location_automobiles,automobiles,Location
location_reindeer,reindeer,Location
location_roadtrips,road trips,Location
story_itescapedimsosorry,"It Escaped, I’m So Sorry",Story
location_basements,basements,Location
location_harrisonprince,harrison prince,Location
story_thepocketwatch,The Pocket Watch,Story
location_ckwalker,c.k. walker,Location
location_hunger,hunger,Location
location_rebeccaklingel,rebecca klingel,Location
location_starvation,starvation,Location
location_warpleasewait,warplease wait...,Location
story_thepixies,The Pixies,Story
location_dawnmarks,dawn marks,Location
story_fivedayfivenights,Five Day. Five Nights,Story
story_mistakes,Mistakes,Story
story_theantiguangiant,The Antiguan Giant,Story
story_thewavinggirl,The Waving Girl,Story
location_mattdeeping,matt deeping,Location
story_ibelieveintheone,I Believe in the One,Story
location_icantbreatheanymore0,icantbreatheanymore0,Location
location_lgbt,lgbt,Location
location_lgbtqia,lgbtqia,Location
story_gameoftheshadowman,Game of the Shadow Man,Story
location_figure,figure,Location
location_name,name,Location
location_steps,steps,Location
story_scarecrows,Scarecrows,Story
location_cornfields,cornfields,Location
location_darkhumor,dark humor,Location
location_funny,funny,Location
location_ramsesthepigeon,ramsesthepigeon,Location
location_scarecrows,scarecrows,Location
story_casefilesmilerman,Case File: Smiler Man,Story
story_theriver,The River,Story
story_thedancer,The Dancer,Story
story_itsthelittlethings,It’s the Little Things,Story
story_clouds,Clouds,Story
story_thestalker,The Stalker,Story
story_recipe,Recipe,Story
story_thegiftofsight,The Gift of Sight,Story
story_sauin,Sauin,Story
story_theboogeyman,The Boogey Man,Story
story_chosen,Chosen,Story
story_comesthetest,Comes the Test,Story
story_suit,Suit,Story
story_myairpodsmaketerrifyingsounds,My AirPods Make Terrifying Sounds,Story
story_mymomkidnappedmeandionlyfoundoutwhenshedied,"My Mom Kidnapped Me, and I Only Found Out When She Died",Story
location_dontturnaround,dont turn around,Location
story_daddysgirl,Daddy’s Girl,Story
location_andrewpendragon,andrew pendragon,Location
story_kelpie,Kelpie,Story
story_mrteeth,Mr. Teeth,Story
story_yodudedoyouownadog,"Yo, Dude, Do You Own a Dog?",Story
location_ellenmeanie,ellen meanie,Location
story_dontletthisbeyou,Don’t Let This Be You,Story
location_hikarishimizu,hikari shimizu,Location
story_willowmen,Willow Men,Story
story_lamuertablanca,La Muerta Blanca,Story
story_mywifehasaremovableface,My Wife Has a Removable Face,Story
location_nslewis,n.s. lewis,Location
story_thehoneymoon,The Honeymoon,Story
location_brandonfaircloth,brandon faircloth,Location
location_verastahl,verastahl,Location
story_theaccident,The Accident,Story
story_haggardspeak,Haggard’s Peak,Story
story_familysecrets,Family Secrets,Story
story_asoftwhiteglow,A Soft White Glow,Story
story_thehousethatdeathforgot,The House that Death Forgot,Story
story_thewindow,The Window,Story
story_greenvalleyalarms,Green Valley Alarms,Story
story_daycare,Daycare,Story
location_childcare,childcare,Location
location_daycares,daycares,Location
story_thetwistaparody,The Twist: A Parody,Story
story_passiton,Pass It On,Story
story_abeginnersguidetobloodportals,A Beginner’s Guide to Blood Portals,Story
location_michaelsquid,michael squid,Location
location_paralleldimensions,parallel dimensions,Location
story_dontwearcontactsmadebynewlifevision,Don’t Wear Contacts Made by NewLife Vision,Story
location_enitities,enitities,Location
location_eyes,eyes,Location
story_icantastedeath,I Can Taste Death,Story
location_superpowerspleasewait,superpowersplease wait...,Location
story_youhumansareterrifying,You Humans Are Terrifying,Story
location_aslowe,a.s. lowe,Location
location_medications,medications,Location
location_psychiatrypleasewait,psychiatryplease wait...,Location
story_fathercookepart2iwanttoholdyourhand,Father Cooke: Part 2 – I Want to Hold Your Hand,Story
location_luciferian,luciferian,Location
location_satanic,satanic,Location
location_summonings,summonings,Location
story_motherearth,Mother Earth,Story
story_everybeastmaybeconquered,Every Beast May Be Conquered,Story
story_thekidsnextdoor,The Kids Next Door,Story
story_teenagers,Teenagers,Story
story_avoiceinthedark,A Voice in the Dark,Story
story_whathappenedtoella,What Happened to Ella,Story
story_oneisolatedincident,One Isolated Incident,Story
story_alltheswansaregone,All The Swans Are Gone,Story
story_fullcircle,Full Circle,Story
story_theunder,The Under,Story
story_thenightwire,The Night Wire,Story
story_thephotographpile,The Photograph Pile,Story
story_thesmilingmaninblack,The Smiling Man In Black,Story
story_downhere,Down Here,Story
story_elfonashelfwithaknife,Elf on a Shelf (with a Knife),Story
story_aboxofdesires,A Box of Desires,Story
story_areyoustillthere,Are You Still There?,Story
story_doppelgngerritualiv,Doppelgänger Ritual IV,Story
story_huntsvillecampingtrip,Huntsville Camping Trip,Story
story_ifyoucantseeit,If You Can’t See It,Story
location_brothers,brothers,Location
location_family,family,Location
location_haiti,haiti,Location
story_behomebymidnightonhalloweennight,Be Home by Midnight on Halloween Night,Story
story_whyihatelightningmcqueen,Why I Hate Lightning McQueen,Story
location_vehicles,vehicles,Location
story_youreaguardiannotakiller,"You’re a Guardian, Not a Killer",Story
location_deities,deities,Location
location_destiny,destiny,Location
location_fate,fate,Location
location_gods,gods,Location
location_greekmythology,greek mythology,Location
location_greekmyths,greek myths,Location
location_libraries,libraries,Location
location_poloniumpoisoning,polonium poisoning,Location
location_thamiresluppi,thamires luppi,Location
story_theressomethingseriouslymessedupwithmynewtv,There’s Something Seriously Messed Up With My New TV,Story
location_thaddeusjames,thaddeus james,Location
story_fathersday,Father’s Day,Story
location_psychologicalhorrorpleasewait,psychological horrorplease wait...,Location
story_howluckyiwas,How Lucky I Was,Story
story_knockoff,Knock-off,Story
story_thenightlights,The Night Lights,Story
story_rosehillplace,Rose Hill Place,Story
story_thegoodpeople,The Good People,Story
story_eveningroutine,Evening Routine,Story
location_sangth,sangth,Location
story_poisonedoak,Poisoned Oak,Story
location_thepoisonedoakseries,the poisoned oak series,Location
story_hesees,He Sees,Story
story_mommycani,"Mommy, Can I?",Story
story_slenderman,Slender Man,Story
location_slendermancreepypasta,slender man creepypasta,Location
location_slendermancreepypastastory,slender man creepypasta story,Location
location_slendermanoriginalstory,slender man original story,Location
story_perfectown,Perfectown,Story
story_thegirlinthepicture,The Girl In The Picture,Story
story_thehappeningofcrossroads,The Happening of Crossroads,Story
location_davidclark,david clark,Location
location_outerspace,outer space,Location
story_whatstory,What Story?,Story
story_theyellowwalls,The Yellow Walls,Story
story_rosepart2,Rose – Part 2,Story
story_mydogwontstopstaring,My Dog Won’t Stop Staring,Story
story_unknownvariables,Unknown Variables,Story
story_lossalive,Loss Alive,Story
story_onewaydoors,One-Way Doors,Story
story_branchesinthewind,Branches in the Wind,Story
story_tormented,Tormented,Story
story_chickendinner,Chicken Dinner,Story
story_barricade,Barricade,Story
story_theletters,The Letters,Story
story_astrangedevice,A Strange Device,Story
location_code,code,Location
location_coding,coding,Location
story_youcanttrusteveryone,You Can’t Trust Everyone,Story
location_creepypastaoriginstories,creepypasta origin stories,Location
location_cultists,cultists,Location
location_famouscreepypastas,famous creepypastas,Location
location_lostwight,lostwight,Location
location_masks,masks,Location
location_originstories,origin stories,Location
story_fathercookepart3ahollyjollychristmas,Father Cooke: Part 3 – A Holly Jolly Christmas,Story
location_samhain,samhain,Location
story_betterwatchoutbetternotcry,"Better Watch Out, Better Not Cry",Story
location_animatronic,animatronic,Location
location_animatronics,animatronics,Location
story_underneathreality,Underneath Reality,Story
story_themailman,The Mail Man,Story
story_skyrimssecret,Skyrim’s Secret,Story
story_themistake,The Mistake,Story
story_bunkbed,Bunk Bed,Story
story_warofthedead,War of the Dead,Story
location_warofthedeadtrilogypleasewait,war of the dead trilogyplease wait...,Location
story_special,Special,Story
story_helpus,Help Us,Story
story_theneverendingroad,The Never Ending Road,Story
story_thewomanintheoven,The Woman in the Oven,Story
story_ifoundamaskinthebasement,I Found a Mask in the Basement,Story
location_nathaniellewis,nathaniel lewis,Location
story_ifoundaseriesofvideotapesinmybasement,I Found a Series of Video Tapes in My Basement,Story
location_discoveries,discoveries,Location
location_foundfootage,found footage,Location
location_liquiddookie,liquid_dookie,Location
location_losttapes,lost tapes,Location
story_understandingthelawsofthermodynamics,Understanding the Laws of Thermodynamics,Story
location_scottsavino,scott savino,Location
location_suicidespleasewait,suicidesplease wait...,Location
story_lostinthesnowkatesstory,Lost in the Snow (Kate’s Story),Story
story_boarding,Boarding,Story
story_theycanhearyou,They Can Hear You,Story
story_thingsthatgobumpinthenight,Things That Go Bump in the Night,Story
story_slendertwilightthenaughtyversion,Slender Twilight: The “Naughty” Version,Story
story_jeffthekillerversusslenderman,Jeff the Killer versus Slenderman,Story
story_amysteriouselevatortookmetoahiddenfloor,A Mysterious Elevator Took Me To a Hidden Floor,Story
location_elevator,elevator,Location
location_hotel,hotel,Location
story_thebookoftheravenous,The Book of the Ravenous,Story
location_book,book,Location
location_chef,chef,Location
location_cook,cook,Location
location_cookbook,cookbook,Location
location_cooking,cooking,Location
location_meat,meat,Location
location_williambuckley,william buckley,Location
story_lostreflection,Lost Reflection,Story
story_thehouseonfirststreet,The House on First Street,Story
story_lakewonapango,Lake Wonapango,Story
story_ymirsget,Ymir’s Get,Story
story_ltabak,Líta á Bak,Story
story_hope,Hope,Story
story_theangel,The Angel,Story
story_letsallgotothecarnival,Let’s All Go To the Carnival,Story
location_carnivals,carnivals,Location
location_jrtmcmahon,jrt mcmahon,Location
story_thedoomtowerexperiments,The Doom Tower Experiments,Story
location_armies,armies,Location
location_coldwar,cold war,Location
location_militaries,militaries,Location
location_militarybases,military bases,Location
location_missiles,missiles,Location
location_nuclearweapons,nuclear weapons,Location
location_wisconsin,wisconsin,Location
location_worldwarii,world war ii,Location
story_heavensville,Heavensville,Story
story_itcomesatnight,It Comes at Night,Story
story_thegreatandpowerfuloz,The Great and Powerful Oz,Story
story_outsidelights,Outside Lights,Story
location_nelsonsmith,nelson smith,Location
story_iamtheone,I Am The One,Story
story_sister,Sister,Story
story_thepass,The Pass,Story
story_downthestairs,Down The Stairs,Story
story_theritual,The Ritual,Story
story_thememeticsymbol,The Memetic Symbol,Story
story_obeythepattern,Obey the Pattern,Story
location_srunderschultz,s.r. underschultz,Location
story_wildlingfever,Wildling Fever,Story
story_hospitalhill,Hospital Hill,Story
location_connorscott,connor scott,Location
location_insaneasylums,insane asylums,Location
story_thetowerabiding,The Tower Abiding,Story
story_continuewatching,Continue Watching,Story
story_wannaplay,Wanna Play?,Story
story_twodoubleas,Two Double A’s,Story
story_younglove,Young Love,Story
story_thesilhouette,The Silhouette,Story
story_theduxburychronicles,The Duxbury Chronicles,Story
location_chrissecor,chris secor,Location
location_lebooski,lebooski,Location
story_amileabovehell,A Mile Above Hell,Story
story_dontansweryourcellphonewhiledriving,Don’t Answer Your Cell Phone While Driving,Story
story_wellwater,Well Water,Story
story_ouija,Ouija,Story
story_dontknockback,Don’t Knock Back,Story
story_humpermonkeysghoststory,Humper Monkey’s Ghost Story,Story
story_thetheater,The Theater,Story
location_theaters,theaters,Location
story_sallyplaywithme,Sally (Play With Me),Story
location_lamishimish,la-mishi-mish,Location
location_sally,sally,Location
location_sallywilliams,sally williams,Location
location_shilorose,shilo rose,Location
story_thedoorsofstone,The Doors of Stone,Story
story_thecarnivaloflights,The Carnival of Lights,Story
story_themirrorgame,The Mirror Game,Story
story_funland,Funland,Story
location_daronsilvers,daron silvers,Location
story_astudyinfear,A Study In Fear,Story
story_themaid,The Maid,Story
story_coldblood,Cold Blood,Story
story_becareful,Be Careful,Story
story_yourenotscaredright,"You’re Not Scared, Right?",Story
story_infromthecold,In From The Cold,Story
story_anappleadaykeepsthedoctoraway,An Apple A Day Keeps The Doctor Away,Story
story_toysintheattic,Toys in the Attic,Story
location_innocence,innocence,Location
location_natejay82,natejay82,Location
story_1999creepypasta,1999 – Creepypasta,Story
location_1999creepypasta,1999 creepypasta,Location
location_1999originalstory,1999 original story,Location
location_1999story,1999 story,Location
location_caledonlocal21,caledon local 21,Location
location_camdenlamont,camden lamont,Location
location_mrbear,mr. bear,Location
location_mrbearoriginstory,mr. bear origin story,Location
location_pedos,pedos,Location
location_publictelevision,public television,Location
story_robertthedoll,Robert the Doll,Story
location_truestories,true stories,Location
story_bloodtrails,Blood Trails,Story
location_westerns,westerns,Location
location_wildwest,wild west,Location
story_thecostume,The Costume,Story
location_mickeymouse,mickey mouse,Location
story_thedionaeahouse,The Dionaea House,Story
location_emails,emails,Location
location_ericheisserer,eric heisserer,Location
story_thirstofthedamned,Thirst of the Damned,Story
location_karileighsolomon,kari leigh solomon,Location
story_theoldscratchingpost,The Old Scratching Post,Story
story_jasonlovedtoread,Jason Loved to Read,Story
location_umbrello,umbrello,Location
story_thedreamweaver,The Dream Weaver,Story
story_genevievessmile,Genevieve’s Smile,Story
story_theroad,The Road,Story
story_thisismygoodbye,This is My Goodbye,Story
story_lightsout,Lights Out,Story
story_countryroads,Country Roads,Story
story_listentotheclock,Listen To The Clock,Story
story_thedogslick,The Dog’s Lick,Story
story_ifollowedanangelofdeathandreadherdiary,I Followed An Angel of Death and Read Her Diary,Story
location_diairies,diairies,Location
story_ivebeenstuckinschooldetentionforthreeyears,I’ve Been Stuck in School Detention for Three Years,Story
location_highschool,high school,Location
story_mygrandmotherwasmurderedforateaset,My Grandmother Was Murdered For a Tea Set,Story
location_micahedwardspleasewait,micah edwardsplease wait...,Location
story_gooddog,Good Dog,Story
location_bully,bully,Location
location_teenangstpleasewait,teen angstplease wait...,Location
story_theashwoodkidsarentallowedoutside,The Ashwood Kids Aren’t Allowed Outside,Story
story_scabdog,Scab Dog,Story
story_bewareofthosewhowoulddoyouharm,Beware of Those Who Would Do You Harm,Story
location_angelrocket,angel rocket,Location
location_romance,romance,Location
story_playtowin,Play to Win,Story
story_guestsinourhome,Guests In Our Home,Story
story_susan,Susan,Story
story_hellathighaltitude,Hell at High Altitude,Story
story_suicidemouseavi,Suicidemouse.avi,Story
story_thehaunterofthering,The Haunter of the Ring,Story
location_blackmagic,black magic,Location
location_occultism,occultism,Location
location_robertehoward,robert e. howard,Location
story_lapse,Lapse,Story
story_thetallmanofbriarbellmissouri,"The Tall Man of Briarbell, Missouri",Story
location_tallman,tall man,Location
story_killerlook,Killer Look,Story
story_dreamhouse,Dream House,Story
story_lordoflies,Lord of Lies,Story
story_shadowsofshallowbrookethesingingofcrows,Shadows of Shallowbrooke – The Singing of Crows,Story
location_catcid,catcid,Location
location_shadowsofshallowbrookeseries,shadows of shallowbrooke series,Location
story_atanyprice,At Any Price,Story
story_encounter,Encounter,Story
story_room1c,Room 1C,Story
story_rev68,Rev. 6:8,Story
story_abomination,Abomination,Story
story_timeout,Timeout,Story
story_willowlake,Willow Lake,Story
story_ce6,CE-6,Story
story_thecabinet,The Cabinet,Story
story_thetrunk,The Trunk,Story
location_antiques,antiques,Location
location_decorations,decorations,Location
location_dybbukbox,dybbuk box,Location
location_dybbuks,dybbuks,Location
location_halloweendecorations,halloween decorations,Location
location_hauntedartifacts,haunted artifacts,Location
location_jmcennamo,j.m. cennamo,Location
location_jewish,jewish,Location
location_jewishfolklore,jewish folklore,Location
location_nazis,nazis,Location
story_imnotmyselfthesedays,I’m Not Myself These Days,Story
story_whyillnevertryvirtualrealityagain,Why I’ll Never Try Virtual Reality Again,Story
story_afterhours,After Hours,Story
story_tothemoon,To The Moon,Story
location_johnathannash,johnathan nash,Location
story_theghostofyou,The Ghost of You,Story
story_thefiveofthem,The Five Of Them,Story
story_thestarvationofangels,The Starvation of Angels,Story
location_emthesmall,emthesmall,Location
location_obsoletegoat,obsoletegoat,Location
story_thefateworsethandeath,The Fate Worse Than Death,Story
story_thearcade,The Arcade,Story
story_blackout,Blackout,Story
story_fuzzy,Fuzzy,Story
story_miraclecityiiithedoomedjourney,Miracle City III: The Doomed Journey,Story
location_miraclecityseries,miracle city series,Location
story_friendsforever,Friends Forever,Story
story_whyheweeps,Why He Weeps,Story
story_mygrandmotherleftbehindsomereallydarksecrets,My Grandmother Left Behind Some Really Dark Secrets,Story
location_evelynbertrand,evelyn bertrand,Location
story_pickmansmodel,Pickman’s Model,Story
location_boston,boston,Location
location_hplovecraft,h.p. lovecraft,Location
location_massachusetts,massachusetts,Location
location_secrets,secrets,Location
story_adayatthepark,A Day at the Park,Story
location_dangerousstrangers,dangerous strangers,Location
location_sisters,sisters,Location
location_strangerdangerpleasewait,stranger dangerplease wait...,Location
story_vilification,Vilification,Story
story_appalachiapartone,Appalachia – Part One,Story
story_ascarecrowforgod,A Scarecrow For God,Story
story_illneverworkaclosingshiftagain,I’ll Never Work a Closing Shift Again,Story
story_sixprettypetals,Six Pretty Petals,Story
location_robenichols,rob e. nichols,Location
story_thedevilscosmonaut,The Devil’s Cosmonaut,Story
story_somethingelse,Something Else,Story
story_pop0,Pop. 0,Story
location_jfaunch,j.faunch,Location
story_thedemonbutcherofpalospark,The Demon Butcher of Palos Park,Story
story_lullabyrockacandlecovememoir,Lullaby Rock: A Candle Cove Memoir,Story
story_thanks,Thanks,Story
story_theblueman,The Blue Man,Story
story_thetruthbehindthemandelaeffect,The Truth Behind the Mandela Effect,Story
location_confabulation,confabulation,Location
location_jdelaney,j. delaney,Location
story_thechurchinthewoods,The Church in the Woods,Story
location_vngelwpleasewait,vngel w.please wait...,Location
story_theawfulthingwedidtoeliza,The Awful Thing We Did to Eliza,Story
location_funerals,funerals,Location
location_grief,grief,Location
location_photographs,photographs,Location
location_photography,photography,Location
location_photos,photos,Location
location_portraits,portraits,Location
location_siblings,siblings,Location
location_sisterspleasewait,sistersplease wait...,Location
story_howdoyouproveyouarealive,How Do You Prove You Are Alive?,Story
location_adamdavies,adam davies,Location
location_living,living,Location
story_fangofthemountain,Fang of the Mountain,Story
location_werewolvespleasewait,werewolvesplease wait...,Location
story_stattencreadythefear,Statten Cready & the Fear,Story
story_abbadellisfamilyvilla,Abbadelli’s Family Villa,Story
story_therearecruelandfearsomethingsthatprowltheopenocean,There are Cruel and Fearsome Things That Prowl the Open Ocean,Story
story_casereport7591,Case Report 7591,Story
location_locationsandsitespleasewait,Locations and SitesPlease wait...,Location
story_logicalexplanations,Logical Explanations,Story
story_ojosblancos,Ojos Blancos,Story
story_donttell,Don’t Tell,Story
story_thecampustour,The Campus Tour,Story
story_yateveo,Ya-Te-Veo,Story
story_thetextmessage,The Text Message,Story
story_wherebadkidsgo,Where Bad Kids Go,Story
location_lebanon,lebanon,Location
location_propaganda,propaganda,Location
location_trauma,trauma,Location
story_themannequinfarm,The Mannequin Farm,Story
location_abandoned,abandoned,Location
location_gothic,gothic,Location
location_mannequin,mannequin,Location
location_shadowsinthelight23,shadowsinthelight23,Location
story_thecrimsonmansion,The Crimson Mansion,Story
location_mansions,mansions,Location
location_mxxny,mxxny,Location
story_madeofwax,Made of Wax,Story
story_missdelsy,Miss Delsy,Story
story_lazysaturdaynight,Lazy Saturday Night,Story
story_thegirlinthewindow,The Girl in the Window,Story
story_childofgod,Child of God,Story
story_imsureyouunderstand,I’m Sure You Understand,Story
story_nyx,Nyx,Story
location_emiliemagnus,emilie magnus,Location
story_viledesigns,Vile Designs,Story
story_keeperofeternity,Keeper of Eternity,Story
location_theholders,the holders,Location
story_wrappedinribbon,Wrapped in Ribbon,Story
location_queenofthemoths,queen of the moths,Location
story_myoldhomevideosshowedmealifeineverlived,My Old Home Videos Showed Me a Life I Never Lived,Story
location_alternatedimensions,alternate dimensions,Location
location_homemovies,home movies,Location
location_homevideos,home videos,Location
location_videos,videos,Location
story_inevershouldhavecuredmytinnitus,I Never Should Have Cured My Tinnitus,Story
location_apartments,apartments,Location
location_healthconditions,health conditions,Location
location_hearing,hearing,Location
location_medicalconditions,medical conditions,Location
location_tinnitus,tinnitus,Location
location_whispers,whispers,Location
story_ivealwayshateddolls,I’ve Always Hated Dolls,Story
story_thevintagecarousel,The Vintage Carousel,Story
location_carnival,carnival,Location
location_carousel,carousel,Location
location_supernaturalpleasewait,supernaturalplease wait...,Location
story_themanwithhandsthatscream,The Man with Hands that Scream,Story
location_strangerpleasewait,strangerplease wait...,Location
story_mylittlesisterhasanunusualtalent,My Little Sister Has An Unusual Talent,Story
location_cardboardpizzas,cardboardpizzas,Location
story_theroadtosarahshouse,The Road to Sarah’s House,Story
story_theheights,The Heights,Story
story_windows,Windows,Story
story_thosefineyounggentlemenparttwocavityjpgbelphegortxt,Those Fine Young Gentlemen – Part Two: Cavity.jpg & Belphegor.txt,Story
location_rabrewster,r.a. brewster,Location
location_thosefineyounggentleman,those fine young gentleman,Location
story_brachscandyfactory,Brach’s Candy Factory,Story
story_thecatinthehatstrikesback,The Cat in the Hat Strikes Back,Story
story_thedivide,The Divide,Story
story_oldnan,Old Nan,Story
story_suits,Suits,Story
story_haveyoueverbeentobunnymanbridge,Have You Ever Been to Bunnyman Bridge?,Story
location_shermansmithpleasewait,sherman smithplease wait...,Location
story_floor48,Floor 48,Story
location_buildings,buildings,Location
location_staircases,staircases,Location
location_stairs,stairs,Location
location_tshaw,t. shaw,Location
story_incide,In-cide,Story
location_trapped,trapped,Location
story_hypnoslullaby,Hypno’s Lullaby,Story
story_graphite,Graphite,Story
location_hullothere,hullothere,Location
location_hypnosis,hypnosis,Location
story_ashadowofmyformerself,A Shadow of My Former Self,Story
location_meganthompson,megan thompson,Location
story_towhomitmayconcern,To Whom It May Concern,Story
story_thehauntedgameboycamera,The Haunted Game Boy Camera,Story
story_syntheticskies,Synthetic Skies,Story
story_iplantodeletemyyoutubechannel,I Plan to Delete My YouTube Channel,Story
location_chloeduchamp,chloe duchamp,Location
location_youtube,youtube,Location
story_thefather,The Father,Story
story_theblindpainter,The Blind Painter,Story
location_mara,mara,Location
story_borndead,Born Dead,Story
story_campslenderwood,Camp Slenderwood,Story
story_thevisions,The Visions,Story
story_ihaveastalkeranditexcitesme,"I Have a Stalker, and It Excites Me",Story
location_thrillerspleasewait,thrillersplease wait...,Location
story_anotherhungrymouth,Another Hungry Mouth,Story
location_babies,babies,Location
location_infant,infant,Location
location_infants,infants,Location
location_pregnancypleasewait,pregnancyplease wait...,Location
story_thebuildinginthewoods,The Building in the Woods,Story
story_livingpicture,Living Picture,Story
location_alien,alien,Location
location_alienencounter,alien encounter,Location
location_dark,dark,Location
location_subways,subways,Location
story_unmarked,Unmarked,Story
location_powerplant,power plant,Location
location_sacrifice,sacrifice,Location
location_underground,underground,Location
story_thegrove,The Grove,Story
story_campingwithblackeyedkids,Camping with Black Eyed Kids,Story
story_undergroundfamilies,Underground Families,Story
story_anencephaly,Anencephaly,Story
story_emptyhouse,Empty House,Story
story_thedevilsmimic,The Devil’s Mimic,Story
story_keepwalking,Keep Walking,Story
story_inthemirror,In The Mirror,Story
story_theragdollritual,The Ragdoll Ritual,Story
location_jacquelinenym,jacqueline nym,Location
location_ouijaboards,ouija boards,Location
story_thelastmanonearth,The Last Man on Earth,Story
story_amazonultra,Amazon Ultra,Story
story_thevessel,The Vessel,Story
location_rdsmithey,r.d. smithey,Location
story_brokenrest,Broken Rest,Story
story_fallfog,Fall Fog,Story
story_fullstop,Full Stop,Story
location_ahriannah,ahriannah,Location
story_zozophenomenon,Zozo Phenomenon,Story
story_imnotscared,I’m Not Scared,Story
story_her,Her,Story
story_donteverstopforthepeopleontheshoulder,Don’t Ever Stop for the People on the Shoulder,Story
location_thomasjsotvedt,thomas j. sotvedt,Location
location_truckdrivers,truck drivers,Location
location_truckerstories,trucker stories,Location
location_truckers,truckers,Location
story_theblueeyedpainting,The Blue Eyed Painting,Story
story_threegoin,Three Go In…,Story
story_thelaststep,The Last Step,Story
story_perfume,Perfume,Story
story_anydayaboveground,Any Day Above Ground,Story
story_redwater,Red Water,Story
story_thedisplacedman,The Displaced Man,Story
story_thevillagesatparkside,The Villages At Parkside,Story
story_thewomaninred,The Woman in Red,Story
story_maternalinstinct,Maternal Instinct,Story
story_alienhandsyndrome,Alien Hand Syndrome,Story
story_slendersamusement,Slender’s Amusement,Story
story_arata,Arata,Story
story_thegreyladyofwestwick,The Grey Lady of Westwick,Story
location_killers,killers,Location
story_stayofftheice,Stay Off the Ice,Story
location_malcolmmacdonald,malcolm macdonald,Location
location_xmaspleasewait,xmasplease wait...,Location
story_whitesale,White Sale,Story
story_roommate,Roommate,Story
story_whenyougoaknocking,When You Go A-Knocking,Story
story_thosefineyounggentlemenpartonecottoneyertf,Those Fine Young Gentlemen – Part One: Cottoneye.rtf,Story
location_thosefineyounggentlemanpleasewait,those fine young gentlemanplease wait...,Location
story_screamoftheend,Scream of the End,Story
story_thecompany,The Company,Story
story_flamesofthepast,Flames of the Past,Story
story_jackhillmysteryofthegameandwatch,Jack Hill – Mystery of the Game and Watch,Story
story_mice,Mice,Story
story_zero,Zero,Story
story_thelateshow,The Late Show,Story
location_aging,aging,Location
location_nursinghomes,nursing homes,Location
location_oldage,old age,Location
story_thesearethelieswetell,These Are the Lies We Tell,Story
story_candles,Candles,Story
story_miraclegirl,Miracle Girl,Story
location_jasongorbel,jason gorbel,Location
location_jewishfolktales,jewish folktales,Location
location_jews,jews,Location
location_revenants,revenants,Location
story_awarningaboutsilence,A Warning About Silence,Story
location_peteroshamseign,peter o’shamseign,Location
story_josephineisdead,Josephine Is Dead,Story
story_thebloodkeeper,The Blood Keeper,Story
location_cemetery,cemetery,Location
location_graveyard,graveyard,Location
story_thisishowtheworldends,This is How the World Ends,Story
story_mariethibodeaux,Marie Thibodeaux,Story
location_septemberderleth,september derleth,Location
story_onfloatingbodies,On Floating Bodies,Story
story_allodoxaphobia,Allodoxaphobia,Story
story_jamieleecurtisandthenighttheyfilmedhalloweenonourstreet,Jamie Lee Curtis and the Night They Filmed Halloween On Our Street,Story
location_alixreeves,alix reeves,Location
location_jamieleecurtis,jamie lee curtis,Location
location_movies,movies,Location
story_renaudherberthansen,Renaud Herbert Hansen,Story
location_crypts,crypts,Location
location_grave,grave,Location
location_mausoleums,mausoleums,Location
story_donteverlookback,Don’t Ever Look Back,Story
location_hazmatguy,hazmatguy,Location
location_instructions,instructions,Location
location_nightshift,night shift,Location
location_rules,rules,Location
story_thestatementofrandolphcarter,The Statement of Randolph Carter,Story
location_lovecraft,lovecraft,Location
story_lydiasbridge,Lydia’s Bridge,Story
location_lydia,lydia,Location
location_lydias,lydias,Location
location_lydiasbridge,lydias-bridge,Location
location_passenger,passenger,Location
location_vanishing,vanishing,Location
story_protecther,Protect Her,Story
story_thegreatescape,The Great Escape,Story
story_maestro,Maestro,Story
story_spiritbottles,Spirit Bottles,Story
story_oldmcdonalds,Old McDonald’s,Story
story_resurrection,Resurrection,Story
story_besidemind,Beside Mind,Story
story_invokingaziuth,Invoking Aziuth,Story
story_whatisdead,What is Dead,Story
story_thegirl,The Girl,Story
story_thesecretfaithofthespiders,The Secret Faith of the Spiders,Story
story_spectrophobia,Spectrophobia,Story
story_diversion,Diversion,Story
location_drelsewhere,dr. elsewhere,Location
story_selfportraitofthedead,Self-Portrait of the Dead,Story
story_youwillpay,You Will Pay,Story
story_razormouth,Razor Mouth,Story
story_thedolls,The Dolls,Story
story_thegalleryofhenribeauchamp,The Gallery of Henri Beauchamp,Story
story_neverstopatroadsidememorials,Never Stop At Roadside Memorials,Story
location_accidents,accidents,Location
location_caraccidents,car accidents,Location
location_childdeaths,child deaths,Location
location_choking,choking,Location
location_injuries,injuries,Location
location_motorvehicles,motor vehicles,Location
location_multiverse,multiverse,Location
location_nmbrown,n.m. brown,Location
location_thefts,thefts,Location
location_thieves,thieves,Location
location_timeloops,time loops,Location
location_toddlers,toddlers,Location
location_vehiclespleasewait,vehiclesplease wait...,Location
story_irememberalice,I Remember Alice,Story
location_memory,memory,Location
story_mrsmile,Mr. Smile,Story
story_thestrangestsecuritytapeiveeverseen,The Strangest Security Tape I’ve Ever Seen,Story
location_arsons,arsons,Location
location_conveniencestores,convenience stores,Location
location_nightshifts,night shifts,Location
location_philzona,phil zona,Location
location_securityfootage,security footage,Location
story_fathercookepart1whydofoolsfallinlove,Father Cooke: Part 1 – Why Do Fools Fall In Love,Story
location_enochian,enochian,Location
location_exorcisms,exorcisms,Location
location_sigils,sigils,Location
story_thespindler,The Spindler,Story
location_ryanbrennamanpleasewait,ryan brennamanplease wait...,Location
story_deepsleep,Deep Sleep,Story
story_amomentofclarity,A Moment of Clarity,Story
story_inthetunnels,In the Tunnels,Story
story_fromthemouthsoflambs,From the Mouths of Lambs,Story
story_knock,Knock,Story
story_dearintheheadlights,Dear in the Headlights,Story
story_thefearexperiment,The Fear Experiment,Story
story_mylastcampingtrip,My Last Camping Trip,Story
location_campers,campers,Location
location_dustinkoski,dustin koski,Location
story_people,People,Story
story_talesofthecitypartoneneighborhoodwatch,"Tales of the City, Part One: Neighborhood Watch",Story
story_themanwithgreeneyes,The Man With Green Eyes,Story
story_heavensherb,Heaven’s Herb,Story
location_ambrosia,ambrosia,Location
location_amrita,amrita,Location
location_marijuana,marijuana,Location
location_nectar,nectar,Location
story_ticktockgoestheclock,Tick Tock Goes the Clock,Story
story_eaten,EaTen,Story
story_thescourge,The Scourge,Story
story_shadowsofbedzin,Shadows of Bedzin,Story
story_seaweed,Seaweed,Story
location_septemberderlethpleasewait,september derlethplease wait...,Location
story_theeternalsuicide,The Eternal Suicide,Story
story_malignant,Malignant,Story
story_poisonedoakthesacredgrove,Poisoned Oak — The Sacred Grove,Story
story_thisman,This Man,Story
story_thetundra,The Tundra,Story
story_thevoice,The Voice,Story
story_waterpuppet,Water Puppet,Story
location_emmafroh,emma froh,Location
location_heroes,heroes,Location
location_traps,traps,Location
story_fathercookepart6dontstopbelieving,Father Cooke: Part 6 – Don’t Stop Believing,Story
story_spearheadunlitfrontier,Spearhead Unlit Frontier,Story
location_deepsea,deep sea,Location
location_marine,marine,Location
location_topsecret,top secret,Location
location_underwater,underwater,Location
story_theprisoners,The Prisoners,Story
story_thepillow,The Pillow,Story
story_feline,Feline,Story
location_derekhawke,derek hawke,Location
story_throughthewoods,Through the Woods,Story
story_theunfamiliar,The Unfamiliar,Story
story_thereissomethinggoingthroughmygarbage,There is Something Going Through my Garbage,Story
story_faceless,Faceless,Story
story_44ashbrookelane,44 Ashbrooke Lane,Story
story_returntofunland,Return to Funland,Story
story_grandpashand,Grandpa’s Hand,Story
story_projecticarus,Project Icarus,Story
story_misanthrope,Misanthrope,Story
story_thecube,The Cube,Story
story_chalk,Chalk,Story
location_sidneycrawlspace,sidney crawlspace,Location
story_thebear,The Bear,Story
story_icannotforgethim,I Cannot Forget Him,Story
story_touristtrap,Tourist Trap,Story
story_awakening,Awakening,Story
story_wakeup,Wake Up?,Story
story_campfirestories,Campfire Stories,Story
location_friends,friends,Location
location_friendship,friendship,Location
location_mythspleasewait,mythsplease wait...,Location
story_neverusecheatcodesonaouijaboard,Never Use Cheat Codes on a Ouija Board,Story
location_cursed,cursed,Location
story_thesignofdragados,The Sign of Dragados,Story
location_thesignofdragados,the sign of dragados,Location
story_imwhereishouldbe,I’m Where I Should Be,Story
location_dating,dating,Location
location_davidtiegen,david tiegen,Location
location_harassment,harassment,Location
location_lake,lake,Location
story_myoldstompinggrounds,My Old Stomping Grounds,Story
story_themanwholookeddown,The Man Who Looked Down,Story
story_knownonlyasit,Known Only As “It”,Story
story_thesoundingofthefifthtrumpet,The Sounding of the Fifth Trumpet,Story
location_fallenangels,fallen angels,Location
story_welcometoiris,Welcome To IRIS,Story
location_benasper,ben asper,Location
story_thebigone,The Big One,Story
location_fishing,fishing,Location
story_spookyhorrorsofthebattlefield,Spooky: Horrors of the Battlefield,Story
story_astoryaboutadog,A Story About A Dog,Story
story_killthekillersparody,Kill the Killers (Parody),Story
story_inbetween,In Between,Story
story_thegermanmedic,The German Medic,Story
story_theasyluminthewoods,The Asylum in the Woods,Story
location_asylum,asylum,Location
location_forest,forest,Location
location_rlrogers,r.l. rogers,Location
story_hospitality,Hospitality,Story
location_bars,bars,Location
location_erikpeabody,erik peabody,Location
location_psychopaths,psychopaths,Location
location_winterpleasewait,winterplease wait...,Location
story_onemanhideandseekhowtoplayhideandseekalone,One-Man Hide and Seek (How to Play Hide and Seek Alone),Story
location_asian,asian,Location
location_saya,saya,Location
location_sayainunderworld,saya in underworld,Location
story_hewontstoptapping,He Won’t Stop Tapping,Story
location_colletteakile,collette akile,Location
story_thepsychicknockgame,The Psychic Knock Game,Story
location_psychicknock,psychic knock,Location
location_psychicknockgame,psychic knock game,Location
location_snapchat,snapchat,Location
story_tunda,Tunda,Story
location_shadowswimmer77,shadowswimmer77,Location
story_theboyonthesteps,The Boy on the Steps,Story
story_theargentinianincident,The Argentinian Incident,Story
story_deprivation,Deprivation,Story
location_emeryy,emeryy,Location
story_thename,The Name,Story
location_candlejack,candlejack,Location
story_stillnessof7he7ru7h,Stillness of 7he 7ru7h,Story
story_thedraft,The Draft,Story
story_holderofsong,Holder of Song,Story
story_itneverends,It Never Ends,Story
story_forgotten,Forgotten,Story
story_comeresurrection,Come Resurrection,Story
story_theagentfrommipa,The Agent from MIPA,Story
story_eternalwoman,Eternal Woman,Story
location_simonsimonianpleasewait,simon simonianplease wait...,Location
story_theforgottenscreams,The Forgotten Screams,Story
story_ichosetosleepthedaysaway,I Chose to Sleep the Days Away,Story
story_therevolvingdoor,The Revolving Door,Story
story_friends,Friends,Story
story_shelullsmetosleep,She Lulls Me to Sleep,Story
story_fightingfate,Fighting Fate,Story
story_ohseedee,Oh See Dee,Story
story_thehunter,The Hunter,Story
location_shogunfish,shogunfish,Location
story_gray,Gray,Story
story_focus,Focus,Story
story_springflu,Spring Flu,Story
location_biologicalweapons,biological weapons,Location
location_emilythurtithrea,emily thurtithrea,Location
location_epidemics,epidemics,Location
location_flu,flu,Location
location_influenza,influenza,Location
location_pandemics,pandemics,Location
location_viruses,viruses,Location
story_imaginaryfriend,Imaginary Friend,Story
location_imaginaryfriends,imaginary friends,Location
story_stayawayfromlakederek,Stay Away From Lake Derek,Story
story_ussfebruary,U.S.S. February,Story
story_theshame,The Shame,Story
story_book1597ofthem,Book 159: 7 of Them,Story
story_bathwater,Bath Water,Story
story_knocktwiceformurder,Knock Twice For Murder,Story
story_thepaleemperor,The Pale Emperor,Story
story_themissiveofjeriahdowd,The Missive of Jeriah Dowd,Story
location_turiya,turiya,Location
story_adangerousman,A Dangerous Man,Story
story_rapture,Rapture,Story
story_thebeastinthewoods,The Beast in the Woods,Story
story_thegodticket,The God Ticket,Story
story_thepowerofgodsiv,The Power of Gods IV,Story
story_holderoftheend,Holder of the End,Story
story_severthecord,Sever The Cord,Story
story_thedoll,The Doll,Story
story_alonelymachine,A Lonely Machine,Story
location_consciousness,consciousness,Location
location_cybernetics,cybernetics,Location
location_futurism,futurism,Location
location_robots,robots,Location
story_patronofthearts,Patron of the Arts,Story
story_shadowsofshallowbrookerenewalofthecircle,Shadows of Shallowbrooke – Renewal of the Circle,Story
story_visionsinthefog,Visions in the Fog,Story
story_thedarkmirrorattheeastmanestate,The Dark Mirror at the Eastman Estate,Story
story_onemile,One Mile,Story
story_undertheblanket,Under The Blanket,Story
story_theboywiththeburnedfingers,The Boy with the Burned Fingers,Story
story_hewhoeats,He Who Eats,Story
story_thedeployment,The Deployment,Story
location_griffincologne,griffin cologne,Location
story_littleglassbox,Little Glass Box,Story
story_whatsinthewoods,What’s in the Woods,Story
story_thepaintinginthemirror,The Painting in the Mirror,Story
story_asailorwithouttwocoins,A Sailor Without Two Coins,Story
story_mystory,My Story,Story
story_youreyesareglowingred,Your Eyes Are Glowing Red,Story
story_joondalup,Joondalup,Story
story_ademonsgame,A Demon’s Game,Story
story_running,Running,Story
story_dontseeit,Don’t See It,Story
story_plotholes,Plot Holes,Story
story_igrewup,I Grew Up,Story
location_recurringdreams,recurring dreams,Location
location_samanthamiyakepleasewait,samantha miyakeplease wait...,Location
story_somethingcomesintomyroomeverynight,Something Comes Into My Room Every Night,Story
location_lighthousehorror,lighthouse horror,Location
location_stephenrgreypleasewait,stephen r. greyplease wait...,Location
story_deadboats,Dead Boats,Story
location_boating,boating,Location
location_fishermen,fishermen,Location
location_jeffhartin,jeff hartin,Location
location_sunkenships,sunken ships,Location
location_waterpleasewait,waterplease wait...,Location
story_lostandfound,Lost and Found,Story
story_thebaptism,The Baptism,Story
location_baptisms,baptisms,Location
location_guilt,guilt,Location
location_micahrodney,micah rodney,Location
location_pastors,pastors,Location
story_crashhand,Crash Hand,Story
location_cesaraugustonunez,cesar augusto nunez,Location
story_thetruckstop,The Truck-stop,Story
location_trappedtruckerpleasewait,trapped truckerplease wait...,Location
story_fee,Fee,Story
story_darkradio,Dark Radio,Story
story_perception,Perception,Story
story_lullaby,Lullaby,Story
story_thecoldman,The Cold Man,Story
story_thekingofworms,The King of Worms,Story
story_routine,Routine,Story
location_creepycomics,creepy comics,Location
story_dreamawake,Dream Awake,Story
story_mirroravenue,Mirror Avenue,Story
story_thepaleface,The Pale Face,Story
story_tacosdevenado,Tacos De Venado,Story
story_carrotsandwhiskey,Carrots and Whiskey,Story
location_holidaytraditions,holiday traditions,Location
location_newsreports,news reports,Location
location_reporters,reporters,Location
location_stevendjackson,steven d. jackson,Location
story_theholydrinker,The Holy Drinker,Story
location_starlessandbibleblackpleasewait,starlessandbibleblackplease wait...,Location
story_itwatchedfromtheroof,It Watched From the Roof,Story
location_roof,roof,Location
story_thelastbodyievercutopen,The Last Body I Ever Cut Open,Story
location_autopsies,autopsies,Location
location_bodies,bodies,Location
location_cadavers,cadavers,Location
location_corpses,corpses,Location
location_morgues,morgues,Location
location_morticians,morticians,Location
location_weird,weird,Location
story_suspiria,Suspiria,Story
story_ssyongala,S.S. Yongala,Story
story_thesilentfilmmuseum,The Silent Film Museum,Story
location_arcticwolf,arcticwolf,Location
location_motionpictures,motion pictures,Location
location_silentfilms,silent films,Location
location_silentmovies,silent movies,Location
story_imetthemonsterinmycloset,I Met the Monster in My Closet,Story
location_boogeyman,boogeyman,Location
location_boogeymen,boogeymen,Location
location_entitites,entitites,Location
location_fzaidi,f. zaidi,Location
story_awaitinginput,Awaiting Input,Story
location_futuristicstories,futuristic stories,Location
location_jacksonbarnard,jackson barnard,Location
story_monsterhuntingandotherinadvisablebehavior,Monster Hunting and Other Inadvisable Behavior,Story
location_pfmcgrail,p.f. mcgrail,Location
story_everyonelovesmytomatoes,Everyone Loves My Tomatoes,Story
story_theoldmastersplace,The Old Masters Place,Story
story_kosciuskotexas,"Kosciusko, Texas",Story
story_ahaunting,A Haunting,Story
story_carnivalburgers,Carnival Burgers,Story
story_homeward,Homeward,Story
story_candlewalker,Candle Walker,Story
location_candlewalker,candlewalker,Location
story_ilikequiet,I Like Quiet,Story
story_mydaddyalwayspickedmeupatthebusstop,My Daddy Always Picked Me Up At the Bus Stop,Story
story_swingaway,Swing Away,Story
location_darkthirdperson,dark thirdperson,Location
story_thetortoise,THeTortOise,Story
story_wherethesnowisntcold,Where The Snow Isn’t Cold,Story
story_somethingiswrong,Something is Wrong,Story
story_blackteeth,Black Teeth,Story
story_thememorycard,The Memory Card,Story
story_deathdreams,Death Dreams,Story
story_justasmallrequest,Just A Small Request,Story
story_tugtugtug,Tug Tug Tug,Story
story_whyidontgotrickortreatinganymore,Why I Don’t Go Trick-or-Treating Anymore,Story
location_candies,candies,Location
location_candy,candy,Location
location_gmontavon,g. montavon,Location
story_northernlights,Northern Lights,Story
location_carbonmonoxide,carbon monoxide,Location
location_hikers,hikers,Location
location_hikes,hikes,Location
location_outdoor,outdoor,Location
location_poxford,p. oxford,Location
location_trips,trips,Location
story_averylonelyroad,A Very Lonely Road,Story
location_college,college,Location
location_jakewiklacz,jake wiklacz,Location
location_parties,parties,Location
story_theemptyapartment,The Empty Apartment,Story
location_mattrichardsen,matt richardsen,Location
story_myroommatejoinedadeepwebcult,My Roommate Joined a Deep Web Cult,Story
story_worldswithoutheroes,Worlds Without Heroes,Story
location_hero,hero,Location
location_johaanalfsen,johaan alfsen,Location
location_superhero,superhero,Location
location_ufo,ufo,Location
location_ufos,ufos,Location
story_thepaindoctor,The Pain Doctor,Story
story_thatdamnbuzzingsound,That Damn Buzzing Sound,Story
story_nightshift,Night Shift,Story
location_teddy,teddy,Location
story_themanintheblackhatandsuspenders,The Man in the Black Hat and Suspenders,Story
story_thesilenceofthenorthwoods,The Silence of the North Woods,Story
location_wendigo,wendigo,Location
location_windigo,windigo,Location
story_reflection,Reflection,Story
story_unrequited,Unrequited,Story
story_solusxisle,SolusXisle,Story
story_ahandsonapproach,A Hands-On Approach,Story
story_imagination,Imagination,Story
story_iknowwhymychildhoodfrienddisappeared,I Know Why My Childhood Friend Disappeared,Story
location_singing,singing,Location
location_smalltowns,small towns,Location
location_songs,songs,Location
story_thegravediggerhadanoddconversation,The Gravedigger Had an Odd Conversation,Story
story_whywefearthedark,Why We Fear the Dark,Story
story_whenmonstersarereal,When Monsters are Real,Story
story_thekhatesekai,The Khatese-Kai,Story
location_twilacheeseborough,twila cheeseborough,Location
story_istherelifeafterdeath,Is There Life After Death?,Story
story_theshadowinthedoorway,The Shadow in the Doorway,Story
story_theirworldwaswhite,Their World Was White,Story
story_thereststop,The Rest Stop,Story
location_theriddickles,theriddickles,Location
story_necromaster,Necromaster,Story
story_thepalechild,The Pale Child,Story
story_awaywiththefairies,Away With the Fairies,Story
story_spare10minuteslivealifetime,Spare 10 Minutes – Live A Lifetime,Story
story_noises,Noises,Story
story_odetotheslenderman,Ode to the Slender-Man,Story
story_theycomehometoroost,They Come Home To Roost,Story
story_abigresponsibility,A Big Responsibility,Story
location_seantfbtivenan,sean tfb tivenan,Location
story_thedarksideofthemouse,The Dark Side of the Mouse,Story
location_emilycburch,emily c. burch,Location
story_biggerfish,Bigger Fish,Story
location_beasts,beasts,Location
location_eldritchvulpine,eldritchvulpine,Location
story_maskingthesmell,Masking the Smell,Story
story_neverscape,Neverscape,Story
story_lighthouse,Lighthouse,Story
story_longhaul,Long Haul,Story
story_thelordofthescarecrows,The Lord of the Scarecrows,Story
story_perchinginthetrees,Perching In the Trees,Story
story_imnotsayingitwasaliens,I’m Not Saying It Was Aliens,Story
story_thelake,The Lake,Story
location_drownings,drownings,Location
location_horses,horses,Location
location_lakes,lakes,Location
location_lunakinesis,lunakinesis,Location
story_fathercookepart4dontdreamitbeit,"Father Cooke: Part 4 – Don’t Dream It, Be It",Story
story_whatifoundwrappedinanolddogfoodbag,What I Found Wrapped in an Old Dog Food Bag,Story
story_bloodinthewater,Blood in the Water,Story
story_childhoodfears,Childhood Fears,Story
story_partycrashing,Party Crashing,Story
story_thepond,The Pond,Story
story_thetealady,The Tea Lady,Story
story_letmein,Let Me In,Story
story_mirror,Mirror,Story
story_locked,Locked,Story
location_breakins,break-ins,Location
location_connorschmehl,connor schmehl,Location
location_guns,guns,Location
location_homesecurity,home security,Location
location_irony,irony,Location
location_mentaldisorders,mental disorders,Location
location_suspensepleasewait,suspenseplease wait...,Location
story_thethingontheroof,The Thing on the Roof,Story
location_georgebokaris,george bokaris,Location
story_ghostlights,Ghost Lights,Story
location_ghostlights,ghost lights,Location
location_juanmartinez,juan martinez,Location
location_legendtrips,legend trips,Location
location_makroyianni,makroyianni,Location
location_paranormalpleasewait,paranormalplease wait...,Location
story_bloodmagic,Blood Magic,Story
location_summon,summon,Location
story_adineropen25hoursaday,A Diner Open 25 Hours a Day,Story
story_headspace,Headspace,Story
story_thesecretroom,The Secret Room,Story
story_thestatue,The Statue,Story
story_onceinkarachi,"Once, In Karachi",Story
location_salmanshahidkhan,salman shahid khan,Location
story_whatsthematterjenny,"What’s the Matter, Jenny?",Story
story_doppelgnger,Doppelgänger,Story
story_therotunda,The Rotunda,Story
story_fortheheir,For the Heir,Story
story_stormweatheredandfearworn,Storm-weathered and Fear-worn,Story
location_deadace,deadace,Location
story_successionofnightmares,Succession Of Nightmares,Story
story_exit,Exit,Story
story_dontopenyoureyes,Don’t Open Your Eyes,Story
story_whitechristmas,White Christmas,Story
location_blizzards,blizzards,Location
location_snow,snow,Location
location_snowstorms,snowstorms,Location
location_winterstorms,winter storms,Location
story_onlyfollowingorders,Only Following Orders,Story
location_kantuno,kantuno,Location
story_iwashiredtomurdermyself,I Was Hired to Murder Myself,Story
location_assassinations,assassinations,Location
location_hitman,hitman,Location
location_hitmens,hitmens,Location
location_thamiresluppipleasewait,thamires luppiplease wait...,Location
story_avoidtheradiostationam630,Avoid the Radio Station AM 630,Story
location_dandavid,dan david,Location
location_phone,phone,Location
location_radio,radio,Location
location_radiostations,radio stations,Location
location_snapchatpleasewait,snapchatplease wait...,Location
story_onekahokwe,Onekahokwe,Story
location_indian,indian,Location
story_theterrorofkambigan,The Terror of Kambigan,Story
story_onlyadream,Only a Dream,Story
story_myroommategotsickafterreturningfromafrica,My Roommate Got Sick After Returning from Africa,Story
location_africa,africa,Location
location_surveillance,surveillance,Location
location_travel,travel,Location
location_traveling,traveling,Location
story_theshadowtheory,The Shadow Theory,Story
story_glowinthedarkcardboardskeleton,Glow-in-the-dark Cardboard Skeleton,Story
story_fromthedeep,From the Deep,Story
location_atsea,at sea,Location
location_cfcampbell,c.f. campbell,Location
location_sea,sea,Location
location_vessels,vessels,Location
story_thechildrenonthestairs,The Children on the Stairs,Story
story_theinvitation,The Invitation,Story
story_lookinginside,Looking Inside,Story
story_thebumscountdown,The Bum’s Countdown,Story
story_thesupportgroupforserialkillersandpsychopaths,The Support Group for Serial Killers and Psychopaths,Story
story_handbookforthestudyoftheunknown,Handbook for the Study of the Unknown,Story
story_thephotographs,The Photographs,Story
story_theholeinthewall,The Hole In The Wall,Story
story_peripheralvision,Peripheral Vision,Story
story_idugupagravefor10000,"I Dug Up a Grave for $10,000",Story
story_thebrainsgenocide,The Brain’s Genocide,Story
location_lostepisodespleasewait,lost episodesplease wait...,Location
story_thedarkspot,The Dark Spot,Story
story_thewindowscreen,The Window Screen,Story
story_visceroysandartisans,Visceroys and Artisans,Story
story_seeyoutomorrow,See You Tomorrow,Story
story_thegatekeeper,The Gatekeeper,Story
story_nightmarewalking,Nightmare Walking,Story
story_snow,Snow,Story
story_tilltheboyscomehome,Till the Boys Come Home,Story
location_lenlye,len lye,Location
story_pickapocket,Pick-a-Pocket,Story
location_clowns,clowns,Location
location_jeffmiller,jeff miller,Location
story_themurphyhorrorhouse,The Murphy Horror House,Story
location_kellyfoster,kelly foster,Location
story_jeffthekillerscarsofcorruption,Jeff The Killer: Scars of Corruption,Story
story_iveneverwokenupinthesameplacetwice,I’ve Never Woken Up in the Same Place Twice,Story
story_deepintotheshadows,Deep Into the Shadows,Story
location_daphnedanzpleasewait,daphne danzplease wait...,Location
story_advicefromafriend,Advice From a Friend,Story
story_inthedarkness,In The Darkness,Story
story_thevoidandtherift,The Void and the Rift,Story
story_longwaydown,Long Way Down,Story
story_joined,Joined,Story
story_scragglyhair,Scraggly Hair,Story
story_awayfromgrey,Away from Grey,Story
story_holderoflight,Holder of Light,Story
story_west,West,Story
story_thebwystfel,The Bwystfel,Story
story_themanwholivesaboveyou,The Man Who Lives Above You,Story
story_dontworryaboutit,Don’t Worry About It,Story
story_giveiteverything,Give It Everything,Story
location_christianwallis,christian wallis,Location
story_betweenthelilies,Between the Lilies,Story
story_rainman,Rainman,Story
story_thetunnel,The Tunnel,Story
story_inkfilleddream,Ink Filled Dream,Story
story_persecution,Persecution,Story
story_sirensong,Siren Song,Story
story_thenail,The Nail,Story
story_finerussiancuisine,Fine Russian Cuisine,Story
story_didboykill,Did Boy Kill?,Story
location_didboykillseries,did boy kill? series,Location
story_takakanonumagreenland,Takakanonuma Greenland,Story
story_thesystem,The System,Story
story_icantwakeup,I Can’t Wake Up,Story
location_schoolspleasewait,schoolsplease wait...,Location
story_deadarm,Dead Arm,Story
location_thaddeusjamespleasewait,thaddeus jamesplease wait...,Location
story_garbagestrike,Garbage Strike,Story
story_insatiable,Insatiable,Story
story_theroadtohappiness,The Road to Happiness,Story
story_magenta,Magenta,Story
story_thebeastandthebusinessman,The Beast and the Businessman,Story
story_thestump,The Stump,Story
story_nighttimecuriosity,Night-Time Curiosity,Story
story_therun,The Run,Story
story_theeyelidman,The Eyelid Man,Story
location_thedivineauthor,thedivineauthor,Location
story_sothatswhathappened,So That’s What Happened,Story
location_voicemail,voicemail,Location
location_voicemailmessages,voicemail messages,Location
story_lateonefallnight,Late One Fall Night,Story
story_thepalegirl,The Pale Girl,Story
story_thesuicideking,The Suicide King,Story
story_iusedtobefearless,I Used To Be Fearless,Story
story_imyourproblemnow,I’m Your Problem Now,Story
story_krampus,Krampus,Story
location_jspeziale,j. speziale,Location
location_krampus,krampus,Location
story_thelegendoftallulahjames,The Legend of Tallulah James,Story
location_superqueen0208,superqueen0208,Location
story_burnindowntheozarks,Burnin’ Down the Ozarks,Story
location_thesoulfisterpleasewait,the soul fisterplease wait...,Location
story_theleshy,The Leshy,Story
story_summertimenightmare,Summertime Nightmare,Story
story_thelawmanorasilverrunningthread,The Lawman (or) A Silver Running Thread,Story
location_stefanrasmussen,stefan rasmussen,Location
story_thepatchworkquilt,The Patchwork Quilt,Story
story_goodnightgoodbye,Good Night / Good Bye,Story
story_thatnightinthemirror,That Night In The Mirror,Story
story_theoperation,The Operation,Story
story_themarwyndoon,The Marwyndoon,Story
location_everhartofdarkness,everhartofdarkness,Location
story_intuitiveadvertising,Intuitive Advertising,Story
story_whendeathcheatsyou,When Death Cheats You,Story
story_51,51,Story
location_area51,area 51,Location
location_area51creepypasta,area 51 creepypasta,Location
story_thedollcemetery,The Doll Cemetery,Story
story_thepackage,The Package,Story
story_thereanimatedcorpse,The Reanimated Corpse,Story
story_theelfontheshelf,The Elf on the Shelf,Story
location_familytraditions,family traditions,Location
location_thevespersbell,the vespers bell,Location
story_babysittingonhalloween,Babysitting on Halloween,Story
location_babysitters,babysitters,Location
location_babysitting,babysitting,Location
location_edwincrowe,edwin crowe,Location
story_itlivesatthebottomofmystairs,It Lives At The Bottom Of My Stairs,Story
story_theatticinthebasement,The Attic in the Basement,Story
location_spellbook,spell book,Location
story_rats,Rats,Story
story_thosefineyounggentlemenpartthreedandyavi,Those Fine Young Gentlemen – Part Three: Dandy.avi,Story
story_theswissapartment,The Swiss Apartment,Story
story_cage,Cage,Story
story_taps,Taps,Story
story_bullied,Bullied,Story
story_apoemforyourheart,A Poem for Your Heart,Story
story_dirt,Dirt,Story
story_thedeadmansmouth,The Dead Man’s Mouth,Story
location_adambolander,adam bolander,Location
location_genies,genies,Location
location_wishespleasewait,wishesplease wait...,Location
story_doesithurtwhenyoudie,Does it Hurt When You Die?,Story
location_cocaine,cocaine,Location
location_drugoverdoses,drug overdoses,Location
location_janiskent,janis kent,Location
location_overdoses,overdoses,Location
story_thetallman,The Tall Man,Story
story_perfectday,Perfect Day,Story
location_lolalo,lola lo,Location
location_lycans,lycans,Location
location_lycanthropy,lycanthropy,Location
location_werewolf,werewolf,Location
story_thepack,The Pack,Story
location_misternailbrain75,misternailbrain75,Location
location_wolvespleasewait,wolvesplease wait...,Location
story_livinginahauntedsorority,Living in a Haunted Sorority,Story
story_nightmare,Nightmare,Story
location_namesjames,namesjames,Location
location_namesjames0933pleasewait,namesjames0933please wait...,Location
story_eyes,Eyes,Story
story_drskeltonsharvestcarnival,Dr. Skelton’s Harvest Carnival,Story
location_christinadurner,christina durner,Location
story_holesinthewalls,Holes in the Walls,Story
story_foginthefirtrees,Fog in the Fir Trees,Story
location_joenuttall,joe nuttall,Location
story_onesdiary,One’s Diary,Story
location_fighting,fighting,Location
story_strangeaccountsfrommychildhoodhome,Strange Accounts From My Childhood Home,Story
story_grimfuture,Grim Future,Story
story_coaldust,Coal Dust,Story
story_themortuary,The Mortuary,Story
story_tinnitus,Tinnitus,Story
location_captainborislightning,captain boris lightning,Location
story_orangethree,Orange Three,Story
story_thickerthanwater,Thicker Than Water,Story
story_thestaircaseritual,The Staircase Ritual,Story
story_aperfectpair,A Perfect Pair,Story
story_theyrecomingforme,They’re Coming For Me,Story
story_thewitchestunnel,The Witches Tunnel,Story
story_theboyinthedevilcostume,The Boy in the Devil Costume,Story
location_costumes,costumes,Location
story_donotenter9twinlakesroad,Do Not Enter 9 Twin Lakes Road,Story
location_follower,follower,Location
story_acabinintheswamp,A Cabin in the Swamp,Story
story_whathauntsthefields,What Haunts the Fields,Story
story_asylum,Asylum,Story
story_thief,Thief,Story
story_todrhenriksen,To Dr. Henriksen,Story
story_nightmares,Nightmares,Story
story_atriptothecemetary,A Trip to the Cemetary,Story
story_theyrewatching,They’re Watching,Story
story_flipbook,Flip Book,Story
story_lanuit,La Nuit,Story
story_dargaiasnectar,Dargaia’s Nectar,Story
location_theholderspleasewait,the holdersplease wait...,Location
story_justbecarefuloutthere,Just Be Careful Out There,Story
story_ikillonepersonperyearitsmyjob,"I Kill One Person Per Year, It’s My Job",Story
location_nuttypeasant,nuttypeasant,Location
story_thewatcher,The Watcher,Story
location_jordynwalker,jordyn walker,Location
story_oranges,Oranges,Story
location_behavior,behavior,Location
location_oranges,oranges,Location
story_ghostgang,Ghost Gang,Story
story_ricardosghost,Ricardo’s Ghost,Story
story_dontthinkoftheoldhag,Don’t Think of the Old Hag,Story
story_clickthelink,Click the Link,Story
location_textmessages,text messages,Location
location_texting,texting,Location
location_texts,texts,Location
location_webcams,webcams,Location
story_isatonthebus,I Sat On The Bus,Story
location_isaaccook,isaac cook,Location
story_roadkill,Roadkill,Story
story_thebook,The Book,Story
story_death,Death,Story
story_sick,Sick,Story
story_theguyinroom302,The Guy in Room 302,Story
story_themaninmybedroomwindow,The Man In My Bedroom Window,Story
location_athletes,athletes,Location
location_colinenteman,colin enteman,Location
location_collegecampuses,college campuses,Location
location_colleges,colleges,Location
location_deviljuice,devil_juice,Location
location_exercise,exercise,Location
location_fitness,fitness,Location
location_jogging,jogging,Location
location_running,running,Location
story_iamaghost,I Am a Ghost,Story
location_johnnystrangepleasewait,johnny strangeplease wait...,Location
story_iwasaghosthunterforjustoneday,I Was a Ghost Hunter For Just One Day,Story
story_theunfortunatelifeofjamierobertmitchum,The Unfortunate Life of Jamie Robert Mitchum,Story
story_myneighborsdoghasazipper,My Neighbor’s Dog Has a Zipper,Story
location_android,android,Location
location_cyborg,cyborg,Location
location_robot,robot,Location
story_evilwithintheinstitution,Evil Within the Institution,Story
story_somedoorsshouldneverbeopened,Some Doors Should Never Be Opened,Story
story_thegauntman,The Gaunt Man,Story
story_mrpadewskisstory,Mr. Padewski’s Story,Story
story_fatherlucie,Father Lucie,Story
story_theshadowbeneathwhelford,The Shadow Beneath Whelford,Story
story_filthandconsequence,Filth and Consequence,Story
location_andyandlaura,andy and laura,Location
story_devilsholecave,Devil’s Hole Cave,Story
story_theindigovillage,The Indigo Village,Story
story_horsehead,Horsehead,Story
story_amemory,A Memory,Story
story_thisisprobablynotagoodidea,This Is Probably Not A Good Idea,Story
story_thealternatesdeath,The Alternate’s Death,Story
story_awalk,A Walk,Story
story_mydadkeepsgoingouttothewoodsatnight,My Dad Keeps Going Out To The Woods at Night,Story
location_axmanslullaby,ax mans lullaby,Location
location_axemanslullaby,axe mans lullaby,Location
location_murder,murder,Location
story_thefirstofthethree,The First of the Three,Story
story_vantablackadeathmetalcult,Vantablack: A Death Metal Cult,Story
story_forposterity,For Posterity,Story
story_mindtricks,Mind Tricks,Story
story_thesimplicityofitall,The Simplicity of It All,Story
story_thedoctorsorders,The Doctor’s Orders,Story
story_blackeyedkidsinkansas,Black-Eyed Kids In Kansas,Story
story_thehousethatnoonebuilt,The House That No One Built,Story
location_home,home,Location
location_house,house,Location
story_mysisterbroughthomeaclown,My Sister Brought Home A Clown,Story
location_cheyennecox,cheyenne cox,Location
location_halloweenpleasewait,halloweenplease wait...,Location
story_badtrip,Bad Trip,Story
location_hallucinations,hallucinations,Location
location_mind,mind,Location
story_kingsdrift,King’s Drift,Story
story_anopenlettertomybestfriend,An Open Letter to My Best Friend,Story
story_pianoman,Piano Man,Story
location_piano,piano,Location
location_ringingpleasewait,ringingplease wait...,Location
story_redaurora,Red Aurora,Story
story_themummers,The Mummers,Story
story_80acres,80 Acres,Story
story_songofthesiren,Song of the Siren,Story
story_thedentistsschedule,The Dentist’s Schedule,Story
story_didboykillyeshedid,Did Boy Kill? Yes He Did.,Story
story_youllbeokay,You’ll Be Okay,Story
story_laughter,Laughter,Story
story_theresroomforonemore,There’s Room For One More,Story
story_djvu,Déjà Vu,Story
story_mywifethefoxspirit,"My Wife, the Fox Spirit",Story
story_thecottage,The Cottage,Story
story_beckoningfromthedeep,Beckoning From the Deep,Story
location_ocean,ocean,Location
story_divegod,Dive God,Story
story_theoldwomanswords,The Old Woman’s Words,Story
story_thecaul,The Caul,Story
story_crepitus,Crepitus,Story
story_losperdidos,Los Perdidos,Story
story_ifyougodowntothewoods,If You Go Down To The Woods,Story
story_therain,The Rain,Story
story_screeching,Screeching,Story
story_thesixthfloor,The Sixth Floor,Story
story_thecave,The Cave,Story
story_thediaryofamadman,The Diary Of A Madman,Story
story_lucky,Lucky,Story
story_solesurvivor,Sole Survivor,Story
location_frostythesnowman,frosty the snowman,Location
location_snowmen,snowmen,Location
story_newenglandresidentsbeware,New England Residents Beware,Story
location_newengland,new england,Location
story_deadlytrickortreating,Deadly Trick-or-Treating,Story
story_callmyname,Call My Name,Story
story_boppi,Boppi,Story
location_carousels,carousels,Location
story_yeti,Yeti,Story
story_newgrowth,New Growth,Story
story_theabalonethief,The Abalone Thief,Story
location_humboldtlycanthrope,humboldt lycanthrope,Location
story_thelinencloset,The Linen Closet,Story
location_ilothopskaty,ilothopskaty,Location
story_theapolloinventus,The Apollo Inventus,Story
story_knocker,Knocker,Story
story_bitsandpieces,Bits and Pieces,Story
story_lookingforanoldgame,Looking For an Old Game,Story
story_caughtintheheadlights,Caught in the Headlights,Story
story_thetunnelrun,The Tunnel Run,Story
location_jacobnewellpleasewait,jacob newellplease wait...,Location
story_observeabsolve,Observe & Absolve,Story
story_sokushinbutsu,Sokushinbutsu,Story
location_realworldcreepypleasewait,real-world creepyplease wait...,Location
story_mereanamordegardglesgorv,Mereana Mordegard Glesgorv,Story
story_theparkerexpress,The Parker Express,Story
location_surgeons,surgeons,Location
location_surgeries,surgeries,Location
location_surgery,surgery,Location
story_thestrangers,The Strangers,Story
location_newyork,new york,Location
location_subwaystations,subway stations,Location
location_trains,trains,Location
story_thesiegeofarea51,The Siege of Area 51,Story
location_area51conspiracy,area 51 conspiracy,Location
location_area51event,area 51 event,Location
location_area51raid,area 51 raid,Location
location_area51september20,area 51 september 20,Location
location_area51siege,area 51 siege,Location
location_brycesimmons,bryce simmons,Location
location_remoteareas,remote areas,Location
location_reptilians,reptilians,Location
location_stormarea51,storm area 51,Location
story_wewatchyousleep,We Watch You Sleep,Story
story_thelegendofshufflingjoe,The Legend of Shuffling Joe,Story
story_laughing,Laughing,Story
story_shockfactor,Shock Factor,Story
story_theamazingmrsykes,The Amazing Mr. Sykes,Story
story_darkslayer,Dark Slayer,Story
story_thesinginghouse,The Singing House,Story
story_aproblemwithants,A Problem With Ants,Story
story_bloodoftheswine,Blood of the Swine,Story
story_dontturnyourback,Don’t Turn Your Back,Story
story_you,YOU,Story
story_greed,Greed,Story
story_chupar,Chupar,Story
story_nails,Nails,Story
story_raprat,Rap Rat,Story
location_canadiancowboy,canadiancowboy,Location
story_halloween64,Halloween 64,Story
location_n64,n64,Location
location_nintendo,nintendo,Location
story_oldvinyl,Old Vinyl,Story
location_vinyl,vinyl,Location
location_yeolefirechiefpleasewait,ye ole fire chiefplease wait...,Location
story_thezookeepers,The Zookeepers,Story
story_thecandle,The Candle,Story
location_candles,candles,Location
location_charleshoward,charles howard,Location
story_arms,Arms,Story
story_writteninthestars,Written in the Stars,Story
location_katherinecpleasewait,katherine c.please wait...,Location
story_tullerbridge,Tuller Bridge,Story
story_onthedisappearanceofaaronbarclay,On the Disappearance of Aaron Barclay,Story
story_katiessong,Katie’s Song,Story
story_imnofool,I’m No Fool,Story
story_missingteeth,Missing Teeth,Story
story_timehealsallwounds,Time Heals All Wounds,Story
story_thehistsaphallucination,The Hist Sap Hallucination,Story
story_mothman,Moth Man,Story
story_north,North,Story
story_theblackeyedkids,The Black-Eyed Kids,Story
location_brianbethel,brian bethel,Location
story_atownwherestrangethingshappen,A Town Where Strange Things Happen,Story
location_curiouscasesward,curious cases ward,Location
location_hospital,hospital,Location
location_roadtrip,road trip,Location
location_unexplainable,unexplainable,Location
location_vacation,vacation,Location
story_newsfromthefront,News From the Front,Story
location_army,army,Location
location_clones,clones,Location
location_doppelgangers,doppelgangers,Location
story_thedarkman,The Dark Man,Story
location_andrewscolari,andrew scolari,Location
location_hauntedbooks,haunted books,Location
location_magicalspells,magical spells,Location
location_vengeance,vengeance,Location
story_anappcalledforbiddenfruitsgavememorethangoodfood,An App Called Forbidden Fruits Gave Me More Than Good Food,Story
location_insects,Insects,Location
location_spiders,Spiders,Location
location_andparasites,and Parasites,Location
location_deliveries,deliveries,Location
location_deliveryservices,delivery services,Location
location_hayong,hayong,Location
location_parasites,parasites,Location
story_istealbodies,I Steal Bodies,Story
story_labruja,La Bruja,Story
location_darkmagic,dark magic,Location
location_mexico,mexico,Location
location_spanish,spanish,Location
story_isufferfromshorttermmemoryloss,I Suffer From Short-Term Memory Loss,Story
story_aheartwarmingchristmastale,A Heartwarming Christmas Tale,Story
story_unwantedroom,Unwanted Room,Story
story_prometheus,Prometheus,Story
story_aurora,Aurora,Story
location_alyssa,alyssa,Location
story_beautiful,Beautiful,Story
story_theleathercape,The Leather Cape,Story
story_thefarnsworthexperiments,The Farnsworth Experiments,Story
story_woodgrain,Wood Grain,Story
story_burnout,Burnout,Story
story_case319,Case 319,Story
story_achatoverdinner,A Chat Over Dinner,Story
story_theeisenhowerinterstatephenomena,The Eisenhower Interstate Phenomena,Story
story_theargument,The Argument,Story
story_thetavernontheborderlands,The Tavern on the Borderlands,Story
story_roomnumber17,Room Number 17,Story
story_thedevilsperfume,The Devil’s Perfume,Story
story_powercut,Power Cut,Story
story_itsnotaboutyou,It’s Not About You,Story
story_didboykillthevisitsofmisterbob,Did Boy Kill? The Visits of Mister Bob,Story
location_stupiddialuppleasewait,stupiddialupplease wait...,Location
story_theteacher,The Teacher,Story
story_thecanadageeseoflakepleasant,The Canada Geese of Lake Pleasant,Story
location_geese,geese,Location
location_scientists,scientists,Location
story_thump,Thump!,Story
story_youleftyourlightson,You Left Your Lights On,Story
story_tapestry,Tapestry,Story
story_breakingsanity,Breaking Sanity,Story
story_thecampground,The Campground,Story
story_glassgallery,Glass Gallery,Story
story_glitch,Glitch,Story
story_thedevilsplayground,The Devil’s Playground,Story
story_onemississippi,One-Mississippi,Story
story_childrenofthemoon,Children of the Moon,Story
story_adismayingobservation,A Dismaying Observation,Story
story_ordinarynights,Ordinary Nights,Story
story_thequiethouse,The Quiet House,Story
story_tuespartout,Tu Es Partout,Story
story_observe,Observe,Story
story_icansee,I Can See…,Story
story_autopilot,Autopilot,Story
location_hotcars,hot cars,Location
story_butcherface,Butcherface,Story
location_ajgarlisi,a.j. garlisi,Location
location_symbols,symbols,Location
story_thedarkafternoontape,The Dark Afternoon Tape,Story
location_brimar,brimar,Location
story_thecellar,The Cellar,Story
story_diloxodin,Diloxodin,Story
story_snapman,Snap Man,Story
story_therift,The Rift,Story
story_theguestbookofelysium,The Guestbook of Elysium,Story
story_mess,Mess,Story
story_dontaskquestionsyoudontwanttheanswersto,Don’t Ask Questions You Don’t Want The Answers To,Story
story_thependant,The Pendant,Story
story_iwenttoafuneralthatwassupposedtobeawedding,I Went To a Funeral That Was Supposed To Be a Wedding,Story
story_theyjustwontmove,They Just Won’t Move,Story
location_paddybarrett,paddy barrett,Location
location_scratching,scratching,Location
story_superpowersavi,Superpowers.avi,Story
location_foundfootagepleasewait,found footageplease wait...,Location
story_themodel,The Model,Story
story_sonnetofthedeep,Sonnet of the Deep,Story
story_thewretchofweedpark,The Wretch of Weed Park,Story
story_holderofnothing,Holder of Nothing,Story
story_thewillow,The Willow,Story
story_herbertwestreanimator,Herbert West—Reanimator,Story
location_hplovecraftpleasewait,h.p. lovecraftplease wait...,Location
story_beast,Beast,Story
story_cripplingdebt,Crippling Debt,Story
story_verona,Verona,Story
story_onepieceoflead,One Piece of Lead,Story
story_hasanyoneelseseenitoranitheonlyone,"Has anyone else seen it, or an I the only one?",Story
story_drink,Drink,Story
story_mirrors,Mirrors,Story
story_incense,Incense,Story
story_mrwelldone,Mr. Welldone,Story
story_lettersfromben,Letters From Ben,Story
story_fertilizer,Fertilizer,Story
location_chemicals,chemicals,Location
location_farming,farming,Location
location_rehnwriter,rehnwriter,Location
story_thehouseoncoldhillroad,The House on Cold Hill Road,Story
location_vampirespleasewait,vampiresplease wait...,Location
story_thekeepsakebox,The Keepsake Box,Story
story_themertonaccount,The Merton Account,Story
story_proctorvalleyroad,Proctor Valley Road,Story
story_express,Express,Story
story_therealnosferatu,The Real Nosferatu,Story
location_objectspleasewait,objectsplease wait...,Location
story_themarkofcanus,The Mark of Canus,Story
location_markofcanuspleasewait,mark of canusplease wait...,Location
story_modernmonsterthebanshee,Modern Monster: The Banshee,Story
location_modernmonstersseries,modern monsters series,Location
story_silentquinn,Silent Quinn,Story
story_bestfriends,Best Friends,Story
story_downbythetracks,Down By The Tracks,Story
story_deardavid,Dear David,Story
story_nobodylivesherebutyou,Nobody Lives Here But You,Story
story_quarantine,Quarantine,Story
location_escapes,escapes,Location
location_jovanjankovic,jovan jankovic,Location
location_nuclear,nuclear,Location
location_nuclearpowerplants,nuclear power plants,Location
location_quarantines,quarantines,Location
location_radiation,radiation,Location
location_sciencepleasewait,scienceplease wait...,Location
story_thephonecall,The Phone Call,Story
location_ghostspleasewait,ghostsplease wait...,Location
story_thesquireandtheblackscroll,The Squire and the Black Scroll,Story
location_dayofthewormseries,day of the worm series,Location
story_icametotakeyouawayfromthisplace,I Came to Take You Away From This Place,Story
location_jordanvanhoozer,jordan vanhoozer,Location
story_icanhearthem,I Can Hear Them,Story
story_comeplaywithme,Come Play With Me,Story
story_laboratory,Laboratory,Story
story_thebellringer,The Bellringer,Story
story_mrpetersonsaweverything,Mr. Peterson Saw Everything,Story
location_maxrosa,max rosa,Location
story_allmonstersarehuman,All Monsters are Human,Story
story_adreamanalysis,A Dream Analysis,Story
story_2012,2012,Story
story_thehouseboat,The Houseboat,Story
story_bitingatmyheels,Biting At My Heels,Story
story_theworldsoldesttreeistryingtocommunicate,The World’s Oldest Tree Is Trying to Communicate,Story
location_universepleasewait,universeplease wait...,Location
story_kitty,Kitty,Story
story_ariddleinolcshire,A Riddle in Olcshire,Story
story_behindtheshadows,Behind the Shadows,Story
location_eerie,eerie,Location
location_lights,lights,Location
location_shadows,shadows,Location
story_hangingtree,Hanging Tree,Story
story_thomas,Thomas,Story
story_theladder,The Ladder,Story
story_hinges,Hinges,Story
story_denial,Denial,Story
story_howthegirlalmoststolemyvoices,How The Girl Almost Stole My Voices,Story
story_thevegasillusion,The Vegas Illusion,Story
story_thebadidea,The Bad Idea,Story
story_11bodieshangingfrom21trees,11 Bodies Hanging From 21 Trees,Story
location_detectives,detectives,Location
location_mannequins,mannequins,Location
location_revengekillings,revenge killings,Location
story_ifyouseespotswhenyoucloseyoureyesignorethem,"If You See Spots When You Close Your Eyes, Ignore Them",Story
location_visions,visions,Location
story_thenurseinblack,The Nurse in Black,Story
location_nurses,nurses,Location
story_theblueboy,The Blue Boy,Story
story_theamphitheatertunnels,The Amphitheater Tunnels,Story
story_thecarpathiancarver,The Carpathian Carver,Story
story_thenightshook,The Night’s Hook,Story
story_neighbors,Neighbors,Story
story_mrwiggles,Mr. Wiggles,Story
story_dionaeamuscipula,Dionaea Muscipula,Story
story_latenighttelevision,Late Night Television,Story
story_dontyoujusthatecartrouble,Don’t You Just Hate Car Trouble,Story
story_grease,Grease,Story
story_theterrorofflintwood,The Terror of Flintwood,Story
location_zyonj,zyon j.,Location
story_theunicorninthewoods,The Unicorn in the Woods,Story
location_malcolmteller,malcolm teller,Location
location_mythologicalbeasts,mythological beasts,Location
location_unicornspleasewait,unicornsplease wait...,Location
story_ifoundalaptopconnectedtothedeepweb,I Found a Laptop Connected to the Deep Web,Story
location_laptop,laptop,Location
location_mikemaxim,mike maxim,Location
location_websitespleasewait,websitesplease wait...,Location
story_theyliketoplaygames,They Like To Play Games,Story
location_austinweynand,austin weynand,Location
story_caterpillar,Caterpillar,Story
location_beauty,beauty,Location
location_bugs,bugs,Location
location_clown,clown,Location
location_femmefatale,femmefatale,Location
location_smalltown,smalltown,Location
story_mysonisaddictedtotimecontrol,My Son is Addicted to Time Control,Story
story_alesson,A Lesson,Story
story_smiles,Smiles,Story
story_berightback,Be Right Back,Story
story_skipthiscreepypasta,Skip This Creepypasta,Story
story_foolsgame,Fool’s Game,Story
location_feelspasta,feelspasta,Location
story_themanintheroad,The Man in the Road,Story
story_mymedusa,My Medusa,Story
story_waitupformewontyou,"Wait Up For Me, Won’t You?",Story
story_blackforestredhood,"Black Forest, Red Hood",Story
story_droning,Droning,Story
story_guilt,Guilt,Story
story_inescapable,Inescapable,Story
story_prettypaper,Pretty Paper,Story
location_gifts,gifts,Location
location_presents,presents,Location
location_regrets,regrets,Location
story_entity303,Entity 303,Story
location_entity303,entity 303,Location
location_thespeed179,thespeed179,Location
location_videogamespleasewait,video gamesplease wait...,Location
story_myroommatechanged,My Roommate Changed,Story
location_rehnwriterpleasewait,rehnwriterplease wait...,Location
story_thedarkofthedeep,The Dark Of The Deep,Story
location_cliffhanger,cliffhanger,Location
story_theycamewiththetide,They Came with the Tide,Story
story_betweenthewalls,Between the Walls,Story
story_idlehands,Idle Hands,Story
story_losttombsandthoselostwithinthem,Lost Tombs and Those Lost Within Them,Story
story_vaevictis,Vae Victis,Story
location_egodram,egodram,Location
location_foreigncountries,foreign countries,Location
location_iraq,iraq,Location
location_kuwait,kuwait,Location
location_middleeast,middle east,Location
location_overseas,overseas,Location
story_outofbodyexperience,Out of Body Experience,Story
location_crow,crow,Location
story_beingsoftheforests,Beings of the Forests,Story
story_patricia,Patricia,Story
story_willkommenzuderdunkel,Willkommen zu Der Dunkel,Story
story_thecodeofmirrors,The Code Of Mirrors,Story
story_tantrum,Tantrum,Story
location_restaurants,restaurants,Location
location_superpowers,superpowers,Location
location_telekinesis,telekinesis,Location
story_mysistershair,My Sister’s Hair,Story
location_hair,hair,Location
location_mandess,mandess,Location
location_peerpressure,peer pressure,Location
story_theswing,The Swing,Story
location_neighbors,neighbors,Location
story_thecrookedroom,The Crooked Room,Story
location_rickpyle,rick pyle,Location
story_termsandconditions,Terms and Conditions,Story
location_casino,casino,Location
location_conditions,conditions,Location
location_slotmachine,slot machine,Location
location_terms,terms,Location
location_vegas,vegas,Location
story_theclosetbehindthewall,The Closet Behind the Wall,Story
location_closets,closets,Location
story_watching,Watching,Story
story_thenewelement,The New Element,Story
story_amongthetrees,Among the Trees,Story
story_theharp,The Harp,Story
story_aneye,An Eye,Story
story_secondsight,Second Sight,Story
location_dawilcoxpleasewait,d.a. wilcoxplease wait...,Location
story_theseedeaterthroughthetrees,The Seed Eater (Through the Trees),Story
location_orfy666,orfy666,Location
location_seedeater,seed eater,Location
story_tracking,Tracking,Story
story_byrouteobscureandlonely,By Route Obscure and Lonely,Story
story_themadmanandthemusic,The Madman and the Music,Story
story_whatthehappiestdreamsaremadeof,What the Happiest Dreams are Made Of,Story
story_saccharine,Saccharine,Story
story_emptyandendless,Empty and Endless,Story
story_thereserve,The Reserve,Story
story_illbewaiting,I’ll be waiting,Story
story_themill,The Mill,Story
story_thejunkyard,The Junkyard,Story
story_crimescene,Crime Scene,Story
story_thescarecrow,The Scarecrow,Story
location_ravenflesh,ravenflesh,Location
story_chiasma,Chiasma,Story
story_huggy,Huggy,Story
story_isavedtheworld,I Saved the World,Story
location_luisbermudez,luis bermudez,Location
story_theproblemwiththedrains,The Problem with the Drains,Story
location_krismueller,kris mueller,Location
story_iwasbornonachildfarm,I Was Born on a Child Farm,Story
location_howardmoxley,howard moxley,Location
location_thechildfarmseriespleasewait,the child farm seriesplease wait...,Location
story_iraisedthedevilsdaughter,I Raised the Devil’s Daughter,Story
location_fires,fires,Location
story_dontinstallthehangmanapp,Don’t Install the Hangman App,Story
location_executions,executions,Location
location_technologypleasewait,technologyplease wait...,Location
story_theportalinthewoods,The Portal in the Woods,Story
location_nicholasgray,nicholas gray,Location
story_reflectionsofthemajorette,Reflections of the Majorette,Story
location_justice,justice,Location
location_mirror,mirror,Location
location_mirrors,mirrors,Location
location_scottlandon,scott landon,Location
story_whatsinside,What’s Inside,Story
story_malgam,Malgam,Story
story_thelonelysearcher,The Lonely Searcher,Story
story_philhandriasfollower,Philhandria’s Follower,Story
story_whatwaitsinthewoods,What Waits in the Woods,Story
story_monsterpainter,Monster Painter,Story
story_theleviathansgrin,The Leviathan’s Grin,Story
story_theserenecyclist,The Serene Cyclist,Story
story_sunlight,Sunlight,Story
story_childhoodsuperstitions,Childhood Superstitions,Story
story_kuchisakeonna,Kuchisake-Onna,Story
story_generalmaintenance,General Maintenance,Story
location_jacklacroix,jack lacroix,Location
story_coldasice,Cold As Ice,Story
location_strandings,strandings,Location
location_winter,winter,Location
story_aquietfridayevening,A Quiet Friday Evening,Story
story_thatwhichlistensfromtheshadows,That Which Listens From The Shadows,Story
location_nativeamerican,native american,Location
story_idontwanttogointothewoods,I Don’t Want to Go into the Woods,Story
story_turkeymolar,Turkey Molar,Story
story_thetourist,The Tourist,Story
story_aokigahara,Aokigahara,Story
story_woof,Woof,Story
story_theplagueartist,The Plague Artist,Story
story_leftbehind,Left Behind,Story
location_humanoids,humanoids,Location
location_leftbehind,left behind,Location
location_pitchblack,pitch black,Location
story_nightterrors,Night Terrors,Story
story_thehouseintheshade,The House in The Shade,Story
story_thisisanapology,This Is an Apology,Story
story_thenightoftheglasseyes,The Night of the Glass Eyes,Story
story_norightturnonred,No Right Turn on Red,Story
story_whyidonotsleep,Why I Do Not Sleep,Story
story_tonewfriends,To New Friends,Story
story_markedfordeath,Marked for Death,Story
story_abigailsrun,Abigail’s Run,Story
location_tomfarrpleasewait,tom farrplease wait...,Location
story_poisonedoakromansvsmonsters,Poisoned Oak — Romans vs. Monsters,Story
story_thestrigilinstitute,The Strigil Institute,Story
location_calebwilson,caleb wilson,Location
story_theheavenproject,The Heaven Project,Story
story_campervan,Camper Van,Story
story_thevisitor,The Visitor,Story
story_hangarman,Hangar Man,Story
story_funtown,Fun Town,Story
story_thewomanfromthebeach,The Woman From the Beach,Story
story_thefallenangels,The Fallen Angels,Story
story_ahauntedhouseinsialkot,A Haunted House in Sialkot,Story
location_salmanshahidkhanpleasewait,salman shahid khanplease wait...,Location
story_themetaphysical,The Metaphysical,Story
story_itsasmallroad,It’s a Small Road,Story
story_theshoebox,The Shoebox,Story
story_listeningin,Listening In,Story
story_gethelp,Get Help,Story
story_daddyslittleangel,Daddy’s Little Angel,Story
story_thestatues,The Statues,Story
location_relatives,relatives,Location
location_sammyruiz,sammy ruiz,Location
location_statues,statues,Location
story_awalkhomeonhalloween,A Walk Home on Halloween,Story
location_alexandermchugh,alexander mchugh,Location
location_london,london,Location
location_uk,uk,Location
story_thetoadmanpt1,THE TOADMAN *PT1*,Story
story_thedancingtramp,The Dancing Tramp,Story
location_thaddeusyeungpleasewait,thaddeus yeungplease wait...,Location
story_amy,Amy,Story
story_thepaintedrockgame,The Painted Rock Game,Story
story_theglasscabinet,The Glass Cabinet,Story
story_anofferingtothebasilisk,An Offering to the Basilisk,Story
story_twominutesinthemancingfield,Two Minutes in the ‘Mancing Field,Story
location_lexjoypleasewait,lex joyplease wait...,Location
story_justanotherhauntedhousestory,Just Another Haunted House Story,Story
story_theoldwarehousehoteldowninneworleans,The Old Warehouse Hotel Down In New Orleans,Story
story_unfinishedbusiness,Unfinished Business,Story
location_ghostwhisperers,ghost whisperers,Location
location_halloweenparties,halloween parties,Location
story_ooze,Ooze,Story
location_anthonymrud,anthony m. rud,Location
location_hybrids,hybrids,Location
location_notebooks,notebooks,Location
story_leviathan,Leviathan,Story
story_theycamefromthesea,They Came from the Sea,Story
story_melvinmaudleysmalevolentmarketthetaleofgregorystonewall,Melvin Maudley’s Malevolent Market: The Tale of Gregory Stonewall,Story
story_shutthatdamneddoor,Shut That Damned Door,Story
story_smileforme,Smile For Me,Story
story_theriftofrlyeh,The Rift of R’lyeh,Story
location_cthulhumythospleasewait,cthulhu mythosplease wait...,Location
story_comfortinnumbers,Comfort in Numbers,Story
story_theraccoon,The Raccoon,Story
story_donttrytalkingtodisneyworldmascotsatclosingtime,Don’t Try Talking to Disney World Mascots at Closing Time,Story
location_loations,loations,Location
location_mascots,mascots,Location
story_ishouldhavepaidmoreattentiontothemissingcatposter,I Should Have Paid More Attention to the “Missing Cat” Poster,Story
story_idiscoveredthemeaningoflife,I Discovered the Meaning of Life,Story
location_scam,scam,Location
story_skulls,Skulls,Story
location_baronvonruthless91,baronvonruthless91,Location
story_therivertrail,The River Trail,Story
story_threesandsevens,Threes and Sevens,Story
story_compound,Compound,Story
story_skyrimssecret2,Skyrim’s Secret 2,Story
story_thevoid,The Void,Story
story_thosewedarenotspeak,Those We Dare Not Speak,Story
story_chroniclesofthemarkthesnakeinthesun,Chronicles of the Mark – The Snake In the Sun,Story
location_markofcanus,mark of canus,Location
story_thetimeparadox,The Time Paradox,Story
story_thehitchhikers,The Hitchhikers,Story
story_ifoundalostlittlegirlatahalloweenattraction,I Found a Lost Little Girl at a Halloween Attraction,Story
location_halloweenstoriespleasewait,halloween storiesplease wait...,Location
story_theshortcut,The Shortcut,Story
story_itstartedasaleak,It Started as a Leak,Story
story_theforgottenhour,The Forgotten Hour,Story
location_earthquakes,earthquakes,Location
location_jubawub,jubawub,Location
story_theeyeofra,The Eye of Ra,Story
story_hereyes,Her Eyes,Story
story_thevaultofhumanity,The Vault of Humanity,Story
story_3000ad,3000 AD,Story
story_whatalovelywar,What a Lovely War,Story
story_modernmonster,Modern Monster,Story
story_thesoundsoflove,The Sounds of Love,Story
story_holderofeternity,Holder of Eternity,Story
story_ifoundaforumfordeadpeople,I Found a Forum for Dead People,Story
story_stretchingparty,Stretching Party,Story
location_bdsm,bdsm,Location
location_bondage,bondage,Location
story_whatlieswithinthehollowtree,What Lies Within the Hollow Tree,Story
location_tree,tree,Location
story_chamber23,Chamber 23,Story
location_coldchambers,cold chambers,Location
location_cremation,cremation,Location
location_facebook,facebook,Location
location_mortuaries,mortuaries,Location
location_socialmedia,social media,Location
location_tylerkinglee,tyler king lee,Location
story_graybarkdrive,Graybark Drive,Story
story_falseawakenings,False Awakenings,Story
story_onelastdrink,One Last Drink,Story
story_youaskedmeformynametalesoflilith,You Asked Me For My Name (Tales of Lilith),Story
story_fatherfigure,Father Figure,Story
story_deathsreflection,Death’s Reflection,Story
story_atouchofheatstroke,A Touch of Heatstroke,Story
story_emptyspaces,Empty Spaces,Story
story_fromthesea,From the Sea,Story
story_theblackhand,The Black Hand,Story
story_thalassophobia,Thalassophobia,Story
location_cthulhu,cthulhu,Location
location_eldergods,elder gods,Location
location_fearofwater,fear of water,Location
location_phobias,phobias,Location
location_thalassophobia,thalassophobia,Location
story_thehorrorinthebasement,The Horror in The Basement,Story
story_roadrunnerenergydrinkstudyourbizarreoutlier,Roadrunner Energy Drink Study: Our Bizarre Outlier,Story
story_theleagueofcreepypastasupervillains,The League of Creepypasta Supervillains,Story
story_theoceanscoolair,The Ocean’s Cool Air,Story
story_amurderofcrows,A Murder of Crows,Story
story_theshephardcane,The Shephard Cane,Story
story_eightball,Eight Ball,Story
story_theglaringmirror,The Glaring Mirror,Story
story_theotwining,Theo Twining,Story
story_thewolvesofthesefrozenwoods,The Wolves of These Frozen Woods,Story
location_fortunetellers,fortune tellers,Location
story_thehitchhiker,The Hitchhiker,Story
location_thanacreepymistress,thana creepymistress,Location
story_imoneoftheunknown,I’m One of The Unknown,Story
story_thesecretofthewanderer,The Secret of the Wanderer,Story
story_oldboodiddley,Old Boo Diddley,Story
story_light,Light,Story
story_whathappensafter,What Happens After,Story
story_shadywood,Shady Wood,Story
story_daniel,Daniel,Story
story_theendings,The Endings,Story
story_larry,Larry,Story
story_deadbart,Dead Bart,Story
location_kisimpson,k.i. simpson,Location
location_thesimpsons,the simpsons,Location
story_intheshower,In The Shower,Story
story_theoldlieofthedeadlands,The Old Lie of the Dead Lands,Story
location_sheridanshadrack,sheridan shadrack,Location
story_blackcab,Black Cab,Story
story_theshadows,The Shadows,Story
story_abadnight,A Bad Night,Story
story_mirrormirroronthewall,"Mirror, Mirror, On the Wall",Story
story_downthepit,Down the Pit,Story
story_fearalwaysfindsyou,Fear Always Finds You,Story
story_themessiah,The Messiah,Story
story_thepopcornceiling,The Popcorn Ceiling,Story
story_empty,Empty,Story
story_replaced,Replaced,Story
location_2chan,2chan,Location
story_dancedance,"Dance, Dance",Story
story_thethreesisters,The Three Sisters,Story
location_classic,classic,Location
location_wwjacobs,w.w. jacobs,Location
story_anunexpectedmagi,An Unexpected Magi,Story
location_antichrist,antichrist,Location
story_smilingjanedoe,Smiling Jane Doe,Story
location_unsolvedpleasewait,unsolvedplease wait...,Location
story_sacrificetomalachylocke,Sacrifice to Malachy Locke,Story
location_murderspleasewait,murdersplease wait...,Location
story_missingtime,Missing Time,Story
story_desertdream,Desert Dream,Story
story_the815topendlebury,The 8.15 to Pendlebury,Story
story_theredhouse,The Red House,Story
story_tellthemincrease,Tell Them Increase,Story
story_thestairsgame,The Stairs Game,Story
story_thewindwhisperedasecret,The Wind Whispered A Secret,Story
story_thechirp,The Chirp,Story
story_demonsden,Demon’s Den,Story
location_monicamishrapleasewait,monica mishraplease wait...,Location
story_kode,Kode,Story
location_adventure,adventure,Location
location_martialarts,martial arts,Location
location_monks,monks,Location
location_templespleasewait,templesplease wait...,Location
story_mrbanana,Mr. Banana,Story
location_bananas,bananas,Location
location_fruit,fruit,Location
location_psychosis,psychosis,Location
location_rkgorman,r.k. gorman,Location
story_theoracle,The Oracle,Story
location_oracle,oracle,Location
location_premonition,premonition,Location
location_vision,vision,Location
story_astrangeobjectfellfromspace,A Strange Object Fell From Space,Story
location_shootingstar,shooting star,Location
story_cellextraction,Cell Extraction,Story
location_conspiracy,conspiracy,Location
location_kevinmackinnon,kevin mackinnon,Location
story_thedisappearanceandreappearanceofmichaelvinson,The Disappearance and Reappearance of Michael Vinson,Story
story_dieteufelsbrcke,Die Teufelsbrücke,Story
story_dayoftheworm,Day of the Worm,Story
story_thehappiestplaceonearth,The Happiest Place on Earth,Story
location_disneyland,disneyland,Location
location_jgcross,j.g. cross,Location
story_skin,Skin,Story
story_westlakeviewlane,West Lakeview Lane,Story
location_theheretic,the-heretic,Location
story_mirrorimage,Mirror Image,Story
story_thegroundskeepersshed,The Grounds Keeper’s Shed,Story
story_forestofsuicides,Forest of Suicides,Story
story_nowwhatwasijustdoing,"Now, What Was I Just Doing?",Story
story_fluffy,Fluffy,Story
location_drifters,drifters,Location
location_homeless,homeless,Location
story_ihopeineverdreamagain,I Hope I Never Dream Again,Story
story_beforetherevelation,Before the Revelation,Story
location_gagegarza,gage garza,Location
story_constructionsiteentity,Construction Site Entity,Story
story_theholderofmany,The Holder of Many,Story
story_whatwasunderneath,What Was Underneath,Story
story_thewall,The Wall,Story
story_thelegendofcarterbale,The Legend of Carter Bale,Story
location_alcohol,alcohol,Location
location_greatdepression,great depression,Location
location_liquor,liquor,Location
location_organizedcrime,organized crime,Location
location_prohibition,prohibition,Location
location_sheltonfisher,shelton fisher,Location
location_superstitions,superstitions,Location
story_iwasbornonachildfarmpartzero,I Was Born on a Child Farm – Part Zero,Story
location_thechildfarmseries,the child farm series,Location
story_thebloodypit,The Bloody Pit,Story
location_hoosactunnel,hoosac tunnel,Location
location_northadams,north adams,Location
story_thewight,The Wight,Story
story_promiseofalifetime,Promise of a Lifetime,Story
story_reminiscence,Reminiscence,Story
location_filibu5ter,filibu5ter,Location
story_theasylum,The Asylum,Story
story_thedarkisbetter,The Dark is Better,Story
story_theeviloftheexsor,The Evil of the Exsor,Story
story_ohranseye,Ohran’s Eye,Story
story_whatwaswatchingme,What Was Watching Me,Story
story_thecandleman,The Candle Man,Story
location_cautionarytales,cautionary tales,Location
location_nurseryrhymes,nursery rhymes,Location
story_it,It,Story
location_raidenfpleasewait,raiden f.please wait...,Location
story_theorigin2,The Origin 2,Story
location_whowasphonepleasewait,who was phoneplease wait...,Location
story_myfriendbecameweirdlypopularovernight,My Friend Became Weirdly Popular Overnight,Story
story_betweeniceandstars,Between Ice and Stars,Story
location_antarctica,antarctica,Location
location_exploration,exploration,Location
location_mrdupin,mrdupin,Location
story_thedripping,The Dripping,Story
story_icantbreathe,I Can’t Breathe,Story
story_afigureingray,A Figure in Gray,Story
story_teenagehorrorstory,Teenage Horror Story,Story
story_thedangerandcrueltyofhope,The Danger and Cruelty of Hope,Story
story_isolation,Isolation,Story
story_tortureavi,Torture.avi,Story
story_psychologybone,Psychology Bone,Story
story_theatersix,Theater Six,Story
location_iowa,iowa,Location
location_thericklist,the rick list,Location
story_theelevator,The Elevator,Story
story_sleepytrove,Sleepy Trove,Story
story_thebalcony,The Balcony,Story
story_gransbox,Gran’s Box,Story
location_bellahiggin,bella higgin,Location
story_amomentsclarity,A Moment’s Clarity,Story
story_thefogpart1,The Fog Part: 1,Story
location_fiance,fiance,Location
story_darknessintherearviewmirror,Darkness in the Rear View Mirror,Story
story_unexpectedhomevideos,Unexpected Home Videos,Story
story_byfire,By Fire,Story
story_menimitatingthings,Men Imitating Things,Story
story_theplaguedoctor,The Plague Doctor,Story
story_thelost,The Lost,Story
story_ajauntthroughthetrees,A Jaunt Through the Trees,Story
story_jacknice,Jack Nice,Story
location_1000masks,1000masks,Location
story_itrelievedme,It Relieved Me,Story
story_whydopeoplekeepstaringatmyface,Why Do People Keep Staring at My Face?,Story
location_attacks,attacks,Location
location_geminiix,gemini-ix,Location
story_mysonisterrifiedofthedaystalker,My Son is Terrified of the Day Stalker,Story
story_therecaptchawaswrong,The reCAPTCHA Was Wrong,Story
story_inbetweenthestatic,In Between the Static,Story
story_newhome,New Home,Story
story_whatonlythegirlcouldsee,What Only the Girl Could See,Story
story_thehold,The Hold,Story
story_thewatchtower,The Watchtower,Story
location_doctorslim,doctor slim,Location
story_sleepwalker,Sleepwalker,Story
story_tuesday,Tuesday,Story
story_thevannessasylum,The Van Ness Asylum,Story
story_imafraidofthedark,I’m Afraid Of The Dark,Story
story_themannequin,The Mannequin,Story
story_imaglutton,I’m a Glutton,Story
location_eating,eating,Location
location_starvationpleasewait,starvationplease wait...,Location
story_backwards,Backwards,Story
location_reflectionpleasewait,reflectionplease wait...,Location
story_itcamefromabove,It Came From Above,Story
location_flying,flying,Location
location_heights,heights,Location
location_plane,plane,Location
story_theboy,The Boy,Story
location_adrianjohnson,adrian johnson,Location
story_mondayschild,Monday’s Child,Story
story_entombed,Entombed,Story
story_jeffthekillergoestosleep,Jeff The Killer Goes To Sleep,Story
story_oldmanwerther,Old Man Werther,Story
story_howtotalktoyourself,How to Talk to Yourself,Story
story_thecramsession,The Cram Session,Story
story_thethingswithoutfeelings,The Things Without Feelings,Story
story_clickclick,Click-click,Story
story_shudder,Shudder,Story
story_thehunted,The Hunted,Story
story_aparentsplea,A Parent’s Plea,Story
story_warningsign,Warning Sign,Story
story_avaritiaetinvidia,Avaritia et Invidia,Story
story_thehaafnetters,The Haaf Netters,Story
story_billcosbycommercial,Bill Cosby Commercial,Story
story_thebeastbeyondthelake,The Beast Beyond The Lake,Story
story_everythingisperfectforever,Everything is Perfect Forever,Story
story_roulette,Roulette,Story
story_theotherearth,The Other Earth,Story
story_myboyfriendsdreamsarestartingtoscareme,My Boyfriend’s Dreams Are Starting to Scare Me,Story
location_boyfriends,boyfriends,Location
location_latenightstories,late_night_stories,Location
story_lunchbox,Lunchbox,Story
story_whatdoesntkillyouwillcomebackforyoulater,What Doesn’t Kill You Will Come Back For You Later,Story
story_phase3,Phase 3,Story
story_goodnight,Goodnight,Story
story_nightconstruction,Night Construction,Story
story_daddysprincess,Daddy’s Princess,Story
story_dogchildren,Dog Children,Story
location_midwest,midwest,Location
location_summer,summer,Location
story_mywifeandidiedaily,My Wife and I Die Daily,Story
location_louredford,lou redford,Location
location_wivespleasewait,wivesplease wait...,Location
story_hecomescloserwheniblink,He Comes Closer When I Blink,Story
location_church,church,Location
location_plague,plague,Location
location_priest,priest,Location
location_sin,sin,Location
story_trialanderror,Trial and Error,Story
story_thecoalyard,The Coal Yard,Story
story_andmira,And Mira,Story
location_nathanielmirras,nathaniel mirras,Location
story_tomyexhusband,To My Ex-Husband,Story
story_thehiddenbride,The Hidden Bride,Story
story_sarahstrail,Sarah’s Trail,Story
story_theoojkata,The Oojkata,Story
location_bradleyedwarddress,bradley edward dress,Location
location_lifelessons,life lessons,Location
story_theforgotten,The Forgotten,Story
story_attherootsoftheroses,At the roots of the roses,Story
story_adelaidaandkruv,Adelaida and Kruv,Story
story_ablackstonefamilythanksgiving,A Blackstone Family Thanksgiving,Story
story_intothegrey,Into the Grey,Story
story_upstairs,Upstairs,Story
story_acampfirestoryofsorts,"A Camp Fire Story, of Sorts",Story
story_thelighthouse,The Lighthouse,Story
story_ifachildwithblackeyescomestoyourdoordonotletthemin,If a Child With Black Eyes Comes to Your Door Do Not Let Them In,Story
location_zaphillips,z.a. phillips,Location
story_mycoworkershowedupforhisopeningshiftthedayafterhisfuneral,"My Coworker Showed Up For His Opening Shift, the Day After His Funeral",Story
story_thefoghaseyes,The Fog Has Eyes,Story
location_kbhurst,k.b. hurst,Location
location_transformations,transformations,Location
story_theyrenotcomingtheyrealreadyhere,"They’re Not Coming, They’re Already Here",Story
location_blackouts,blackouts,Location
location_poweroutages,power outages,Location
location_zachhicks,zach hicks,Location
story_instantmessaging,Instant Messaging,Story
story_thenightcrawler,The Nightcrawler,Story
story_thekiamuckincident,The Kiamuck Incident,Story
location_discardable,discardable,Location
story_theartofpersuasion,The Art of Persuasion,Story
story_ahorridnightmare,A Horrid Nightmare,Story
story_contamination,Contamination,Story
story_theabandonedconveniencestore,The Abandoned Convenience Store,Story
story_thetwoheadedboy,The Two-Headed Boy,Story
location_envy,envy,Location
location_siamesetwins,siamese twins,Location
location_twinspleasewait,twinsplease wait...,Location
story_thegodexperiment,The God Experiment,Story
location_mattrichardsenpleasewait,matt richardsenplease wait...,Location
story_workingatacemeteryisauniqueexperience,Working at a Cemetery Is a Unique Experience,Story
location_gravedigger,gravedigger,Location
location_graves,graves,Location
story_howitbegan,How It Began,Story
story_my6thbirthday,My 6th Birthday,Story
story_cognitivebehavioraltherapy,Cognitive Behavioral Therapy,Story
story_therationalistsmantra,The Rationalists’ Mantra,Story
location_mrgpleasewait,mrgplease wait...,Location
story_lakeerie,Lake Erie,Story
story_thehouseonharborviewroad,The House on Harbor View Road,Story
location_nolanb,nolan b.,Location
story_thestainofmargaretschilling,The Stain of Margaret Schilling,Story
story_awarning,A Warning,Story
story_pollythestaringdolly,"Polly, The Staring Dolly",Story
story_100000,"100,000",Story
story_pleasestayawake,Please Stay Awake,Story
location_jtgrogan,j.t. grogan,Location
story_thewhitewolfoflondonstreet,The White Wolf of London Street,Story
location_calemhughes,calem hughes,Location
story_vermins,Vermins,Story
location_countryside,countryside,Location
location_trailers,trailers,Location
location_warpyglassman,warpy glassman,Location
story_thelosttransmissionsofcaptainwilliambrinkman,The Lost Transmissions of Captain William Brinkman,Story
location_mauriceblocker,maurice blocker,Location
location_spaceships,spaceships,Location
story_deepmind,Deep Mind,Story
location_deep,deep,Location
location_machine,machine,Location
story_labrat,Lab Rat,Story
story_cheapperfumeandwatermelonshampoo,Cheap Perfume and Watermelon Shampoo,Story
story_admissions,Admissions,Story
story_allthatweare,#AllThatWeAre,Story
story_thelast,The Last,Story
story_listentothemusic,Listen To The Music,Story
story_whatlieswithin,What Lies Within,Story
story_godsmouth,God’s Mouth,Story
location_abracadaver,abracadaver,Location
story_laughinginthedark,Laughing in the Dark,Story
location_kiriakosvilchez,kiriakos vilchez,Location
story_alwaysbenicetoyourneighbors,Always Be Nice To Your Neighbors,Story
location_christinedruga,christine druga,Location
story_southferry,South Ferry,Story
story_samaritanroad,Samaritan Road,Story
story_elegyfordevilslake,Elegy for Devil’s Lake,Story
story_livingwiththelewis,Living With The Lewis’,Story
story_whatabeautifulsoul,What A Beautiful Soul,Story
story_thewickerhouse,The Wicker House,Story
story_myfriendlucas,My Friend Lucas,Story
story_etcetera,Et Cetera,Story
story_ochelari,Ochelari,Story
story_rainofterror,Rain of Terror,Story
location_toddmartin,todd martin,Location
location_weapons,weapons,Location
story_thedognapper,The Dognapper,Story
location_petsrating74210from223votes,petsrating: 7.42/10. from 223 votes.,Location
story_100realhumanhair,100% Real Human Hair,Story
location_business,business,Location
location_haircut,haircut,Location
story_thecookiemonsteratnight,The Cookie Monster at Night,Story
story_elifoster,Eli Foster,Story
story_terry,Terry,Story
location_blackeyedchildrenpleasewait,black-eyed childrenplease wait...,Location
story_ifihadthesighttoseeallthethingsthattroubledme,If I had the sight to see all the things that troubled me,Story
story_seriously,Seriously?,Story
story_bottle,Bottle,Story
story_turnoffthelightwhenyouleave,Turn Off the Light When You Leave,Story
story_thecandyman,The Candy Man,Story
location_chemistry,chemistry,Location
location_druggings,druggings,Location
location_petezalizniak,pete zalizniak,Location
location_taintedcandy,tainted candy,Location
story_thelittlereligion,The Little Religion,Story
location_ezmorgan,e.z. morgan,Location
location_evil,evil,Location
location_ezmisery,ezmisery,Location
story_adeadlylegacy,A Deadly Legacy,Story
story_returntosender,Return to Sender,Story
story_ireceivedamysteriouspackageinthemail,I Received a Mysterious Package in the Mail,Story
location_mail,mail,Location
location_mystery,mystery,Location
location_mysterybox,mystery box,Location
location_mysterypackage,mystery package,Location
location_package,package,Location
story_alongdrivehome,A Long Drive Home,Story
story_thefishingtrip,The Fishing Trip,Story
location_shadowswimmer77pleasewait,shadowswimmer77please wait...,Location
story_thefrozenladyonmybed,The Frozen Lady on my Bed,Story
story_themccarterhouse,The McCarter House,Story
story_hax,HAX,Story
story_moch,Moch,Story
story_trains,Trains,Story
story_threedrowned,threedrowned,Story
story_dreamsthatcankill,Dreams That Can Kill,Story
story_thedream,The Dream,Story
story_seethelight,See The Light,Story
story_sonicexe,Sonic.exe,Story
location_jcthehyena,jc-the-hyena,Location
location_sonicexe,sonic.exe,Location
location_sonicexecreepypasta,sonic.exe creepypasta,Location
location_sonicexedownload,sonic.exe download,Location
location_sonicexegame,sonic.exe game,Location
location_sonicexeoriginstory,sonic.exe origin story,Location
location_sonicexeoriginalstory,sonic.exe original story,Location
location_sonicexestory,sonic.exe story,Location
story_theterribleoldman,The Terrible Old Man,Story
story_thebuzz,The Buzz,Story
story_thepaintedvoyage,The Painted Voyage,Story
story_thechoiceinthefields,The Choice in the Fields,Story
story_burningsage,Burning Sage,Story
story_thousands,Thousands,Story
story_deepestfear,Deepest Fear,Story
story_theimpervious,The Impervious,Story
story_thestatic,The Static,Story
story_ofbeautiesandbeasts,Of Beauties and Beasts,Story
location_beast,beast,Location
story_whatwasleftbehind,What Was Left Behind,Story
location_rebeccahardingpleasewait,rebecca hardingplease wait...,Location
story_walk,Walk,Story
story_internetfriend,Internet Friend,Story
story_themaninblack,The Man in Black,Story
story_theendofallhallowseve,The End of All Hallows’ Eve,Story
story_emerge,Emerge,Story
story_hermit,Hermit,Story
story_howdoyoukillamonster,How Do You Kill a Monster?,Story
location_rebeccaklingelpleasewait,rebecca klingelplease wait...,Location
story_subjecteightyone,Subject Eighty-One,Story
story_abgarsstory,Abgar’s Story,Story
story_thedeadzone,The Dead Zone,Story
location_fmaven,f. maven,Location
location_florida,florida,Location
location_houseboats,houseboats,Location
story_thedeerofpossibilities,The Deer Of Possibilities,Story
story_bennettsexorcism,Bennett’s Exorcism,Story
story_thetippingattwilight,The Tipping at Twilight,Story
story_remembertoturnonthelights,Remember To Turn On The Lights,Story
story_thecrimsongrin,The Crimson Grin,Story
story_didboykillhekilledthemall,Did Boy Kill? He Killed Them All.,Story
story_3days,3 Days,Story
story_meetthorvaldr,Meet Thorvaldr,Story
story_yeahsoquitasking,"Yeah, So Quit Asking",Story
location_whowasphone,who was phone,Location
story_sevenyearweblog,Seven Year Weblog,Story
story_ifoundadisturbingphotoinmyfamilyphotoalbum,I Found a Disturbing Photo in My Family Photo Album,Story
location_falseimprisonment,false imprisonment,Location
location_imprisonment,imprisonment,Location
location_kmslyfield,k.m. slyfield,Location
location_photoalbums,photo albums,Location
story_soulmate,Soulmate,Story
story_arrival,Arrival,Story
story_outsidethewindow,Outside the Window,Story
story_wink,Wink,Story
story_symphoniesaboutdrowning,Symphonies About Drowning,Story
story_dread,Dread,Story
story_blackfortune,Black Fortune,Story
story_theveiledgirl,The Veiled Girl,Story
story_moonlight,Moonlight,Story
story_stndllemail2,"stn.dll, Email 2",Story
story_playingwithsound,Playing With Sound,Story
story_thedevilisinthedetails,The Devil is in the Details,Story
location_thaddeusyeung,thaddeus yeung,Location
story_achildlikenoother,A Child Like No Other,Story
location_kittens,kittens,Location
story_thescalpofrabidwolf,The Scalp of Rabid Wolf,Story
story_mirrorpeople,Mirror People,Story
location_mirrorpeople,mirror people,Location
story_thecoldestday,The Coldest Day,Story
story_theforeverhouse,The Forever House,Story
story_areyoualone,Are You Alone?,Story
story_thelastwords,The Last Words,Story
story_thetwofigurines,The Two Figurines,Story
story_heleadsthem,HE leads THEM,Story
story_worriedparent,Worried Parent,Story
location_mimics,mimics,Location
story_wheniwasnotmyown,When I Was Not My Own,Story
story_hesinmyheadandhewontgoaway,He’s In My Head and He Won’t Go Away,Story
story_thelastlaugh,The Last Laugh,Story
story_themirror,The Mirror,Story
story_nightmarenight,Nightmare Night,Story
story_donotenter,Do Not Enter,Story
story_kissiesykes,Kissie Sykes,Story
story_lasthope,Last Hope,Story
story_thefirstdayofschool,The First Day of School,Story
location_basketball,basketball,Location
location_construction,construction,Location
location_gyms,gyms,Location
location_kansas,kansas,Location
location_sports,sports,Location
story_licking,Licking,Story
location_classiccreepypastas,classic creepypastas,Location
location_homeintrusion,home intrusion,Location
location_roommates,roommates,Location
location_thedogslick,the dogs lick,Location
location_thelickedhand,the licked hand,Location
location_theroommatesdeath,the roommates death,Location
story_stayinsidethecar,Stay Inside the Car,Story
location_illegalcarrot,illegal carrot,Location
location_night,night,Location
story_thenodoor,The No Door,Story
location_curse,curse,Location
location_naydinrowland,naydin rowland,Location
story_theressomethinginthefieldsbehindmyapartment,There’s Something in the Fields Behind My Apartment,Story
location_nighttime,nighttime,Location
story_peopleinthewoods,People In The Woods,Story
story_noctemaeternam,Noctem Aeternam,Story
location_creepyquantum,creepyquantum,Location
story_iamblackdog,I Am Black Dog,Story
story_welie,We Lie,Story
story_mysondidsomethingterribleonhalloween,My Son Did Something Terrible on Halloween,Story
location_girlfromthecrypt,girl_from_the_crypt,Location
story_listening,Listening,Story
location_strangestorylines,strange storylines,Location
story_thatnightquellanotte,That Night (Quella Notte),Story
story_thereaperinthetree,The Reaper in the Tree,Story
story_thetapping,The Tapping,Story
story_thereunion,The Reunion,Story
location_psychopathy,psychopathy,Location
story_illneverlistentoasmragain,I’ll Never Listen to ASMR Again,Story
location_asmr,asmr,Location
location_autonomoussensorymeridianresponse,autonomous sensory meridian response,Location
location_robertboelhouwer,robert boelhouwer,Location
story_holes,Holes,Story
location_bees,bees,Location
location_trypophobia,trypophobia,Location
location_wasps,wasps,Location
story_myexperienceswiththepsychicknockgame,My Experiences with the Psychic Knock Game,Story
story_witheringheights,Withering Heights,Story
story_thecritic,The Critic,Story
story_deeperdarkness,Deeper Darkness,Story
story_plasticity,Plasticity,Story
location_ericscott,eric scott,Location
story_idontthinkmyfriendranaway,I Don’t Think My Friend Ran Away,Story
story_theelevatorinthewoods,The Elevator in the Woods,Story
location_elevators,elevators,Location
story_theoneirophage,The Oneirophage,Story
story_thelampgenie,The Lamp Genie,Story
story_dan,Dan,Story
story_tellmeyouloveme,Tell Me You Love Me,Story
story_thesteubenvilleghost,The Steubenville Ghost,Story
story_themonkeyspaw,The Monkey’s Paw,Story
location_greed,greed,Location
location_wishfulthinkingpleasewait,wishful thinkingplease wait...,Location
story_elagabalus,Elagabalus,Story
location_elagabalus,elagabalus,Location
location_itcowcer,i.t. cowcer,Location
location_pumpkinpatchpleasewait,pumpkin patchplease wait...,Location
story_thepoet,The Poet,Story
location_inkpen,inkpen,Location
location_vigilantepleasewait,vigilanteplease wait...,Location
story_niceneighbors,Nice Neighbors,Story
location_ahnikavigil,ahnika vigil,Location
story_thegirlinthenightgown,The Girl in the Nightgown,Story
story_halloweensend,Halloween’s End,Story
story_primal,Primal,Story
story_twistandshout,Twist and Shout,Story
story_mauvaisefoi,Mauvaise Foi,Story
story_downstairs,Downstairs,Story
story_arthur,Arthur,Story
story_thetreefromwhichdeadthingsgrow,The Tree From Which Dead Things Grow,Story
location_creature,creature,Location
location_cryptid,cryptid,Location
location_dream,dream,Location
location_nightmare,nightmare,Location
story_comus,Comus,Story
location_backyards,backyards,Location
location_yards,yards,Location
story_ialmostdiedonmyfirstdaybacktoschool,I Almost Died on My First Day Back to School,Story
story_spectre,Spectre,Story
story_haveyoueverwonderedatthemysteryofsleep,Have You Ever Wondered at the Mystery of Sleep?,Story
story_goodmorningdaddy,"Good Morning, Daddy",Story
story_thewatchers,The Watchers,Story
location_kayjaybee,kayjaybee,Location
story_thedevilscircle,The Devil’s Circle,Story
story_iwasbornwithsuperhumanabilities,I Was Born With Superhuman Abilities,Story
location_alaynewinters,alayne winters.,Location
story_thetrueculprit,The True Culprit,Story
story_crimsonfangs,Crimson Fangs,Story
story_danzadelosmuertos,Danza de los Muertos,Story
story_iquarus,Iquarus,Story
story_davetheouijaboard,Dave the Ouija Board,Story
story_whyme,Why Me?,Story
story_thestoryofherholdinganorangepartsixlinktotheend,The Story of Her Holding an Orange: Part Six & Link to the End,Story
story_forcedstorytimeintro,Forced Storytime (Intro),Story
story_sparky,Sparky,Story
story_theemptyvial,The Empty Vial,Story
story_saltinthedarkriver,Salt in the Dark River,Story
location_brianmartinezpleasewait,brian martinezplease wait...,Location
story_theresadeadgirlinmymirror,There’s a Dead Girl in My Mirror,Story
story_theoldchapel,The Old Chapel,Story
location_theoldchapelpleasewait,the old chapelplease wait...,Location
story_imitation,Imitation,Story
story_theengineer,The Engineer,Story
story_overmorrow,Overmorrow,Story
story_theholderoftheendofthestory,The Holder of the End of the Story,Story
story_imherenow,I’m Here Now,Story
story_bonfire,Bonfire,Story
story_lifesamystery,Life’s a Mystery,Story
story_neverexploreabandonedbuildings,Never Explore Abandoned Buildings,Story
location_paranormalactivity,paranormal activity,Location
location_urbanexplorationpleasewait,urban explorationplease wait...,Location
story_mystudentsaredisappearing,My Students Are Disappearing,Story
location_nebraska,nebraska,Location
location_normalmax,normalmax,Location
location_teacherspleasewait,teachersplease wait...,Location
story_suspiriaprologueabeastwithnoname,Suspiria: Prologue – A Beast With No Name,Story
location_ceciliavasquez,cecilia vasquez,Location
location_chenoo,chenoo,Location
story_smalltownmysteries,Small Town Mysteries,Story
story_thespiderinthebed,The Spider in the Bed,Story
location_arachnids,arachnids,Location
location_arachnophobia,arachnophobia,Location
location_spiderspleasewait,spidersplease wait...,Location
story_aquiescentvolcano,A Quiescent Volcano,Story
story_theshed,The Shed,Story
story_housecall,House Call,Story
story_theresnothingleft,There’s Nothing Left,Story
story_norstudesert,Norstu Desert,Story
story_theshadowinthelake,The Shadow in the Lake,Story
location_hmbrooks,h.m. brooks,Location
story_theglendalehorror,The Glendale Horror,Story
location_cesaraugustonunezpleasewait,cesar augusto nunezplease wait...,Location
story_theboyinthewindow,The Boy in the Window,Story
location_hjilani,h. jilani,Location
story_theshattering,The Shattering,Story
story_everychildsfear,Every Child’s Fear,Story
story_sarahscoulrophobia,Sarah’s Coulrophobia,Story
story_gazingintotheabyss,Gazing into the Abyss,Story
story_thebum,The Bum,Story
story_mapimisilentzone,Mapimi Silent Zone,Story
story_objectpermanence,Object Permanence,Story
story_ohtherain,"Oh, The Rain",Story
story_attention,Attention,Story
story_themanatthecrossroads,The Man At The Crossroads,Story
story_mydaughterisdying,My Daughter is Dying,Story
story_ifglasscouldscream,If Glass Could Scream,Story
location_purgatory,purgatory,Location
story_mindonfire,Mind on Fire,Story
story_amberalert,Amber Alert,Story
story_tharbles,Tharbles,Story
story_thelightinthesky,The Light in the Sky,Story
story_thedarkmansdomain,The Darkman’s Domain,Story
story_mynameis,My Name Is,Story
location_angelicang,angelica ng,Location
story_thecharlatan,The Charlatan,Story
story_mysisterspromise,My Sister’s Promise,Story
story_highfrequency,High Frequency,Story
location_chrisphoenixpleasewait,chris phoenixplease wait...,Location
story_thealternateuniverse,The Alternate Universe,Story
story_myneighborisusingpowertoolspast10pm,My Neighbor Is Using Power Tools Past 10 PM,Story
location_bonniequinn,bonnie quinn,Location
location_powertools,power tools,Location
location_tools,tools,Location
story_idontexperiencethursdays,I Don’t Experience Thursdays,Story
location_dimensionalshifting,dimensional shifting,Location
location_fritzbassus,fritz bassus,Location
location_splitpersonalities,split personalities,Location
story_bodyshock,Bodyshock,Story
story_storeymanor,Storey Manor,Story
story_youknowthatoldurbanlegend,You Know That Old Urban Legend?,Story
story_grinning,Grinning,Story
story_imadeamonsteroutofclay,I Made a Monster Out of Clay,Story
location_hebrewlegends,hebrew legends,Location
location_hebrewmythology,hebrew mythology,Location
location_hebrews,hebrews,Location
story_officerdown,Officer Down,Story
location_marcellocrowe,marcello crowe,Location
location_policemen,policemen,Location
story_thegreatwhite,The Great White,Story
story_itsonehellofatrip,It’s One Hell of a Trip,Story
story_thesilentpool,The Silent Pool,Story
story_thepiano,The Piano,Story
location_kay,kay,Location
story_nickandnancy,Nick and Nancy,Story
story_may2013discussionpostwhatsyourfavoritecreepyvideogame,May 2013 Discussion Post: What’s Your Favorite Creepy Video Game?,Story
location_discussionposts,Discussion Posts,Location
story_slendermandoesntexist,Slenderman Doesn’t Exist,Story
story_clearing,Clearing,Story
story_jesuschristdeleted,"Jesus Christ, Deleted.",Story
story_enclosing,Enclosing,Story
story_thebaron,The Baron,Story
story_iveneverseenachildeattheirpetbefore,I’ve Never Seen A Child Eat Their Pet Before,Story
location_animalabuse,animal abuse,Location
location_possessionpleasewait,possessionplease wait...,Location
story_creep,Creep,Story
location_mysteriespleasewait,mysteriesplease wait...,Location
story_sleepyou,Sleep You,Story
location_bicameralmind,bicameral mind,Location
location_evolution,evolution,Location
location_sleeppleasewait,sleepplease wait...,Location
story_anightterror,A Night Terror,Story
story_mistressofthesea,Mistress Of The Sea,Story
story_roserock,Rose Rock,Story
story_diplomathotel,Diplomat Hotel,Story
story_oneapiece,One Apiece,Story
story_hell,Hell,Story
location_chapman,chapman,Location
story_grandsacrifice,Grand Sacrifice,Story
story_morgansmorgue,Morgan’s Morgue,Story
story_theforgottenplace,The Forgotten Place,Story
story_thesamefate,The Same Fate,Story
story_alucidreality,A Lucid Reality,Story
story_thedrainlady,The Drain Lady,Story
story_theragandboneman,The Rag and Bone Man,Story
location_stevenlongpleasewait,steven longplease wait...,Location
story_abughattat,Abu Ghattat,Story
story_becarefulwhatyouwishfor,Be Careful What You Wish For,Story
story_writersblank,Writer’s Blank,Story
story_wellbeintouch,We’ll Be in Touch,Story
story_theeighthcrusade,The Eighth Crusade,Story
story_mostlikely,Most Likely,Story
story_thedark,The Dark,Story
location_rooster,rooster,Location
story_howibecameajapaneseurbanlegend,How I Became a Japanese Urban Legend,Story
story_fax,Fax,Story
story_oneofthem,One Of Them,Story
story_oddity,Oddity,Story
location_carnies,carnies,Location
location_conjoinedtwins,conjoined twins,Location
location_curiosityshops,curiosity shops,Location
location_freakshows,freak shows,Location
location_meaganjmeehan,meagan j. meehan,Location
story_thestarsofbigfacemarsh,The Stars of Bigface Marsh,Story
location_bigface,big face,Location
location_bigfacegame,big face game,Location
location_bigfacemarsh,big face marsh,Location
location_bigfacecreepypasta,bigface creepypasta,Location
location_bigfacemarshcreepypasta,bigface marsh creepypasta,Location
location_bigfacemarshgame,bigface marsh game,Location
location_delusions,delusions,Location
location_katheliax,katheliax,Location
location_skeletons,skeletons,Location
story_bornlucky,Born Lucky,Story
location_thedeadcanary,the dead canary,Location
story_personaldemons,Personal Demons,Story
story_thearrowhead,The Arrowhead,Story
location_apparition,apparition,Location
location_arrowhead,arrowhead,Location
location_burialgrounds,burial grounds,Location
location_puppy,puppy,Location
location_shadowman,shadow man,Location
location_terrifyingpleasewait,terrifyingplease wait...,Location
story_mountainmagic,Mountain Magic,Story
story_themuffinman,The Muffin Man,Story
story_theestate,The Estate,Story
story_takingtimeforallthewrongreasons,Taking Time For All The Wrong Reasons,Story
story_stndllemail1,stn.dll Email 1,Story
story_morethanhistoricalmonument,More-Than-Historical Monument,Story
story_mission,Mission,Story
location_catholicism,catholicism,Location
location_catholics,catholics,Location
location_christianity,christianity,Location
location_christians,christians,Location
location_spanishmission,spanish mission,Location
story_iwillneverworkformcdonaldseveragain,I Will Never Work For McDonald’s Ever Again,Story
location_fastfood,fast food,Location
location_mcdonalds,mcdonalds,Location
location_orb,orb,Location
location_scars,scars,Location
story_hiddenpeople,Hidden People,Story
location_curiousinsect,curiousinsect,Location
story_lookslikewegotaliveonehereboys,"Looks Like We Got a Live One Here, Boys",Story
story_thefermiparadox,The Fermi Paradox,Story
story_creepybridgeonmumbaiexpressway,Creepy Bridge on Mumbai Expressway,Story
story_thesong,The Song,Story
story_flashbeforemyeyes,Flash Before My Eyes,Story
story_thechurchcellar,The Church Cellar,Story
story_thescornful,The Scornful,Story
location_madnesspleasewait,madnessplease wait...,Location
story_caughtinthecycle,Caught In The Cycle,Story
story_thegrimone,The Grim One,Story
story_ilivedtotellthetale,I Lived To Tell The Tale,Story
location_natenator77,natenator77,Location
story_thethinginthefog,The Thing in the Fog,Story
story_onriyu,Onriyu,Story
story_thecrackedemerald,The Cracked Emerald,Story
story_typing,Typing,Story
story_thegirlwhomadethestarssing,The Girl Who Made the Stars Sing,Story
story_littlelucy,Little Lucy,Story
location_attics,attics,Location
location_ralleyzero,ralley zero,Location
story_mysonwonttakeoffhishalloweencostume,My Son Won’t Take Off His Halloween Costume,Story
location_howardmoxleypleasewait,howard moxleyplease wait...,Location
story_theblooming,The Blooming,Story
location_comingofage,coming of age,Location
location_witchcraftpleasewait,witchcraftplease wait...,Location
story_thesoundofsilence,The Sound of Silence,Story
location_leoperez,leo perez,Location
story_hangman,Hangman,Story
story_theycamefrombelow,They Came From Below,Story
story_theabsenceofconflict,The Absence of Conflict,Story
story_doorsaremadeforopening,Doors Are Made For Opening,Story
story_theblackdoorataleofpersonalphobia,The Black Door: A Tale of Personal Phobia,Story
story_snowscape,Snowscape,Story
story_clockworkyourtimeisup,Clockwork: Your Time is Up,Story
location_clockworkcreepypasta,clockwork creepypasta,Location
location_clockworkcreepypastaoriginstory,clockwork creepypasta origin story,Location
location_clockworkcreepypastastory,clockwork creepypasta story,Location
location_clockworkoriginstory,clockwork origin story,Location
location_luciiid,luciiid,Location
location_soffbois,soffbois,Location
location_stabbings,stabbings,Location
story_acrimony,Acrimony,Story
story_thewhiteones,The White Ones,Story
story_humanecholocation,Human Echolocation,Story
story_theboyfromposeychapel,The Boy From Posey Chapel,Story
story_summerjob,Summer Job,Story
story_mould,Mould,Story
story_gjoberdik,Gjoberdik,Story
story_theshimmeringstatue,The Shimmering Statue,Story
location_cursedobjects,cursed objects,Location
location_firearms,firearms,Location
location_michaelward,michael ward,Location
location_russianroulette,russian roulette,Location
location_shoplifting,shoplifting,Location
location_theft,theft,Location
story_thehallwaywasntempty,The Hallway Wasn’t Empty,Story
location_anxiety,anxiety,Location
location_insomnia,insomnia,Location
story_subtlety,Subtlety,Story
story_thenewarcadeintown,The New Arcade In Town,Story
location_johncook,john cook,Location
story_behindtheveil,Behind the Veil,Story
location_thezomber,thezomber,Location
story_thedoctor,The Doctor,Story
story_didboykillpart3,Did Boy Kill? Part 3,Story
story_hiddenmaize,Hidden Maize,Story
story_moonlightfilms,Moonlight Films,Story
story_theoneswhosleepalone,The Ones Who Sleep Alone,Story
location_aimtosnack,aimtosnack,Location
story_theressafetyincircles,There’s Safety in Circles,Story
story_blacksludge,Black Sludge,Story
location_cafes,cafes,Location
location_coffeeshops,coffee shops,Location
location_sludge,sludge,Location
location_timefreak,time_freak,Location
story_thetruestoryofthetheater,The True Story of the Theater,Story
story_rattlefacefever,Rattle-Face Fever,Story
location_medicine,medicine,Location
location_plaguepleasewait,plagueplease wait...,Location
story_toobright,Too Bright,Story
location_crappypastasuccessstoriespleasewait,crappypasta success storiesplease wait...,Location
story_clockworks,Clockworks,Story
story_kingdomofsuffering,Kingdom of Suffering,Story
location_china,china,Location
location_thephantomlibrarian,the phantom librarian,Location
story_palewhiteeyes,Pale White Eyes,Story
story_thenoisyportrait,The Noisy Portrait,Story
story_thelibrary,The Library,Story
story_henrysspecialday,Henry’s Special Day,Story
location_jessepicker,jesse picker,Location
story_thetruelegendoffridaythe13th,The True Legend of Friday The 13th,Story
location_fridaythe13th,friday the 13th,Location
location_october,october,Location
story_jenna,Jenna,Story
story_thelostchord,The Lost Chord,Story
story_thecabin,The Cabin,Story
story_building497,Building 497,Story
story_hymnofvalorcove,Hymn of Valor Cove,Story
story_afunnythinghappened,A Funny Thing Happened,Story
story_bluelightspecial,Blue Light Special,Story
story_creaking,Creaking,Story
story_trauma,Trauma,Story
story_theeye,The Eye,Story
story_thedyatlovpassincident,The Dyatlov Pass Incident,Story
story_rule34,Rule 34,Story
location_crimesofpassion,crimes of passion,Location
location_lust,lust,Location
location_memes,memes,Location
location_prostitutes,prostitutes,Location
story_everyonemydaughterlovesgoesmissing,Everyone My Daughter Loves Goes Missing,Story
story_imetsomeonewhomakesmefeelseasick,I Met Someone Who Makes Me Feel Seasick,Story
location_pond,pond,Location
story_nosuchthingasghosts,No Such Thing As Ghosts,Story
story_voices,Voices,Story
story_flash,Flash,Story
story_deadandburied,Dead and Buried,Story
story_smugglerscreek,Smuggler’s Creek,Story
location_pirates,pirates,Location
location_savnak,savnak,Location
story_washingtonsinconceivable,Washington’s Inconceivable,Story
story_thescreamingflail,The Screaming Flail,Story
story_theoldmanonthetape,The Old Man on the Tape,Story
story_darkwatyr,Darkwatyr,Story
story_therikatah,The Rikatah,Story
story_theblanketmonster,The Blanket Monster,Story
story_pigs,Pigs,Story
story_echosofdaffodils,Echos of Daffodils,Story
story_grimm,Grimm,Story
story_dontgointothewoods,Don’t Go Into the Woods,Story
story_books,Books,Story
story_temptingfate,Tempting Fate,Story
story_chocoholic,Chocoholic,Story
location_chocoholic,chocoholic,Location
location_chocolate,chocolate,Location
location_detective,detective,Location
story_chernobyl,Chernobyl,Story
story_intheend,In the End,Story
story_thechosenone,The Chosen One,Story
story_alldrivenintotheyearningarmsofamobolaa,All Driven Into The Yearning Arms Of Amobolaa,Story
story_eversion,Eversion,Story
location_josefkedwards,josef k. edwards,Location
story_thehouseonthekoppi,The House on the Koppi,Story
story_itsallinyourhead,It’s All in Your Head,Story
story_isleeptocommunicate,I Sleep to Communicate,Story
story_thewomb,The Womb,Story
story_candlecoveexperiencestalesofthelaughingstock,Candle Cove Experiences: Tales of the Laughingstock,Story
story_pitterpatter,Pitter Patter,Story
story_scribblingsinthewell,Scribblings In The Well,Story
story_thebananalady,The Banana Lady,Story
location_aemadden,a.e. madden,Location
location_unexpplained,unexpplained,Location
story_justyouraveragenight,Just Your Average Night,Story
story_hersilence,Her Silence,Story
location_cellphones,cell phones,Location
location_katcrain,kat crain,Location
location_mobilephones,mobile phones,Location
story_terminalc,Terminal C,Story
location_denver,denver,Location
location_seanheyboer,sean heyboer,Location
location_videotapespleasewait,videotapesplease wait...,Location
story_myfriendsnewsculpturesareunbelievablylifelike,My Friend’s New Sculptures Are Unbelievably Lifelike,Story
story_coldwindcoldearth,"Cold Wind, Cold Earth",Story
location_nativeamericans,native americans,Location
story_thesunnysidemurders,The Sunnyside Murders,Story
story_dontplaythepsychicknockgame,Don’t Play the Psychic Knock Game,Story
story_themanwhowasntthere,The Man Who Wasn’t There,Story
story_afunnykindofday,A Funny Kind Of Day,Story
story_themysteriouscaseofthenoirfamily,The Mysterious Case of The Noir Family,Story
location_deranged,deranged,Location
location_fbi,fbi,Location
location_homicide,homicide,Location
story_itbleeds,It Bleeds,Story
story_thebrimstoneconspiracy,The Brimstone Conspiracy,Story
story_theblackwoodsofbeaumontchase,The Black Woods of Beaumont Chase,Story
story_thescarieststoryever,The Scariest “Story” Ever,Story
story_snowday,Snow Day,Story
story_agameoftag,A Game of Tag,Story
story_backinfifteenminutes,Back in Fifteen Minutes,Story
story_wakingnightmares,Waking Nightmares,Story
story_thenightofjuly13,The Night of July 13,Story
story_revenantethan,Revenant: Ethan,Story
story_acandlecoveanecdote,A Candle Cove Anecdote,Story
location_bogleech,bogleech,Location
location_jonathanwojcik,jonathan wojcik,Location
story_luciddreamer,Lucid Dreamer,Story
story_whistling,Whistling,Story
location_fadingreminder,fadingreminder,Location
story_herworldpaintedblack,Her World Painted Black,Story
story_slithers,Slithers,Story
location_affliction,affliction,Location
location_skin,skin,Location
story_plasticfaces,Plastic Faces,Story
location_capgrasdelusionpleasewait,capgras delusionplease wait...,Location
story_suicideavihellpart1,Suicide.avi / Hell (Part 1),Story
location_georgehannapleasewait,george hannaplease wait...,Location
story_avisionofhell,A Vision of Hell,Story
story_scratch,Scratch,Story
story_creepyromance,Creepy Romance,Story
story_thenagainbutmaybenot,"Then Again, But Maybe Not",Story
story_ofdreamsandshadows,Of Dreams and Shadows,Story
story_host,Host,Story
story_alteramilitiaeinantichriste,Altera militiae in anti christe,Story
story_thelostpassenger,The Lost Passenger,Story
story_themissingvillage,The Missing Village,Story
story_awelllitplace,A Well-Lit Place,Story
story_somnambulant,Somnambulant,Story
story_mytriptocanada,My Trip to Canada,Story
story_disconnected,Disconnected,Story
story_facebookchat,Facebook Chat,Story
story_unit232,Unit 232,Story
story_theliliesarebleeding,The Lilies Are Bleeding,Story
story_nevermeetyournumberneighbor,Never Meet your Number Neighbor,Story
location_creepers,creepers,Location
location_fads,fads,Location
location_numberneighbors,number neighbors,Location
location_trends,trends,Location
location_viraltrends,viral trends,Location
story_thelasttaleofagrandmother,The Last Tale of a Grandmother,Story
location_familycurses,family curses,Location
location_impersonations,impersonations,Location
story_pivot,Pivot,Story
story_thewellintheforest,The Well in the Forest,Story
location_crashingcymbal,crashingcymbal,Location
story_intercession,Intercession,Story
story_thecreep,The Creep,Story
story_cancerstagingforbeginners,Cancer Staging for Beginners,Story
story_survivalofthefittest,Survival of the Fittest,Story
story_ohyouknowjustanothernightmare,"Oh, You Know, Just Another Nightmare",Story
story_sakonia,Sakonia,Story
story_wontyousharewithme,Won’t You Share With Me?,Story
story_lavendertownsyndrome,Lavender Town Syndrome,Story
story_witness,Witness,Story
location_knocking,knocking,Location
location_zacbenson,zac benson,Location
story_thevillage,The Village,Story
story_roommatetroubles,Roommate Troubles,Story
story_thelonelystars,The Lonely Stars,Story
story_sibilance,Sibilance,Story
story_justameaninglesscoincidence,Just A Meaningless Coincidence,Story
story_iheardthevoiceofgod,I Heard the Voice of God,Story
story_youshouldalwayswaituntilthenextday,You Should Always Wait Until The Next Day,Story
story_bogofwhispers,Bog of Whispers,Story
story_thisisntastory,This Isn’t A Story,Story
story_thecabal,The Cabal,Story
location_thesiliconlemmingpleasewait,the silicon lemmingplease wait...,Location
story_tlc,TLC,Story
story_theunbirth,The Unbirth,Story
story_hername,Her Name,Story
story_gaikao,Gai Kao,Story
story_fromdeepwithin,From Deep Within,Story
story_thebeginningsofatrulyhauntedhouse,The Beginnings of a Truly Haunted House,Story
story_southwing,South Wing,Story
location_bpaige,b. paige,Location
story_masks,Masks,Story
story_colwinscorner,Colwin’s Corner,Story
location_andreacarroll,andrea carroll,Location
location_kidsshows,kids shows,Location
location_snufffilms,snuff films,Location
story_thesignalman,The Signal-Man,Story
location_charlesdickens,charles dickens,Location
story_snap,Snap,Story
story_stillhere,Still Here,Story
story_thisisbutamemory,This is But a Memory,Story
location_comas,comas,Location
location_theonewhowalkedwithdeath,theonewhowalkedwithdeath,Location
story_ifyouseethisbuildingyourtimelinemightbeindanger,"If You See This Building, Your Timeline Might Be in Danger",Story
location_doomsday,doomsday,Location
location_grovewoodarchives,grovewoodarchives,Location
location_timelines,timelines,Location
story_oblivionscall,Oblivion’s Call,Story
story_thegirlinthedark,The Girl in the Dark,Story
story_whyiwillneverplaytheouijaboardagain,Why I will never play the Ouija board again.,Story
story_thetrackstonowhere,The Tracks to Nowhere,Story
story_thelights,The Lights,Story
story_thepeafarm,The Pea Farm,Story
story_theoath,The Oath,Story
story_dancingdead,Dancing Dead,Story
story_groupmind,Groupmind,Story
story_burnt,Burnt,Story
story_windowsandnotes,Windows and Notes,Story
story_ghosttrain,Ghost Train,Story
location_conductors,conductors,Location
location_engineers,engineers,Location
location_ghostsstories,ghosts stories,Location
location_hauntedplaces,haunted places,Location
location_locomotives,locomotives,Location
location_trainstations,train stations,Location
story_heskillingupthere,He’s Killing Up There,Story
location_comedians,comedians,Location
location_comedy,comedy,Location
location_comics,comics,Location
location_jokes,jokes,Location
location_standupcomedians,stand-up comedians,Location
location_standupcomedy,stand-up comedy,Location
story_myboyfriendinvestigatedastrangenoiseonhalloween,My Boyfriend Investigated A Strange Noise on Halloween,Story
story_shadowmen,Shadowmen,Story
story_thewhitewidowskindness,The White Widow’s Kindness,Story
story_fullofjoy,Full Of Joy,Story
story_theembersmellofwinter,The Ember Smell of Winter,Story
location_culture,culture,Location
location_maori,maori,Location
location_oliverdace,oliver dace,Location
story_mistersmiley,Mister Smiley,Story
location_trie,trie,Location
story_whispersfromthewoods,Whispers from the Woods,Story
location_imp,imp,Location
story_itcamebackinstead,It Came Back Instead,Story
story_gameboard,Game Board,Story
story_theautopsyofcoleryder,The Autopsy of Cole Ryder,Story
story_themind,The Mind,Story
story_thisisjustatest,This Is Just A Test,Story
story_whyiwillneverplayanothermariogame,Why I Will Never Play Another Mario Game,Story
story_personallyleonidilyitch,Personally Leonid Ilyitch,Story
story_thepuzzleball,The Puzzle Ball,Story
story_bewarethedarkfigure,Beware The Dark Figure,Story
story_mygirlfriendseyes,My Girlfriend’s Eyes,Story
story_wherethenightmaresgo,Where the Nightmares Go,Story
location_adamdavid,adam david,Location
story_normalworkplacebehavior,Normal Workplace Behavior,Story
location_work,work,Location
story_hole,Hole,Story
story_thesnapchatkiller,The Snapchat Killer,Story
location_serielkillerpleasewait,seriel killerplease wait...,Location
story_fromperthtodarwinaghoststory,From Perth to Darwin: A Ghost Story,Story
story_hunger,Hunger,Story
story_thewholetime,The Whole Time,Story
story_theintruder,The Intruder,Story
story_oldhagmadness,Old Hag Madness,Story
location_cockroaches,cockroaches,Location
location_shanemichaels,shane michaels,Location
story_ithoughtisawmyfutureselfasatimetraveler,I Thought I Saw My Future Self as a Time Traveler,Story
story_thebeckwithshow,The Beckwith Show,Story
location_steenastudio,steenastudio,Location
location_vintage,vintage,Location
story_ithinkimbeingfollowed,I Think I’m Being Followed,Story
location_behindallthefacades,behindallthefacades,Location
location_teenagers,teenagers,Location
story_thesecondcoming,The Second Coming,Story
story_day3381,Day 3381,Story
story_nobodysawitcoming,Nobody Saw It Coming,Story
story_hunimhome,"Hun, I’m Home",Story
story_thelikho,The Likho,Story
location_middleeastern,middle eastern,Location
story_theoldschoolnightnurse,The Old School Night Nurse,Story
story_thegraywomanofstockholm,The Gray Woman of Stockholm,Story
story_fastforward,Fast Forward,Story
story_zasphas,Zasphas,Story
story_thumpthumpdrag,"Thump, Thump… Drag.",Story
story_thewatchingwoods,The Watching Woods,Story
location_breakups,break-ups,Location
location_lazarushart,lazarus hart,Location
location_otherkin,otherkin,Location
location_vegans,vegans,Location
story_myhighschoolhadasecondbasement,My High School Had a Second Basement,Story
story_imdownstairs,I’m Downstairs,Story
story_thewraith,The Wraith,Story
story_fortunatelyunfortunate,Fortunately Unfortunate,Story
story_veryape,Very Ape,Story
story_averyspecialchristmassupper,A Very Special Christmas Supper,Story
story_thedismalmaw,The Dismal Maw,Story
location_hideandseek,hide and seek,Location
story_oceanicabsurdityanaccountofnauticalhorror,Oceanic Absurdity: An Account of Nautical Horror,Story
story_tropicalstormfay,Tropical Storm Fay,Story
story_thesorrowfulman,The Sorrowful Man,Story
story_atouchofhistory,A Touch of History,Story
story_thefugaviincidentadrakeblackwoodcasefile,The Fugavi Incident: A Drake Blackwood Case File,Story
story_themirrorbox,The Mirror Box,Story
story_graffitijoe,Graffiti Joe,Story
location_themysterywriter,the mystery writer,Location
location_witnesses,witnesses,Location
story_theconvention,The Convention,Story
story_faustianboxing,Faustian Boxing,Story
story_closetofskeletons,Closet of Skeletons,Story
story_unholyhour,Unholy Hour,Story
story_thenotebook,The Notebook,Story
story_desertbats,Desert Bats,Story
location_jarvisbchavez,jarvis b. chavez,Location
story_duolingo,Duolingo,Story
location_alexhamann,alex hamann,Location
location_foreignlanguages,foreign languages,Location
location_languages,languages,Location
story_returncartshere,Return Carts Here,Story
story_heavensfall,Heaven’s Fall,Story
story_oursecretpond,Our Secret Pond,Story
story_kiteflying,Kite-Flying,Story
story_theneurocranialexploits,The Neurocranial Exploits,Story
story_binarydna,Binary DNA,Story
story_thesmile,The Smile,Story
location_shadowfigure,shadow figure;,Location
story_freefromparanoia,Free from Paranoia,Story
story_secondchances,Second Chances,Story
story_shadowofthestorm,Shadow of the Storm,Story
story_amessageinabottle,A Message in a Bottle,Story
story_themaskofedwardmarquis,The Mask of Edward Marquis,Story
story_lostiphones,Lost iPhones,Story
story_chroniclesofthemark1thecrazyplace,Chronicles of the Mark #1: The Crazy Place,Story
story_pillow,Pillow,Story
story_null,Null,Story
story_debut,Debut,Story
story_thedayofalltheblood,The Day of All the Blood,Story
location_sharks,sharks,Location
story_mydoorbellkeepsringingandimtheonlyonethatcanhearit,My doorbell keeps ringing and I’m the only one that can hear it.,Story
story_tobefriendthediseased,To Befriend the Diseased,Story
story_tappycrowthecallingofthecrows,Tappy Crow: The Calling of the Crows,Story
story_aknockatthedoor,A Knock at the Door,Story
story_ewe,Ewe,Story
story_theflasher,The Flasher,Story
location_wspleasewait,w.s.please wait...,Location
story_thethinginthewindowillustratedcreepypasta,The Thing in the Window (Illustrated Creepypasta),Story
location_illustrated,illustrated,Location
location_illustrations,illustrations,Location
location_orangesoda,orange soda,Location
story_watchmenwoods,Watchmen Woods,Story
story_hereyougo,Here You Go,Story
story_eleventwentysix,Eleven Twenty-Six,Story
story_therootsofwewokacemetery,The Roots of Wewoka Cemetery,Story
location_graysamigina,gray samigina,Location
location_indians,indians,Location
location_oklahoma,oklahoma,Location
story_thefrenchtraveler,The French Traveler,Story
location_periodstoriespleasewait,period storiesplease wait...,Location
story_forestawaken,Forest Awaken,Story
story_wethoughtyouknew,We Thought You Knew,Story
story_adifferenttelevisionchannel,A Different Television Channel,Story
location_theories,theories,Location
story_thecorner,The Corner,Story
story_thedangersoffame,The Dangers of Fame,Story
story_madnessandmockingbirds,Madness and Mockingbirds,Story
location_chuckdonahue,chuck donahue,Location
story_thebeastwithfivefingers,The Beast with Five Fingers,Story
location_disembodiedhands,disembodied hands,Location
location_wfharvey,w. f. harvey,Location
story_theicecreamman,The Ice Cream Man,Story
location_icecream,ice cream,Location
location_icecreamman,ice cream man,Location
location_icecreamtruck,ice cream truck,Location
story_unused,Unused,Story
story_fogchildren,Fog Children,Story
story_predatorprey,Predator/Prey,Story
story_johnny,Johnny,Story
story_dontsleepfacingthemirror,Don’t Sleep Facing the Mirror,Story
story_leonczolgosz,Leon Czolgosz,Story
story_solitude,Solitude,Story
story_grammasteeth,Gramma’s Teeth,Story
location_derykartlen,deryk artlen,Location
story_themaninthewhitesuit,The Man in The White Suit,Story
story_theymostlycomeatnight,They Mostly Come at Night,Story
story_clipclop,Clip-Clop,Story
story_thebicyclestrip,The Bicycle’s Trip,Story
story_heiscomingback,He is Coming Back,Story
story_nightmaresarereality,Nightmares are Reality,Story
story_billnyethehorrorguy,Bill Nye the Horror Guy,Story
story_thefourthwish,The Fourth Wish,Story
story_hewhoshouldreallynotbenamedcandlejack,He Who Should Really Not Be Named (Candlejack),Story
story_slicesoflife,Slices of Life,Story
location_djvu,déjà vu,Location
location_drugtrips,drug trips,Location
location_salvia,salvia,Location
location_smokintuna,smokintuna,Location
location_tripreports,trip reports,Location
story_whencatfishinggoesbad,When Catfishing Goes Bad,Story
location_catfishing,catfishing,Location
story_thefirstnightofchristmasisforspecialpeople,The First Night of Christmas is for Special People,Story
location_dopabeane,dopabeane,Location
location_rachelebowman,rachele bowman,Location
story_dearfriend,Dear Friend,Story
story_nobodycanhelpmybrothernownotevengod,"Nobody Can Help My Brother Now, Not Even God",Story
story_unidentified,Unidentified,Story
story_latenightpizza,Late Night Pizza,Story
location_pizza,pizza,Location
story_deardiarygoodnight,"Dear Diary, Goodnight",Story
story_thecarrier,The Carrier,Story
story_chinesegraveyard,Chinese Graveyard,Story
location_graveyardspleasewait,graveyardsplease wait...,Location
story_autopsyautoplay,Autopsy Autoplay,Story
location_rtmaxim,r.t. maxim,Location
story_thetownthatbannedhalloween,The Town That Banned Halloween,Story
location_malcolmmacdonaldpleasewait,malcolm macdonaldplease wait...,Location
story_drippy,Drippy,Story
story_theothersideofthedoor,The Other Side Of The Door,Story
story_wheremonsterscomefrom,Where Monsters Come From,Story
story_thecustodian,The Custodian,Story
story_bot,Bot,Story
location_dcomptonambrose,d. compton ambrose,Location
location_singularity,singularity,Location
story_themaidenandthelostvillagers,The Maiden and the Lost Villagers,Story
story_incorporeal,Incorporeal,Story
story_touch,Touch,Story
story_phantasiaforest,Phantasia Forest,Story
story_armandaleg,Arm and a Leg,Story
story_wonderland,Wonderland,Story
location_wonderlandpleasewait,wonderlandplease wait...,Location
story_theholderofdemocracy,The Holder of Democracy,Story
story_thechurch,The Church,Story
story_thelightinthewindow,The Light in the Window,Story
story_thestoryoftimetravellingdad,The Story of Time-travelling Dad,Story
story_thedevilschamber,The Devil’s Chamber,Story
story_viewsofamurder,Views of a Murder,Story
story_movienight,Movie Night,Story
story_voiceofthewoods,Voice of the Woods,Story
story_lastwill,Last Will,Story
story_happythirtythirdbirthday,Happy Thirty-Third Birthday,Story
story_thesoundofsirens,The Sound of Sirens,Story
location_garethshore,gareth shore,Location
story_thebackrooms,The Backrooms,Story
location_backroomsmeme,back rooms meme,Location
location_backroomscreepypasta,backrooms creepypasta,Location
location_claykid12345,claykid12345,Location
location_hauntedbuildings,haunted buildings,Location
location_rooms,rooms,Location
location_thebackrooms,the back rooms,Location
location_thebackroomscreepypasta,the back rooms creepypasta,Location
story_adealwiththedevil,A Deal With The Devil,Story
story_walburtonpark,Walburton Park,Story
story_demonoftheoutback,Demon of the Outback,Story
story_thetrainman,The Train Man,Story
story_themodernessenes,The Modern Essenes,Story
story_theholloweyes,The Hollow Eyes,Story
location_scorch933,scorch933,Location
story_yvangela,Yvangela,Story
story_theyneedhelp,They Need Help,Story
location_calebwilkerson,caleb wilkerson,Location
location_medicalfacilities,medical facilities,Location
story_the12rules,The 12 Rules,Story
location_davidpointer,david pointer,Location
location_rulespleasewait,rulesplease wait...,Location
story_brash,(B)rash,Story
story_thewires,The Wires,Story
location_wirespleasewait,wiresplease wait...,Location
story_dreamsofblueishtears,Dreams of Blueish Tears,Story
story_oldmisserduck,Old Misser Duck,Story
story_oneyearlease,One Year Lease,Story
story_whitenoise,White Noise,Story
location_catshapedvoid,catshapedvoid,Location
story_therattlingcoin,The Rattling Coin,Story
location_stalker,stalker,Location
story_thesentencekneels,The Sentence Kneels,Story
story_thesootman,The Soot Man,Story
story_code,Code,Story
location_buildersinspectors,builders inspectors,Location
location_buildinginspection,building inspection,Location
location_inspections,inspections,Location
location_inspectors,inspectors,Location
location_jonthomas,jon thomas,Location
location_witchespleasewait,witchesplease wait...,Location
story_theriseandfall,The Rise and Fall,Story
story_freaknextdoor,Freak Next Door,Story
story_thegoodfather,The Good Father,Story
location_grigori,grigori,Location
location_religionpleasewait,religionplease wait...,Location
story_theuninvitedguest,The Uninvited Guest,Story
story_mrnogood,Mr. No-Good,Story
story_restraint,Restraint,Story
story_thecry,The Cry,Story
story_operationsnowblindness,Operation Snow Blindness,Story
story_grinner,Grinner,Story
story_reflect,Reflect,Story
story_theunopenablewoodenbox,The Unopenable Wooden Box,Story
location_heirloom,heirloom,Location
location_woodenbox,wooden box,Location
story_themoonlanding,"The Moon, Landing",Story
story_treeline,Treeline,Story
story_moths,Moths,Story
location_1000maskspleasewait,1000masksplease wait...,Location
story_onceyouknow,Once You Know…,Story
story_whatsinthedarkness,What’s in the Darkness?,Story
story_theunremarkableservicestation,The Unremarkable Service Station,Story
story_puttinganendtothepsychicknockgame,Putting an End to the Psychic Knock Game,Story
story_warnocksdilemma,Warnock’s Dilemma,Story
story_thegirlthewomanandthecreature,"The Girl, The Woman, and The Creature",Story
story_frominsideahumanzoo,From Inside a Human Zoo,Story
story_goodnightprecious,Goodnight Precious,Story
story_camellia,Camellia,Story
story_seeingreallyseeing,"Seeing, Really Seeing",Story
story_closer,Closer,Story
story_thehomelessman,The Homeless Man,Story
story_thejanitorskey,The Janitor’s Key,Story
story_thehouseofdisappearances,The House Of Disappearances,Story
story_observer,Observer,Story
story_thegallery,The Gallery,Story
story_onceagain,Once Again,Story
story_theoldlady,The Old Lady,Story
story_theywerelying,They Were Lying,Story
story_thehooflady,The Hoof Lady,Story
story_kaliyoga,Kali Yoga,Story
story_theotherelevator,The Other Elevator,Story
story_mysisterlovesminions,My Sister Loves Minions,Story
location_despicableme,despicable me,Location
location_famouscharacter,famous character,Location
location_matthewpruitt,matthew pruitt,Location
location_minions,minions,Location
story_630,6:30,Story
story_thesplendorman,The Splendor Man,Story
story_youngagain,Young Again,Story
story_trustme,Trust Me,Story
story_whyihatescarecrows,Why I Hate Scarecrows,Story
location_collegeparties,college parties,Location
location_collegestudents,college students,Location
location_disembowelment,disembowelment,Location
location_drinking,drinking,Location
location_drunkenness,drunkenness,Location
location_homeintrusions,home intrusions,Location
location_trespassers,trespassers,Location
location_trespassing,trespassing,Location
story_outofhell,Out of Hell,Story
location_depression,depression,Location
location_nihilism,nihilism,Location
location_optimism,optimism,Location
location_pessimism,pessimism,Location
story_thefacility,The Facility,Story
story_thebarrowwoman,The Barrow Woman,Story
story_nobodynocrimeacheeryholidaytale,"No Body, No Crime: A Cheery Holiday Tale",Story
location_seasonallyspookypleasewait,seasonally spookyplease wait...,Location
story_coldshoulder,Cold Shoulder,Story
story_theomnipotent,The Omnipotent,Story
story_justyourtypicalsaturdaynight,Just Your Typical Saturday Night,Story
story_slenderwoman,Slenderwoman,Story
story_altimahtei,Altimahtei,Story
story_greatwhales,Great Whales,Story
location_bridges,bridges,Location
location_iandownes,ian downes,Location
location_urbanlegendspleasewait,urban legendsplease wait...,Location
story_soldiersofmisfortune,Soldiers of Misfortune,Story
story_keepyourearphonesin,Keep Your Earphones In,Story
story_franksforest,Frank’s Forest,Story
story_thepianossong,The Piano’s Song,Story
story_thewaterfarmer,The Waterfarmer,Story
story_themandressedinblack,The Man Dressed In Black,Story
story_pleasecome,Please Come,Story
story_christmas1996,"Christmas, 1996",Story
location_1990s,1990s,Location
location_90s,90s,Location
location_jesserosenfeld,jesse rosenfeld,Location
location_retropasta,retropasta,Location
story_wefoundheavenanditwasempty,"We Found Heaven, and It Was Empty",Story
story_thesingingman,The Singing Man,Story
story_whatthewindblewin,What the Wind Blew In,Story
story_theshadow,The Shadow,Story
story_thelodge,The Lodge,Story
story_kagekao,KageKao,Story
location_japanese,japanese,Location
location_jinbeizamezama,jinbeizamezama,Location
story_aquavitae,Aqua Vitae,Story
story_purgatory,Purgatory,Story
story_withinhim,Within Him,Story
story_nonexistance,Nonexistance,Story
story_theshadowbeing,The Shadow Being,Story
story_roanoke,Roanoke,Story
story_hank,Hank,Story
story_therealtownofblanche,The Real Town of Blanche,Story
story_thecandlewent,The Candlewent,Story
location_candlewalkerpleasewait,candlewalkerplease wait...,Location
story_agermaphobesfirstlove,A Germaphobe’s First Love,Story
location_fears,fears,Location
location_germaphobes,germaphobes,Location
location_germaphobia,germaphobia,Location
location_germophobes,germophobes,Location
location_germophobia,germophobia,Location
location_marybueno,mary bueno,Location
story_justajoke,Just a Joke,Story
story_beach,Beach,Story
location_beaches,beaches,Location
story_at4amaweirdsuvstartedfollowingus,At 4 AM a Weird SUV Started Following Us,Story
location_carchases,car chases,Location
story_projection,Projection,Story
location_presence,presence,Location
location_selfreflection,self-reflection,Location
story_propane,Propane,Story
story_solarinfluence,Solar Influence,Story
story_theycamefromtheeast,They Came From the East,Story
story_theunderpass,The Underpass,Story
story_coalmines,Coal Mines,Story
story_thingschange,Things Change,Story
story_theorchardcemetary,The Orchard Cemetary,Story
story_thestaringdoll,The Staring Doll,Story
location_jackstryker,jack stryker,Location
location_sleepovers,sleepovers,Location
story_laura,Laura,Story
story_deadandgone,Dead and Gone,Story
location_automobileaccidents,automobile accidents,Location
location_carcrashes,car crashes,Location
location_markianderson,marki anderson,Location
location_phantomlimbsyndrome,phantom limb syndrome,Location
story_terminalvelocity,Terminal Velocity,Story
location_amelieclanglois,amelie c. langlois,Location
location_spacepleasewait,spaceplease wait...,Location
story_whereakidcanbeakid,Where A Kid Can Be A Kid,Story
location_arcades,arcades,Location
story_clublove,Club Love,Story
story_insideashadowiwrotethisdown,Inside a Shadow I Wrote This Down,Story
story_goodluck,Good Luck,Story
story_thesoftnowhere,The Soft Nowhere,Story
story_thelongnight,The Long Night,Story
story_theguide,The Guide,Story
story_jolenejolenejolenejolene,Jolene Jolene Jolene Jolene,Story
location_ashleyfranzholzmannpleasewait,ashley franz holzmannplease wait...,Location
story_molow,Molow,Story
story_childrenslaughter,Children’s Laughter,Story
story_theunmentionablebargain,The Unmentionable Bargain,Story
story_mymemoriesvanishedbeneaththeblacksand,My Memories Vanished Beneath The Black Sand,Story
story_wintertime,Winter Time,Story
story_anormalrestaurant,A Normal Restaurant,Story
story_afriendsfarewell,A Friend’s Farewell,Story
story_darkmatter,Dark Matter,Story
story_the,The,Story
story_todietosleep,"To Die, To Sleep",Story
story_hatman,Hatman,Story
story_thehouseguest,The Houseguest,Story
location_karaoconnor,kara oconnor,Location
story_thathouse,That House,Story
story_cigaretteswillkillyou,Cigarettes Will Kill You,Story
location_cigarettes,cigarettes,Location
location_marlboroman,marlboro man,Location
location_smoking,smoking,Location
story_arrayonechannelfour,Array One Channel Four,Story
story_camp22,Camp 22,Story
story_onehour,One Hour,Story
story_overburden,Overburden,Story
story_sleep,Sleep,Story
story_territorial,Territorial,Story
story_ballerina,Ballerina,Story
location_jimmyprancil,jimmy prancil,Location
story_accidentshappen,Accidents Happen,Story
location_orphanages,orphanages,Location
location_orphans,orphans,Location
story_henry,Henry,Story
location_danielgilmore,daniel gilmore,Location
location_hauntedschools,haunted schools,Location
story_indarknessshelives,In Darkness She Lives,Story
location_klara,klara,Location
story_agameaboutkansas,A Game About Kansas,Story
story_thetickingoftheclock,The Ticking of The Clock,Story
story_thetreesinger,The Tree Singer,Story
story_thetallmanwithyelloweyes,The Tall Man with Yellow Eyes,Story
story_atonement,Atonement,Story
story_arrogance,Arrogance,Story
story_thefreakshow,The Freak Show,Story
story_wefewaremany,We Few Are Many,Story
story_thehappiestchild,The Happiest Child,Story
location_wafflewednesdaypleasewait,waffle wednesdayplease wait...,Location
story_weisserdorf,Weisserdorf,Story
story_theprototype,The Prototype,Story
story_olfactory,Olfactory,Story
story_themomochallenge,The MOMO Challenge,Story
location_creepypastastories,Creepypasta Stories,Location
location_momo,momo,Location
location_momochallenge,momo challenge,Location
location_momocreepypasta,momo creepypasta,Location
location_themomochallenge,the momo challenge,Location
story_thelightsinpapasroom,The Lights in Papa’s Room,Story
location_jediry93,jediry_93,Location
location_poltergeists,poltergeists,Location
story_theressomethinglivinginthewallpaper,There’s Something Living in the Wallpaper,Story
story_nighthike,Night Hike,Story
story_kalhuzacan,Kalhuzacan,Story
story_permiankiller,Permian Killer,Story
location_gorgonopsidpermianhades,gorgonopsid permian hades,Location
story_myattemptattwosentencehorrorstories,(My Attempt at) Two-Sentence Horror Stories,Story
story_imnotafraidofthebasement,I’m Not Afraid of the Basement,Story
location_stuartcapperpot,stuart capperpot,Location
story_ninathekiller,Nina the Killer,Story
location_ninathekiller,nina the killer,Location
location_ninathekillercreepypasta,nina the killer creepypasta,Location
location_ninathekillertranslated,nina the killer translated,Location
location_translatedstories,translated stories,Location
story_thenopeekinggame,The No-Peeking Game,Story
story_keepsake,Keepsake,Story
story_stillclosed,Still Closed,Story
story_happyboy,Happy Boy,Story
location_bradysheets,brady sheets,Location
story_themoors,The Moors,Story
location_remorse,remorse,Location
story_yourenotgoingcrazy,You’re Not Going Crazy,Story
story_thepeopleintheattic,The People in the Attic,Story
story_tominoshell,Tomino’s Hell,Story
story_creamsiclehouse,Creamsicle House,Story
location_aemaddenpleasewait,a.e. maddenplease wait...,Location
story_spot,Spot,Story
story_aghoststory,A Ghost Story,Story
story_creepywoman,Creepy Woman,Story
location_desolate,desolate,Location
story_hammerandnails,Hammer and Nails,Story
story_mirrormirror,Mirror Mirror,Story
story_spiderland,Spiderland,Story
location_basedonsongs,based on songs,Location
story_takeadeepbreath,Take a Deep Breath,Story
story_whyexerciseisbadforyou,Why Exercise is Bad For You,Story
story_littlefingers,Little Fingers,Story
location_nuzzlebunny,nuzzlebunny,Location
story_theairbornegift,The Airborne Gift,Story
story_theloss,The Loss,Story
story_dragonsfire,Dragon’s Fire,Story
story_restless,Restless,Story
story_thefigtree,The Fig Tree,Story
story_deliveryboy,Delivery Boy,Story
story_sprawlitsdiscontents,Sprawl & its Discontents,Story
story_lessthanasecond,Less Than A Second,Story
story_cynthia,Cynthia,Story
story_thescratchman,The Scratch Man,Story
story_theyreherebecause,"They’re Here, Because…",Story
story_cellularphone,Cellular Phone,Story
story_thepropheticmonolith,The Prophetic Monolith,Story
story_floorzero,Floor Zero,Story
location_gabehulvey,gabe hulvey,Location
location_hallways,hallways,Location
story_secondlife,Second Life,Story
story_thehiker,The Hiker,Story
story_ghostsofyesteryearmugsygrey,Ghosts of Yesteryear: Mugsy Grey,Story
story_thevacation,The Vacation,Story
location_parodiespleasewait,parodiesplease wait...,Location
story_nicetomeetyou,Nice To Meet You,Story
story_anothermirrorstory,Another Mirror Story,Story
story_thechair,The Chair,Story
location_chair,chair,Location
location_invisibility,invisibility,Location
location_timedistortion,time distortion,Location
story_thevampiress,The Vampiress,Story
story_themessagewarning,The Message Warning,Story
story_them,Them,Story
story_thehoodedbeing,The Hooded Being,Story
story_mywifeiseatingmealive,My Wife Is Eating Me Alive,Story
story_someoneiskillingmytindermatches,Someone is Killing My Tinder Matches,Story
location_tinder,tinder,Location
story_theeyesoftwentytwo,The Eyes of Twenty-Two,Story
story_read,Read,Story
location_protection,protection,Location
story_themoonstaresback,The Moon Stares Back,Story
location_mythos,mythos,Location
story_bloodshoteyes,Bloodshot Eyes,Story
location_demise,demise,Location
location_mad,mad,Location
story_takeonme,Take On Me,Story
location_burning,burning,Location
location_chained,chained,Location
story_thetruthaboutlondon,The Truth about London,Story
story_remembertoturnthelightson,Remember to Turn the Lights On,Story
story_chameleon,Chameleon,Story
story_thenewyear,The New Year,Story
story_doctorcarneysthesis,Doctor Carney’s Thesis,Story
story_failedrituals,Failed Rituals,Story
story_reddunes,Red Dunes,Story
story_nanachan,Nana-Chan,Story
location_jordanlittle,jordan little,Location
story_isawmynameonthenewsasaprimemurdersuspect,I Saw My Name on the News as a Prime Murder Suspect,Story
story_onthebrink,On The Brink,Story
story_donkeylady,Donkey Lady,Story
location_modernmonstersseriespleasewait,modern monsters seriesplease wait...,Location
story_thehandsomesoldier,The Handsome Soldier,Story
story_lauren,Lauren,Story
story_brimmingvessels,Brimming Vessels,Story
story_keepthemaskon,Keep The Mask On,Story
story_amomentofhorror,A Moment of Horror,Story
story_colorindarkness,Color in Darkness,Story
story_puzzled,Puzzled,Story
story_helpneeded,Help Needed,Story
story_thewicked,The Wicked,Story
story_youarebeingtransferredtotheoperator,You Are Being Transferred To The Operator,Story
story_thelegendoficthosthanos,The Legend of Icthos Thanos,Story
story_thenewguardatsanquentinprisonisnthuman,The New Guard at San Quentin Prison Isn’t Human,Story
location_prisoners,prisoners,Location
location_stephenrgrey,stephen r. grey,Location
story_takeout,Take Out,Story
location_michaelfright,michael fright,Location
location_pizzadeliverystories,pizza delivery stories,Location
story_theintruders,The Intruders,Story
story_confession,Confession,Story
story_bluerobe,Blue Robe,Story
story_earlyfromwork,Early From Work,Story
story_annabee,Annabee,Story
story_cornfields,Corn Fields,Story
story_theorigin,The Origin…,Story
story_theforgottenvendingmachine,The Forgotten Vending Machine,Story
story_negativegate,Negative Gate,Story
story_maggotsinmymind,Maggots In My Mind,Story
location_auroraspiral,aurora spiral,Location
story_thefateofhumanity,The Fate of Humanity,Story
story_aprayertostrobert,A Prayer to St. Robert,Story
story_thepuppetmastersprayer,The Puppet Master’s Prayer,Story
story_corrections,Corrections,Story
story_aberration,Aberration,Story
location_diving,diving,Location
location_laboratories,laboratories,Location
location_labs,labs,Location
location_urbanexploration,urban exploration,Location
location_urbex,urbex,Location
story_letmetakeyourpicture,Let Me Take Your Picture,Story
location_cellphone,cell phone,Location
location_photo,photo,Location
location_picture,picture,Location
location_professionalsuccubus,professional succubus,Location
location_smartphone,smartphone,Location
story_andrew,Andrew,Story
story_victimofchanges,Victim of Changes,Story
story_standingwater,Standing Water,Story
story_thetoolbox,The Toolbox,Story
story_themeteor,The Meteor,Story
story_trashbag,Trash Bag,Story
story_whatareyoureallyafraidof,What Are You Really Afraid Of?,Story
story_eugenesyacht,Eugene’s Yacht,Story
story_mrkixxs,Mr. Kixxs,Story
story_grigori,Grigori,Story
story_thedepths,The Depths,Story
story_thedisappearanceofdavidlang,The Disappearance Of David Lang,Story
story_twentyfourth,Twenty-Fourth,Story
story_themagiciansgame,The Magician’s Game,Story
story_risingtides,Rising Tides,Story
story_darknessunfolds,Darkness Unfolds,Story
story_iusedaouijaboardtosummonufos,I Used a Ouija Board to Summon UFOs,Story
story_astrangevillage,A Strange Village,Story
story_nightnurse,Night Nurse,Story
location_wesleybaker,wesley baker,Location
story_thehikerslapse,The Hiker’s Lapse,Story
location_stefanjohnston,stefan johnston,Location
location_wildernesspleasewait,wildernessplease wait...,Location
story_iboughtavoodoodollonebay,I Bought a Voodoo Doll on Ebay,Story
location_doll,doll,Location
location_ebay,ebay,Location
location_voodoo,voodoo,Location
location_voodoodoll,voodoo doll,Location
location_withcraft,withcraft,Location
story_theclassifiedad,The Classified Ad,Story
story_thehazardsofdating,The Hazards of Dating,Story
story_mygrandmausedtolovebirds,My Grandma Used To Love Birds,Story
story_theysay,They Say,Story
story_mrscott,Mr. Scott,Story
story_findingmyself,Finding Myself,Story
story_rule86,Rule #86,Story
story_therealmonsters,The Real Monsters,Story
story_thelion,The Lion,Story
location_tlcarver,t.l. carver,Location
story_boundinblood,Bound in Blood,Story
story_virsilvae,Vir Silvae,Story
story_thesmoothblackstone,"The Smooth, Black Stone",Story
story_rugratstheory,Rugrats Theory,Story
location_rugrats,rugrats,Location
location_rugratstheorycreepypasta,rugrats theory creepypasta,Location
story_thecross,The Cross,Story
story_theremightbesomenoise,There Might Be Some Noise,Story
story_thedogstealer,The Dog Stealer,Story
story_thewalmartprophet,The Wal-Mart Prophet,Story
story_ghastlywarnings,Ghastly Warnings,Story
location_josephmenjivar,joseph menjivar,Location
story_dyinglight,Dying Light,Story
story_wear,Wear,Story
story_thelakeburtonstory,The Lake Burton Story,Story
story_themonkeyjonesmystery,The Monkey Jones Mystery,Story
location_tombeirne,tom beirne,Location
story_thedumfries,The Dumfries,Story
location_mrg,mrg,Location
story_theinventor,The Inventor,Story
story_thedarkwraith,The Dark Wraith,Story
story_hellofawaterbill,Hell Of A Water Bill,Story
story_allison,Allison,Story
story_explainthis,Explain This?,Story
story_noteofconfession,Note of Confession,Story
story_alovecraftiantalekhezuofthepeaks,A Lovecraftian Tale: Khezu of the Peaks,Story
story_achildhooddreamdestroyed,A Childhood Dream Destroyed,Story
story_lightbulbs,Light Bulbs,Story
story_howtosucceedinpublishingwithoutreallytrying,How to Succeed in Publishing Without Really Trying,Story
story_thewireman,The Wireman,Story
story_aquestionoffaith,A Question of Faith,Story
story_theshoppinglist,The Shopping List,Story
location_serialkillerspleasewait,serial killersplease wait...,Location
story_thestoryofthomashughes,The Story of Thomas Hughes,Story
story_thehillbeast,The Hill Beast,Story
story_themound,The Mound,Story
story_thesmileyman,The Smileyman,Story
story_wealldieintheend,We All Die In the End,Story
story_youaremysunshine,You Are My Sunshine,Story
story_alongdetour,A Long Detour,Story
story_houseofmirrors,House Of Mirrors,Story
story_theorchard,The Orchard,Story
story_thetruthaboutpeterpan,The Truth About Peter Pan,Story
location_badrabbit,badrabbit,Location
location_fairytales,fairytales,Location
location_masskillings,mass killings,Location
location_massmurders,mass murders,Location
location_neverland,neverland,Location
location_peterpan,peter pan,Location
location_tinkerbell,tinker bell,Location
story_thelaughingprophet,The Laughing Prophet,Story
location_prophet,prophet,Location
location_prophets,prophets,Location
story_auntiebernadette,Auntie Bernadette,Story
story_ashesinthelake,Ashes in the Lake,Story
story_thehorrorofhaddonfield,The Horror of Haddonfield,Story
story_metalhealth,Metal Health,Story
location_anxietydisorder,anxiety disorder,Location
location_cure,cure,Location
location_health,health,Location
story_suziecouldntgotothepartybecause,Suzie Couldn’t Go To The Party Because…,Story
story_shadowtrainerred,Shadow Trainer Red,Story
story_headphones,Headphones,Story
story_11nov,11-Nov,Story
story_allinthefamily,All in the Family,Story
location_abusiverelationships,abusive relationships,Location
location_brianwarner,brian warner,Location
location_doemsticabuse,doemstic abuse,Location
location_incest,incest,Location
location_marilynmanson,marilyn manson,Location
location_necrophilia,necrophilia,Location
location_necrophiliacs,necrophiliacs,Location
story_headaches,Headaches,Story
location_headaches,headaches,Location
location_madnesss,madnesss,Location
story_thebasementofsaintandrews,The Basement of Saint Andrews,Story
location_locationspleasewait,locationsplease wait...,Location
story_apartment701,Apartment 701,Story
story_thecage,The Cage,Story
location_cage,cage,Location
location_cell,cell,Location
location_roompleasewait,roomplease wait...,Location
story_southpawcomplex,Southpaw Complex,Story
story_thepeculiarpainting,The Peculiar Painting,Story
story_deletedsoftware,Deleted Software,Story
location_nahvis,nahvis,Location
story_greenhorn,Greenhorn,Story
story_sacrilege,Sacrilege,Story
story_again,Again,Story
story_theblooddonor,The Blood Donor,Story
story_thesquaw,The Squaw,Story
location_bramstoker,bram stoker,Location
story_nexttimeillsummonasmarterdemon,"Next Time, I’ll Summon a Smarter Demon",Story
location_pentagram,pentagram,Location
story_anordinaryday,An Ordinary Day,Story
story_ahotday,A Hot Day,Story
story_eyecontact,Eye Contact,Story
story_watchoutforthewaitwhat,"Watch Out For The… Wait, What?",Story
story_flatwoods,Flatwoods,Story
location_conspiracytheories,conspiracy theories,Location
story_knockknock,Knock Knock,Story
story_shed,Shed,Story
location_roan,roan,Location
story_placidityrow,Placidity Row,Story
story_pockets,Pockets,Story
story_thetheaterofcruelty,The Theater of Cruelty,Story
story_dotry,Do Try,Story
story_ipickedthewrongprofession,I Picked the Wrong Profession,Story
location_succubus,succubus,Location
story_theexpedition,The Expedition,Story
story_idroveouttothedesert,I Drove Out to the Desert,Story
story_graduation,Graduation,Story
story_themonsteriscoming,The Monster Is Coming,Story
story_rattles,Rattles,Story
story_thespiritofdevilscurb,The Spirit of Devil’s Curb,Story
location_clydefrog,clydefrog,Location
story_patientfiles,Patient Files,Story
story_triumphusdeimmaculata,Triumphus de Immaculata,Story
story_awalkinthedark,A Walk in the Dark,Story
story_maryhadalittlelamb,Mary Had a Little Lamb,Story
story_themailbox,The Mail Box,Story
story_lifeguard,Lifeguard,Story
story_whoismaryweatherworthandwhatisshedoinginyourmirror,Who is Mary Weatherworth and What is She Doing in Your Mirror?,Story
story_queenmab,Queen Mab,Story
location_emiliemagnuspleasewait,emilie magnusplease wait...,Location
story_bluemp3,Blue.mp3,Story
story_miasma,Miasma,Story
story_themostbeautifulthingintheworld,The Most Beautiful Thing In The World,Story
story_thefinalhourspartygirl,The Final Hours: Party Girl,Story
story_flowersforfiends,Flowers for Fiends,Story
story_themythofthebloodking,The Myth of the Blood King,Story
story_recording21a3,RECORDING 21A3,Story
story_repossession,Repossession,Story
story_theblackfigure,The Black Figure,Story
story_cairn,Cairn,Story
story_goodbyeedgarcollins,"Goodbye, Edgar Collins",Story
story_theswamp,The Swamp,Story
story_itsalmosttime,It’s Almost Time,Story
story_catchingup,Catching Up,Story
story_theblackwhiteslide,The Black & White Slide,Story
story_mystoganmountain,Mystogan Mountain,Story
story_somethingsshouldjustbe,Some Things Should Just Be,Story
story_theywhohavegone,They Who Have Gone,Story
story_theenigma,The Enigma,Story
story_isitdangerous,Is It Dangerous?,Story
story_whenraincomes,When Rain Comes,Story
story_amelia,Amelia,Story
story_ifoundahumantoothinmypocket,I Found a Human Tooth in My Pocket,Story
location_teeth,teeth,Location
location_thebluemovies,thebluemovies,Location
story_strangeandfearsomethings,Strange and Fearsome Things,Story
story_thesevensprings,The Seven Springs,Story
story_bluenightmare,Blue Nightmare,Story
location_proxy,proxy,Location
story_thegreatestdownfall,The Greatest Downfall,Story
story_systemic,Systemic,Story
story_takethefourthirtysix,Take the Four-Thirty Six,Story
story_theblacktabbycat,The Black Tabby Cat,Story
story_xenia,Xenia,Story
story_scientistslog,Scientist’s Log,Story
story_thecatwithhumanteeth,The Cat With Human Teeth,Story
story_brownspots,Brown Spots,Story
story_wordsinthedark,Words In The Dark,Story
story_inthebroadsense,In the Broad Sense,Story
story_thenightichosetoremember,The Night I Chose To Remember,Story
story_theringmaster,The Ringmaster,Story
story_vyksmouth,Vyksmouth,Story
story_anyfinalthoughts,Any Final Thoughts,Story
story_sunrise,Sunrise,Story
story_footprints,Footprints,Story
story_apparitionsfromthepast,Apparitions from the Past,Story
story_thecopymachine,The Copy Machine,Story
story_mamzer,Mamzer,Story
location_births,births,Location
story_systemicrisk,Systemic Risk,Story
story_core,Core,Story
story_paris,Paris,Story
story_mommydearest,Mommy Dearest,Story
location_craigslist,craigslist,Location
location_ianogrady,ian o’grady,Location
location_inventions,inventions,Location
location_inventors,inventors,Location
location_nannies,nannies,Location
story_ninesince,Nine Since,Story
location_andrewtheawesome,andrew the awesome,Location
story_thefeeling,The Feeling,Story
story_thedarkcity,The Dark City,Story
story_theceremony,The Ceremony,Story
location_ceremonies,ceremonies,Location
location_kyriakoschalkopoulos,kyriakos chalkopoulos,Location
story_concerningthemasquerade,Concerning the Masquerade,Story
location_canada,canada,Location
location_missingpersonspleasewait,missing personsplease wait...,Location
story_thehowlinthedarkness,The Howl in the Darkness,Story
story_thepowerofbelief,The Power of Belief,Story
story_carnival,Carnival,Story
story_chills,Chills,Story
story_anuninvitedguest,An Uninvited Guest,Story
location_therenalisterpleasewait,therenalisterplease wait...,Location
story_spiritsofthecaribbeanvwayajeodiab,Spirits of The Caribbean – Vwayaje O Diab,Story
story_16choices,16 Choices,Story
story_talesfromportland,Tales From Port-land,Story
location_audiotapes,audio tapes,Location
location_broadcasts,broadcasts,Location
location_coco,coco,Location
location_radioshows,radio shows,Location
location_transmissions,transmissions,Location
story_seventimes,Seven Times,Story
story_agirlatvalestation,A Girl at Vale Station,Story
story_margarine,Margarine,Story
story_modernmonsterfrankenstein,Modern Monster: Frankenstein,Story
story_deathisnear,Death is Near,Story
story_ahollowrealization,A Hollow Realization,Story
story_eternaldream,Eternal Dream,Story
story_aeternamtenebrae,Aeternam Tenebrae,Story
story_theluckyone,The Lucky One,Story
location_mooddisorders,mood disorders,Location
location_personalities,personalities,Location
story_groundcontroltomajortom,Ground Control to Major Tom,Story
story_thescreamingwoman,The Screaming Woman,Story
story_thehauntedmarotte,The Haunted Marotte,Story
story_the50srestaurant,The 50’s Restaurant,Story
story_thedeepestfear,The Deepest Fear,Story
story_maskofmokembu,Mask of Mokembu,Story
story_frozenrelease,Frozen Release,Story
story_truthordare,Truth or Dare,Story
story_nevertrustthequietones,Never Trust the Quiet Ones,Story
story_thehum,The Hum,Story
story_thecarnival,The Carnival,Story
location_ringmasterpleasewait,ringmasterplease wait...,Location
story_bones,Bones,Story
story_shadows,Shadows,Story
story_theeverburninglightbulb,The Ever-Burning Light Bulb,Story
story_thelotterynumber,The Lottery Number,Story
story_thepregnancy,The Pregnancy,Story
story_ryuk,Ryuk,Story
story_thebreadbox,The Bread Box,Story
story_theantarcticbar,The Antarctic Bar,Story
story_thedarkgrove,The Dark Grove,Story
story_alovingruination,A Loving Ruination,Story
story_thepriceisright,The Price is Right,Story
story_darkradiance,Dark Radiance,Story
story_werewolfears,Werewolf Ears,Story
location_barbers,barbers,Location
location_barbershops,barbershops,Location
location_gross,gross,Location
location_kolpik,kolpik,Location
story_creepypastawithasideofsauce,Creepy Pasta With A Side Of Sauce,Story
story_thebelgiantribe,The Belgian Tribe,Story
story_paleandafraid,Pale and Afraid,Story
story_thehorrorsection,The Horror Section,Story
story_itcomesfromthedark,It Comes From the Dark,Story
location_nyctophobiapleasewait,nyctophobiaplease wait...,Location
story_amicrazy,Am I Crazy?,Story
story_thesoup,The Soup,Story
story_lashes,(L)ashes,Story
story_theprophecyofzarah,The Prophecy of Zarah,Story
story_maximilianschfer,Maximilian Schäfer,Story
location_maximilianschfer,maximilian schäfer,Location
story_guests,Guests,Story
story_allhewants,All He Wants,Story
story_aboyinamichaelmyersmask,A Boy in a Michael Myers Mask,Story
story_thebethesdacult,The Bethesda Cult,Story
location_bethesda,bethesda,Location
location_e3,e3,Location
location_fallout4,fallout 4,Location
location_skyrim,skyrim,Location
location_toddhoward,todd howard,Location
story_arecipeforsuccess,A Recipe For Success,Story
story_drive,Drive,Story
location_nervousness,nervousness,Location
location_whispersinthedark,whispers in the dark,Location
story_dont,Don’t,Story
story_quietacres,Quiet Acres,Story
story_nemi,Nemi,Story
story_zerosum,Zero Sum,Story
location_armedrobberies,armed robberies,Location
location_banks,banks,Location
story_tragedyattuckahoelake,Tragedy at Tuckahoe Lake,Story
story_brainstorm,Brainstorm,Story
story_bonedust,Bone Dust,Story
location_twin,twin,Location
story_indignation,Indignation,Story
story_thegurgling,The Gurgling,Story
story_behindcloseddoors,Behind Closed Doors,Story
location_hauntedhallways,haunted hallways,Location
location_jhoanatmerinomartinez,jhoana t. merino martinez,Location
story_evilisnotatoy,Evil is Not a Toy,Story
story_thescsitemple,The SCSI Temple,Story
story_themurderofinnocence,The Murder Of Innocence,Story
story_thethreshold,The Threshold,Story
location_dimensions,dimensions,Location
location_intense,intense,Location
location_transformation,transformation,Location
story_mysistertheartist,"My Sister, The Artist",Story
story_theledge,The Ledge,Story
story_thetracing,The Tracing,Story
story_momentarydiscomfort,Momentary Discomfort,Story
story_memorylane,Memory Lane,Story
story_dinner,Dinner,Story
story_whowasphone,Who Was Phone?,Story
location_crappypasta,crappypasta,Location
location_whowasphonecreepypasta,who was phone creepypasta,Location
location_whowasphoneoriginal,who was phone original,Location
location_whowasphoneoriginalstory,who was phone original story,Location
location_whowasphonestory,who was phone story,Location
story_positivelywrithing,Positively Writhing,Story
story_santasotherworkshop,Santa’s Other Workshop,Story
story_seinfeldlostepisodethemason,Seinfeld Lost Episode: The Mason,Story
location_freemasonry,freemasonry,Location
location_freemasons,freemasons,Location
location_jerryseinfeld,jerry seinfeld,Location
location_masons,masons,Location
location_secretsocieties,secret societies,Location
location_seinfeld,seinfeld,Location
story_thedestinydeterminer,The Destiny Determiner,Story
story_thelastthingyouremember,The Last Thing You Remember,Story
story_iremember,I Remember,Story
location_atmospheric,atmospheric,Location
location_cabin,cabin,Location
location_iremember,i remember,Location
story_thesoftplaces,The Soft Places,Story
story_whyikilledmyfather,Why I Killed My Father,Story
story_themovietheatre,The Movie Theatre,Story
story_thenewyearburning,The New Year Burning,Story
story_thesumi,The Sumi,Story
story_darkredemption,Dark Redemption,Story
story_thexrayglasses,The X-Ray Glasses,Story
story_thetattoo,The Tattoo,Story
story_everest,Everest,Story
story_theeyeofthestorm,The Eye of the Storm,Story
story_afriendlyphonenumber,A Friendly Phone Number,Story
story_anniversary,Anniversary,Story
story_mrentropy,Mr. Entropy,Story
story_oblivion,Oblivion,Story
story_thevalentinehouse,The Valentine House,Story
location_maikodekun,maikode-kun,Location
story_thegardenofsecrets,The Garden of Secrets,Story
story_socold,So Cold,Story
story_thebeastofhannit,The Beast of Hannit,Story
story_surprise,Surprise,Story
story_prime,Prime,Story
story_theobserver,The Observer,Story
story_mrstrangeteeth,Mr. Strangeteeth,Story
story_themusicbox,The Music Box,Story
story_thenameofone,The Name of One,Story
story_inwhichadoorislocked,In which a door is locked,Story
story_thedoorway,The Doorway,Story
story_lostandalone,Lost and Alone,Story
location_adamdavidpleasewait,adam davidplease wait...,Location
story_thescarlettenvelope,The Scarlett Envelope,Story
story_themire,The Mire,Story
story_knocks,Knocks,Story
story_somethingiscomingtogetme,Something is Coming to Get Me,Story
location_anxietyattacks,anxiety attacks,Location
location_panicattacks,panic attacks,Location
location_thomasjsotvedtpleasewait,thomas j. sotvedtplease wait...,Location
story_theonieronauts,The Onieronauts,Story
story_dontbeafraid,Don’t Be Afraid,Story
story_stairsteps,Stair Steps,Story
story_somethingswrong,Something’s Wrong,Story
story_thebelievers,The Believers,Story
story_cinema,Cinema,Story
location_academies,academies,Location
story_asilentreminder,A Silent Reminder,Story
story_tribunal,Tribunal,Story
location_richardwelch,richard welch,Location
location_vengeancepleasewait,vengeanceplease wait...,Location
story_youfindyourselfinatunnel,You Find Yourself in a Tunnel,Story
location_secondperson,second person,Location
location_tunnel,tunnel,Location
story_aquarkinseasofblackinfinity,A Quark in Seas of Black Infinity,Story
location_arlabaere,a.r. labaere,Location
story_smallworld,Small World,Story
story_ancestralmemories,Ancestral Memories,Story
story_spreadingtheword,Spreading the Word,Story
story_sand,Sand,Story
